{
"type": "FeatureCollection",
"name": "Intersections",
"crs": { "type": "name", "properties": { "name": "urn:ogc:def:crs:OGC:1.3:CRS84" } },
"features": [
{ "type": "Feature", "properties": { "OBJECTID": 691, "StreetName1": "BALFOUR AVE", "StreetName2": "BALFOUR PL", "Intersection": "BALFOUR PL & BALFOUR AVE", "Jurisdiction": "COV", "POINT_X": 471463.04970000032, "POINT_Y": 5365733.3227999993 }, "geometry": { "type": "MultiPoint", "coordinates": [ [ -123.385894865819836, 48.444100216652672 ] ] } },
{ "type": "Feature", "properties": { "OBJECTID": 692, "StreetName1": "AVEBURY AVE", "StreetName2": "BAY ST", "Intersection": "BAY ST & AVEBURY AVE", "Jurisdiction": "COV", "POINT_X": 474679.2763, "POINT_Y": 5364636.973 }, "geometry": { "type": "MultiPoint", "coordinates": [ [ -123.342339283973686, 48.434374696498402 ] ] } },
{ "type": "Feature", "properties": { "OBJECTID": 693, "StreetName1": "ASQUITH ST", "StreetName2": "BAY ST", "Intersection": "BAY ST & ASQUITH ST", "Jurisdiction": "COV", "POINT_X": 474777.7873, "POINT_Y": 5364628.2443000004 }, "geometry": { "type": "MultiPoint", "coordinates": [ [ -123.341006961216081, 48.43430012428724 ] ] } },
{ "type": "Feature", "properties": { "OBJECTID": 694, "StreetName1": "ASHGROVE ST", "StreetName2": "BEGBIE ST", "Intersection": "BEGBIE ST & ASHGROVE ST", "Jurisdiction": "COV", "POINT_X": 475396.8060999997, "POINT_Y": 5364221.6929000001 }, "geometry": { "type": "MultiPoint", "coordinates": [ [ -123.332614410181833, 48.430667137602008 ] ] } },
{ "type": "Feature", "properties": { "OBJECTID": 695, "StreetName1": "BAY ST", "StreetName2": "BELMONT AVE", "Intersection": "BELMONT AVE & BAY ST", "Jurisdiction": "COV", "POINT_X": 474872.07984999963, "POINT_Y": 5364620.9691000003 }, "geometry": { "type": "MultiPoint", "coordinates": [ [ -123.339837357480476, 48.434243559390389 ], [ -123.339626161901052, 48.434233329473749 ] ] } },
{ "type": "Feature", "properties": { "OBJECTID": 696, "StreetName1": "BEGBIE ST", "StreetName2": "BELMONT AVE", "Intersection": "BELMONT AVE & BEGBIE ST", "Jurisdiction": "COV", "POINT_X": 474944.64290000033, "POINT_Y": 5363971.7279000003 }, "geometry": { "type": "MultiPoint", "coordinates": [ [ -123.338711941545583, 48.428400534017079 ] ] } },
{ "type": "Feature", "properties": { "OBJECTID": 697, "StreetName1": "ALPHA ST", "StreetName2": "BETA ST", "Intersection": "BETA ST & ALPHA ST", "Jurisdiction": "COV", "POINT_X": 472131.08629999962, "POINT_Y": 5366010.531 }, "geometry": { "type": "MultiPoint", "coordinates": [ [ -123.376880259433378, 48.446623997880486 ] ] } },
{ "type": "Feature", "properties": { "OBJECTID": 698, "StreetName1": "ARTHUR AVE", "StreetName2": "BLACKWOOD ST", "Intersection": "BLACKWOOD ST & ARTHUR AVE", "Jurisdiction": "COV", "POINT_X": 473751.0729, "POINT_Y": 5365709.2820999995 }, "geometry": { "type": "MultiPoint", "coordinates": [ [ -123.3549551070886, 48.44398352245306 ] ] } },
{ "type": "Feature", "properties": { "OBJECTID": 699, "StreetName1": "BASIL AVE", "StreetName2": "BLACKWOOD ST", "Intersection": "BLACKWOOD ST & BASIL AVE", "Jurisdiction": "COV", "POINT_X": 473816.04050000012, "POINT_Y": 5365363.9363000002 }, "geometry": { "type": "MultiPoint", "coordinates": [ [ -123.354055034978259, 48.440879387321075 ] ] } },
{ "type": "Feature", "properties": { "OBJECTID": 700, "StreetName1": "ACADEMY CLOSE", "StreetName2": "BLANSHARD ST", "Intersection": "BLANSHARD ST & ACADEMY CLOSE", "Jurisdiction": "COV", "POINT_X": 472980.5505, "POINT_Y": 5362956.3784999996 }, "geometry": { "type": "MultiPoint", "coordinates": [ [ -123.365196439070019, 48.41918489728809 ] ] } },
{ "type": "Feature", "properties": { "OBJECTID": 701, "StreetName1": "BELLEVILLE ST", "StreetName2": "BLANSHARD ST", "Intersection": "BLANSHARD ST & BELLEVILLE ST", "Jurisdiction": "COV", "POINT_X": 473031.9104000004, "POINT_Y": 5363030.8723000009 }, "geometry": { "type": "MultiPoint", "coordinates": [ [ -123.364507090313168, 48.419857270151518 ] ] } },
{ "type": "Feature", "properties": { "OBJECTID": 702, "StreetName1": "BAY ST", "StreetName2": "BLANSHARD ST", "Intersection": "BLANSHARD ST & BAY ST", "Jurisdiction": "COV", "POINT_X": 473171.001, "POINT_Y": 5364775.175449999 }, "geometry": { "type": "MultiPoint", "coordinates": [ [ -123.362841556320433, 48.435561156230342 ], [ -123.362636215201363, 48.435549932573437 ] ] } },
{ "type": "Feature", "properties": { "OBJECTID": 703, "StreetName1": "AMPHION ST", "StreetName2": "BOURCHIER ST", "Intersection": "BOURCHIER ST & AMPHION ST", "Jurisdiction": "COV", "POINT_X": 476053.75150000025, "POINT_Y": 5364165.6399000008 }, "geometry": { "type": "MultiPoint", "coordinates": [ [ -123.323730413725428, 48.430188190454707 ] ] } },
{ "type": "Feature", "properties": { "OBJECTID": 704, "StreetName1": "BERWICK ST", "StreetName2": "BOYD ST", "Intersection": "BOYD ST & BERWICK ST", "Jurisdiction": "COV", "POINT_X": 471992.12679999974, "POINT_Y": 5362422.0559 }, "geometry": { "type": "MultiPoint", "coordinates": [ [ -123.378519493528458, 48.414334779898979 ] ] } },
{ "type": "Feature", "properties": { "OBJECTID": 705, "StreetName1": "BAY ST", "StreetName2": "BRIDGE ST", "Intersection": "BRIDGE ST & BAY ST", "Jurisdiction": "COV", "POINT_X": 472440.324, "POINT_Y": 5364763.5870999992 }, "geometry": { "type": "MultiPoint", "coordinates": [ [ -123.372616544180161, 48.435419730213169 ] ] } },
{ "type": "Feature", "properties": { "OBJECTID": 706, "StreetName1": "ARBUTUS WAY", "StreetName2": "BRIDGE WAY", "Intersection": "BRIDGE WAY & ARBUTUS WAY", "Jurisdiction": "COV", "POINT_X": 473088.06659999955, "POINT_Y": 5362389.1137000006 }, "geometry": { "type": "MultiPoint", "coordinates": [ [ -123.363706933025853, 48.414086186559167 ] ] } },
{ "type": "Feature", "properties": { "OBJECTID": 707, "StreetName1": "BANK ST", "StreetName2": "BRIGHTON AVE", "Intersection": "BRIGHTON AVE & BANK ST", "Jurisdiction": "COV", "POINT_X": 475664.66150000039, "POINT_Y": 5363501.2303 }, "geometry": { "type": "MultiPoint", "coordinates": [ [ -123.328951626101102, 48.424196000577922 ] ] } },
{ "type": "Feature", "properties": { "OBJECTID": 708, "StreetName1": "AMPHION ST", "StreetName2": "BRIGHTON AVE", "Intersection": "BRIGHTON AVE & AMPHION ST", "Jurisdiction": "COV", "POINT_X": 476078.55169999972, "POINT_Y": 5363498.736 }, "geometry": { "type": "MultiPoint", "coordinates": [ [ -123.323357096300455, 48.424189417226543 ] ] } },
{ "type": "Feature", "properties": { "OBJECTID": 709, "StreetName1": "AMPHION ST", "StreetName2": "BRIGHTON CRES", "Intersection": "BRIGHTON CRES & AMPHION ST", "Jurisdiction": "COV", "POINT_X": 476078.55169999972, "POINT_Y": 5363498.736 }, "geometry": { "type": "MultiPoint", "coordinates": [ [ -123.323357096300455, 48.424189417226543 ] ] } },
{ "type": "Feature", "properties": { "OBJECTID": 710, "StreetName1": "ARNOLD AVE", "StreetName2": "BROOKE ST", "Intersection": "BROOKE ST & ARNOLD AVE", "Jurisdiction": "COV", "POINT_X": 474755.99380000029, "POINT_Y": 5362425.4934 }, "geometry": { "type": "MultiPoint", "coordinates": [ [ -123.34116894052562, 48.414482509516439 ] ] } },
{ "type": "Feature", "properties": { "OBJECTID": 711, "StreetName1": "BROAD ST", "StreetName2": "BROUGHTON ST", "Intersection": "BROUGHTON ST & BROAD ST", "Jurisdiction": "COV", "POINT_X": 472873.7676, "POINT_Y": 5363501.4912 }, "geometry": { "type": "MultiPoint", "coordinates": [ [ -123.366674902012775, 48.424084327295034 ] ] } },
{ "type": "Feature", "properties": { "OBJECTID": 712, "StreetName1": "BLANSHARD ST", "StreetName2": "BROUGHTON ST", "Intersection": "BROUGHTON ST & BLANSHARD ST", "Jurisdiction": "COV", "POINT_X": 473166.32660000026, "POINT_Y": 5363435.3911000006 }, "geometry": { "type": "MultiPoint", "coordinates": [ [ -123.362716293305823, 48.423502200816486 ] ] } },
{ "type": "Feature", "properties": { "OBJECTID": 713, "StreetName1": "BLANSHARD ST", "StreetName2": "BURDETT AVE", "Intersection": "BURDETT AVE & BLANSHARD ST", "Jurisdiction": "COV", "POINT_X": 473137.43549999967, "POINT_Y": 5363265.6907000002 }, "geometry": { "type": "MultiPoint", "coordinates": [ [ -123.363095921992169, 48.421974286421374 ] ] } },
{ "type": "Feature", "properties": { "OBJECTID": 714, "StreetName1": "BALFOUR AVE", "StreetName2": "BURNSIDE RD E", "Intersection": "BURNSIDE RD E & BALFOUR AVE", "Jurisdiction": "COV", "POINT_X": 471721.22620000038, "POINT_Y": 5366206.5654000007 }, "geometry": { "type": "MultiPoint", "coordinates": [ [ -123.382435820056202, 48.448369295240489 ] ] } },
{ "type": "Feature", "properties": { "OBJECTID": 715, "StreetName1": "ALPHA TERR", "StreetName2": "BURNSIDE RD E", "Intersection": "BURNSIDE RD E & ALPHA TERR", "Jurisdiction": "COV", "POINT_X": 471984.724, "POINT_Y": 5366006.3 }, "geometry": { "type": "MultiPoint", "coordinates": [ [ -123.378859156195688, 48.446579436073669 ] ] } },
{ "type": "Feature", "properties": { "OBJECTID": 716, "StreetName1": "ALPHA ST", "StreetName2": "BURNSIDE RD E", "Intersection": "BURNSIDE RD E & ALPHA ST", "Jurisdiction": "COV", "POINT_X": 472078.01070000045, "POINT_Y": 5365937.9158999994 }, "geometry": { "type": "MultiPoint", "coordinates": [ [ -123.377593130087746, 48.445968378730093 ] ] } },
{ "type": "Feature", "properties": { "OBJECTID": 717, "StreetName1": "BLANSHARD ST", "StreetName2": "CALEDONIA AVE", "Intersection": "CALEDONIA AVE & BLANSHARD ST", "Jurisdiction": "COV", "POINT_X": 473237.05465000012, "POINT_Y": 5364275.7683499996 }, "geometry": { "type": "MultiPoint", "coordinates": [ [ -123.362050564988081, 48.43112782146023 ], [ -123.361757453686536, 48.431070232530281 ], [ -123.361577374687144, 48.431003230945592 ] ] } },
{ "type": "Feature", "properties": { "OBJECTID": 718, "StreetName1": "BALMORAL RD", "StreetName2": "CAMOSUN ST", "Intersection": "CAMOSUN ST & BALMORAL RD", "Jurisdiction": "COV", "POINT_X": 474334.8098, "POINT_Y": 5363912.2223000005 }, "geometry": { "type": "MultiPoint", "coordinates": [ [ -123.346951829033557, 48.427840641553104 ] ] } },
{ "type": "Feature", "properties": { "OBJECTID": 719, "StreetName1": "BURNSIDE RD E", "StreetName2": "CARROLL ST", "Intersection": "CARROLL ST & BURNSIDE RD E", "Jurisdiction": "COV", "POINT_X": 471808.18439999968, "POINT_Y": 5366139.8167000003 }, "geometry": { "type": "MultiPoint", "coordinates": [ [ -123.381255395614801, 48.447772706708861 ] ] } },
{ "type": "Feature", "properties": { "OBJECTID": 720, "StreetName1": "BELLA ST", "StreetName2": "CATHERINE ST", "Intersection": "CATHERINE ST & BELLA ST", "Jurisdiction": "COV", "POINT_X": 471538.78430000041, "POINT_Y": 5364636.3975000009 }, "geometry": { "type": "MultiPoint", "coordinates": [ [ -123.384796261578572, 48.43423538361435 ] ] } },
{ "type": "Feature", "properties": { "OBJECTID": 721, "StreetName1": "BAY ST", "StreetName2": "CATHERINE ST", "Intersection": "CATHERINE ST & BAY ST", "Jurisdiction": "COV", "POINT_X": 471541.38030000031, "POINT_Y": 5364268.8452000003 }, "geometry": { "type": "MultiPoint", "coordinates": [ [ -123.384736201634482, 48.430928888608548 ] ] } },
{ "type": "Feature", "properties": { "OBJECTID": 722, "StreetName1": "BAY ST", "StreetName2": "CEDAR HILL RD", "Intersection": "CEDAR HILL RD & BAY ST", "Jurisdiction": "COV", "POINT_X": 474287.1456000004, "POINT_Y": 5364671.3845000006 }, "geometry": { "type": "MultiPoint", "coordinates": [ [ -123.347642715720212, 48.434668381275124 ] ] } },
{ "type": "Feature", "properties": { "OBJECTID": 723, "StreetName1": "ACTON ST", "StreetName2": "CEDAR HILL RD", "Intersection": "CEDAR HILL RD & ACTON ST", "Jurisdiction": "COV", "POINT_X": 474450.44149999972, "POINT_Y": 5365151.2107999995 }, "geometry": { "type": "MultiPoint", "coordinates": [ [ -123.34546432736262, 48.438991708381444 ] ] } },
{ "type": "Feature", "properties": { "OBJECTID": 724, "StreetName1": "BRIGHTON AVE", "StreetName2": "CHAMBERLAIN ST", "Intersection": "CHAMBERLAIN ST & BRIGHTON AVE", "Jurisdiction": "COV", "POINT_X": 475816.5685000001, "POINT_Y": 5363500.4466999993 }, "geometry": { "type": "MultiPoint", "coordinates": [ [ -123.326898315602094, 48.424194802233785 ] ] } },
{ "type": "Feature", "properties": { "OBJECTID": 725, "StreetName1": "BALMORAL RD", "StreetName2": "CHAMBERS ST", "Intersection": "CHAMBERS ST & BALMORAL RD", "Jurisdiction": "COV", "POINT_X": 474094.28360000014, "POINT_Y": 5363950.2556000007 }, "geometry": { "type": "MultiPoint", "coordinates": [ [ -123.35022384837994, 48.428017999010216 ], [ -123.350187151609248, 48.428327908144176 ] ] } },
{ "type": "Feature", "properties": { "OBJECTID": 726, "StreetName1": "CALEDONIA AVE", "StreetName2": "CHAMBERS ST", "Intersection": "CHAMBERS ST & CALEDONIA AVE", "Jurisdiction": "COV", "POINT_X": 474114.2654, "POINT_Y": 5364185.0351 }, "geometry": { "type": "MultiPoint", "coordinates": [ [ -123.349949895698003, 48.430285932584674 ] ] } },
{ "type": "Feature", "properties": { "OBJECTID": 727, "StreetName1": "BAY ST", "StreetName2": "CHAMBERS ST", "Intersection": "CHAMBERS ST & BAY ST", "Jurisdiction": "COV", "POINT_X": 474162.42939999979, "POINT_Y": 5364687.9836999997 }, "geometry": { "type": "MultiPoint", "coordinates": [ [ -123.349329820356274, 48.434812607380771 ] ] } },
{ "type": "Feature", "properties": { "OBJECTID": 728, "StreetName1": "CALEDONIA AVE", "StreetName2": "CHATHAM ST", "Intersection": "CHATHAM ST & CALEDONIA AVE", "Jurisdiction": "COV", "POINT_X": 473035.50189999957, "POINT_Y": 5364280.6393 }, "geometry": { "type": "MultiPoint", "coordinates": [ [ -123.364538946423707, 48.431100748160723 ] ] } },
{ "type": "Feature", "properties": { "OBJECTID": 729, "StreetName1": "BRIDGE WAY", "StreetName2": "CHESTNUT ROW", "Intersection": "CHESTNUT ROW & BRIDGE WAY", "Jurisdiction": "COV", "POINT_X": 473110.50829999987, "POINT_Y": 5362365.9500999991 }, "geometry": { "type": "MultiPoint", "coordinates": [ [ -123.363402173947208, 48.413878756771076 ] ] } },
{ "type": "Feature", "properties": { "OBJECTID": 730, "StreetName1": "BEGBIE ST", "StreetName2": "CHESTNUT ST", "Intersection": "CHESTNUT ST & BEGBIE ST", "Jurisdiction": "COV", "POINT_X": 475322.755, "POINT_Y": 5364177.8433999997 }, "geometry": { "type": "MultiPoint", "coordinates": [ [ -123.333612873081009, 48.430269754039685 ] ] } },
{ "type": "Feature", "properties": { "OBJECTID": 731, "StreetName1": "BEACON HILL LOOP", "StreetName2": "CIRCLE DR", "Intersection": "CIRCLE DR & BEACON HILL LOOP", "Jurisdiction": "COV", "POINT_X": 472957.26510000043, "POINT_Y": 5362231.8997000009 }, "geometry": { "type": "MultiPoint", "coordinates": [ [ -123.365464430168473, 48.412666232973606 ] ] } },
{ "type": "Feature", "properties": { "OBJECTID": 732, "StreetName1": "CHESTNUT ROW", "StreetName2": "CIRCLE DR", "Intersection": "CIRCLE DR & CHESTNUT ROW", "Jurisdiction": "COV", "POINT_X": 473057.06950000022, "POINT_Y": 5362186.069 }, "geometry": { "type": "MultiPoint", "coordinates": [ [ -123.364112781071924, 48.412258199349772 ] ] } },
{ "type": "Feature", "properties": { "OBJECTID": 733, "StreetName1": "CAMAS CIR", "StreetName2": "CIRCLE DR", "Intersection": "CIRCLE DR & CAMAS CIR", "Jurisdiction": "COV", "POINT_X": 473206.5642, "POINT_Y": 5362071.8628000002 }, "geometry": { "type": "MultiPoint", "coordinates": [ [ -123.362085307662767, 48.411237134067157 ] ] } },
{ "type": "Feature", "properties": { "OBJECTID": 734, "StreetName1": "BRIGHTON AVE", "StreetName2": "CLARE ST", "Intersection": "CLARE ST & BRIGHTON AVE", "Jurisdiction": "COV", "POINT_X": 475730.09609999973, "POINT_Y": 5363500.8926 }, "geometry": { "type": "MultiPoint", "coordinates": [ [ -123.328067153687556, 48.424195487430509 ] ] } },
{ "type": "Feature", "properties": { "OBJECTID": 735, "StreetName1": "ARNOLD AVE", "StreetName2": "CLIFFORD ST", "Intersection": "CLIFFORD ST & ARNOLD AVE", "Jurisdiction": "COV", "POINT_X": 474753.97910000011, "POINT_Y": 5362333.2181000002 }, "geometry": { "type": "MultiPoint", "coordinates": [ [ -123.34119061293643, 48.413652285417996 ] ] } },
{ "type": "Feature", "properties": { "OBJECTID": 736, "StreetName1": "BELMONT AVE", "StreetName2": "COLDHARBOUR RD", "Intersection": "COLDHARBOUR RD & BELMONT AVE", "Jurisdiction": "COV", "POINT_X": 474975.34829999972, "POINT_Y": 5363815.3378 }, "geometry": { "type": "MultiPoint", "coordinates": [ [ -123.338287537465092, 48.426994813631033 ] ] } },
{ "type": "Feature", "properties": { "OBJECTID": 737, "StreetName1": "BASTION SQ", "StreetName2": "COMMERCIAL ALLEY", "Intersection": "COMMERCIAL ALLEY & BASTION SQ", "Jurisdiction": "COV", "POINT_X": 472662.19469999988, "POINT_Y": 5363703.3423999995 }, "geometry": { "type": "MultiPoint", "coordinates": [ [ -123.36954779253665, 48.425891099752924 ] ] } },
{ "type": "Feature", "properties": { "OBJECTID": 738, "StreetName1": "ALDERMAN RD", "StreetName2": "CONNAUGHT RD", "Intersection": "CONNAUGHT RD & ALDERMAN RD", "Jurisdiction": "COV", "POINT_X": 471060.53569999989, "POINT_Y": 5365061.3844000008 }, "geometry": { "type": "MultiPoint", "coordinates": [ [ -123.391291141636074, 48.438036888721228 ] ] } },
{ "type": "Feature", "properties": { "OBJECTID": 739, "StreetName1": "CHAPMAN ST", "StreetName2": "COOK ST", "Intersection": "COOK ST & CHAPMAN ST", "Jurisdiction": "COV", "POINT_X": 473573.43979999982, "POINT_Y": 5362284.6257000007 }, "geometry": { "type": "MultiPoint", "coordinates": [ [ -123.357141079281277, 48.413166720309221 ] ] } },
{ "type": "Feature", "properties": { "OBJECTID": 740, "StreetName1": "COLLINSON ST", "StreetName2": "COOK ST", "Intersection": "COOK ST & COLLINSON ST", "Jurisdiction": "COV", "POINT_X": 473721.48660000041, "POINT_Y": 5362913.206 }, "geometry": { "type": "MultiPoint", "coordinates": [ [ -123.355179816487862, 48.418827847394645 ] ] } },
{ "type": "Feature", "properties": { "OBJECTID": 741, "StreetName1": "BURDETT AVE", "StreetName2": "COOK ST", "Intersection": "COOK ST & BURDETT AVE", "Jurisdiction": "COV", "POINT_X": 473767.1333999997, "POINT_Y": 5363184.3227999993 }, "geometry": { "type": "MultiPoint", "coordinates": [ [ -123.354579856441475, 48.421268812842328 ] ] } },
{ "type": "Feature", "properties": { "OBJECTID": 742, "StreetName1": "BALMORAL RD", "StreetName2": "COOK ST", "Intersection": "COOK ST & BALMORAL RD", "Jurisdiction": "COV", "POINT_X": 473877.9422000004, "POINT_Y": 5363993.9581000004 }, "geometry": { "type": "MultiPoint", "coordinates": [ [ -123.353132643471028, 48.428557179253481 ] ] } },
{ "type": "Feature", "properties": { "OBJECTID": 743, "StreetName1": "CALEDONIA AVE", "StreetName2": "COOK ST", "Intersection": "COOK ST & CALEDONIA AVE", "Jurisdiction": "COV", "POINT_X": 473897.4479, "POINT_Y": 5364206.8421 }, "geometry": { "type": "MultiPoint", "coordinates": [ [ -123.35288223084261, 48.43047316523532 ] ] } },
{ "type": "Feature", "properties": { "OBJECTID": 744, "StreetName1": "BAY ST", "StreetName2": "COOK ST", "Intersection": "COOK ST & BAY ST", "Jurisdiction": "COV", "POINT_X": 473943.9781, "POINT_Y": 5364707.7857000008 }, "geometry": { "type": "MultiPoint", "coordinates": [ [ -123.352284377215398, 48.434981749796677 ] ] } },
{ "type": "Feature", "properties": { "OBJECTID": 745, "StreetName1": "BASIL AVE", "StreetName2": "COOK ST", "Intersection": "COOK ST & BASIL AVE", "Jurisdiction": "COV", "POINT_X": 474055.48890000023, "POINT_Y": 5365407.6923999991 }, "geometry": { "type": "MultiPoint", "coordinates": [ [ -123.35082016713524, 48.441282946524119 ] ] } },
{ "type": "Feature", "properties": { "OBJECTID": 746, "StreetName1": "CENTENNIAL SQ", "StreetName2": "CORMORANT ST", "Intersection": "CORMORANT ST & CENTENNIAL SQ", "Jurisdiction": "COV", "POINT_X": 473041.07, "POINT_Y": 5364000.2508000005 }, "geometry": { "type": "MultiPoint", "coordinates": [ [ -123.364445636998823, 48.4285785192438 ] ] } },
{ "type": "Feature", "properties": { "OBJECTID": 747, "StreetName1": "BLANSHARD ST", "StreetName2": "CORMORANT ST", "Intersection": "CORMORANT ST & BLANSHARD ST", "Jurisdiction": "COV", "POINT_X": 473228.51020000037, "POINT_Y": 5364003.8221000005 }, "geometry": { "type": "MultiPoint", "coordinates": [ [ -123.361912103516332, 48.428618644458943 ] ] } },
{ "type": "Feature", "properties": { "OBJECTID": 748, "StreetName1": "AMELIA ST", "StreetName2": "CORMORANT ST", "Intersection": "CORMORANT ST & AMELIA ST", "Jurisdiction": "COV", "POINT_X": 473345.8904, "POINT_Y": 5364003.8306000009 }, "geometry": { "type": "MultiPoint", "coordinates": [ [ -123.360325391397197, 48.428623700221713 ] ] } },
{ "type": "Feature", "properties": { "OBJECTID": 749, "StreetName1": "CARNSEW ST", "StreetName2": "CORNWALL ST", "Intersection": "CORNWALL ST & CARNSEW ST", "Jurisdiction": "COV", "POINT_X": 474150.6815, "POINT_Y": 5362725.6306999996 }, "geometry": { "type": "MultiPoint", "coordinates": [ [ -123.34936762509416, 48.4171581101633 ] ] } },
{ "type": "Feature", "properties": { "OBJECTID": 750, "StreetName1": "BASTION SQ", "StreetName2": "COURT ALLEY", "Intersection": "COURT ALLEY & BASTION SQ", "Jurisdiction": "COV", "POINT_X": 472688.8766000001, "POINT_Y": 5363697.3168000001 }, "geometry": { "type": "MultiPoint", "coordinates": [ [ -123.369186741118469, 48.425838049118276 ] ] } },
{ "type": "Feature", "properties": { "OBJECTID": 751, "StreetName1": "CHANCERY LANE", "StreetName2": "COURT ALLEY", "Intersection": "COURT ALLEY & CHANCERY LANE", "Jurisdiction": "COV", "POINT_X": 472695.36, "POINT_Y": 5363737.8003000002 }, "geometry": { "type": "MultiPoint", "coordinates": [ [ -123.369101742400019, 48.426202533204325 ] ] } },
{ "type": "Feature", "properties": { "OBJECTID": 752, "StreetName1": "BLANSHARD ST", "StreetName2": "COURTNEY ST", "Intersection": "COURTNEY ST & BLANSHARD ST", "Jurisdiction": "COV", "POINT_X": 473150.60979999974, "POINT_Y": 5363343.2398000006 }, "geometry": { "type": "MultiPoint", "coordinates": [ [ -123.362922825278275, 48.422672506434814 ] ] } },
{ "type": "Feature", "properties": { "OBJECTID": 753, "StreetName1": "BRIGHTON AVE", "StreetName2": "COWICHAN ST", "Intersection": "COWICHAN ST & BRIGHTON AVE", "Jurisdiction": "COV", "POINT_X": 475955.68379999977, "POINT_Y": 5363499.5383000001 }, "geometry": { "type": "MultiPoint", "coordinates": [ [ -123.325017898109337, 48.424191956285107 ] ] } },
{ "type": "Feature", "properties": { "OBJECTID": 754, "StreetName1": "ARM ST", "StreetName2": "CRAIGFLOWER RD", "Intersection": "CRAIGFLOWER RD & ARM ST", "Jurisdiction": "COV", "POINT_X": 470860.79179999977, "POINT_Y": 5365258.8928999994 }, "geometry": { "type": "MultiPoint", "coordinates": [ [ -123.394005452963924, 48.439804517241292 ] ] } },
{ "type": "Feature", "properties": { "OBJECTID": 755, "StreetName1": "BURLEITH CRES", "StreetName2": "CRAIGFLOWER RD", "Intersection": "CRAIGFLOWER RD & BURLEITH CRES", "Jurisdiction": "COV", "POINT_X": 470942.48529999983, "POINT_Y": 5365214.2655999996 }, "geometry": { "type": "MultiPoint", "coordinates": [ [ -123.392897808747207, 48.439406813744505 ] ] } },
{ "type": "Feature", "properties": { "OBJECTID": 756, "StreetName1": "COVENTRY AVE", "StreetName2": "CRAIGFLOWER RD", "Intersection": "CRAIGFLOWER RD & COVENTRY AVE", "Jurisdiction": "COV", "POINT_X": 471053.43120000046, "POINT_Y": 5365157.4815999996 }, "geometry": { "type": "MultiPoint", "coordinates": [ [ -123.391393836659987, 48.438901080168698 ] ] } },
{ "type": "Feature", "properties": { "OBJECTID": 757, "StreetName1": "ALDERMAN RD", "StreetName2": "CRAIGFLOWER RD", "Intersection": "CRAIGFLOWER RD & ALDERMAN RD", "Jurisdiction": "COV", "POINT_X": 471099.76520000026, "POINT_Y": 5365133.6010999996 }, "geometry": { "type": "MultiPoint", "coordinates": [ [ -123.390765734715643, 48.438688373217325 ] ] } },
{ "type": "Feature", "properties": { "OBJECTID": 758, "StreetName1": "BELTON AVE", "StreetName2": "CRAIGFLOWER RD", "Intersection": "CRAIGFLOWER RD & BELTON AVE", "Jurisdiction": "COV", "POINT_X": 471215.62650000025, "POINT_Y": 5365016.7776999995 }, "geometry": { "type": "MultiPoint", "coordinates": [ [ -123.38919122186141, 48.437642704448024 ] ] } },
{ "type": "Feature", "properties": { "OBJECTID": 759, "StreetName1": "BOYD ST", "StreetName2": "DALLAS RD", "Intersection": "DALLAS RD & BOYD ST", "Jurisdiction": "COV", "POINT_X": 471892.916, "POINT_Y": 5362283.9307000004 }, "geometry": { "type": "MultiPoint", "coordinates": [ [ -123.37985096275149, 48.413087740577041 ] ] } },
{ "type": "Feature", "properties": { "OBJECTID": 760, "StreetName1": "CAMAS CIR", "StreetName2": "DALLAS RD", "Intersection": "DALLAS RD & CAMAS CIR", "Jurisdiction": "COV", "POINT_X": 473217.72879999969, "POINT_Y": 5361776.8304999992 }, "geometry": { "type": "MultiPoint", "coordinates": [ [ -123.361915604276021, 48.408583390942617 ] ] } },
{ "type": "Feature", "properties": { "OBJECTID": 761, "StreetName1": "COOK ST", "StreetName2": "DALLAS RD", "Intersection": "DALLAS RD & COOK ST", "Jurisdiction": "COV", "POINT_X": 473517.99, "POINT_Y": 5361704.7238999996 }, "geometry": { "type": "MultiPoint", "coordinates": [ [ -123.357853799947762, 48.407947383101046 ] ] } },
{ "type": "Feature", "properties": { "OBJECTID": 762, "StreetName1": "CAMBRIDGE ST", "StreetName2": "DALLAS RD", "Intersection": "DALLAS RD & CAMBRIDGE ST", "Jurisdiction": "COV", "POINT_X": 473690.988, "POINT_Y": 5361672.0099 }, "geometry": { "type": "MultiPoint", "coordinates": [ [ -123.355514156821727, 48.407660321973857 ] ] } },
{ "type": "Feature", "properties": { "OBJECTID": 763, "StreetName1": "CLOVER POINT", "StreetName2": "DALLAS RD", "Intersection": "DALLAS RD & CLOVER POINT", "Jurisdiction": "COV", "POINT_X": 474129.14010000043, "POINT_Y": 5361476.015000001 }, "geometry": { "type": "MultiPoint", "coordinates": [ [ -123.349581682723951, 48.405915217186632 ] ] } },
{ "type": "Feature", "properties": { "OBJECTID": 764, "StreetName1": "BUSHBY ST", "StreetName2": "DALLAS RD", "Intersection": "DALLAS RD & BUSHBY ST", "Jurisdiction": "COV", "POINT_X": 474180.14059999958, "POINT_Y": 5361552.7762000002 }, "geometry": { "type": "MultiPoint", "coordinates": [ [ -123.348897301699296, 48.406607881791949 ] ] } },
{ "type": "Feature", "properties": { "OBJECTID": 765, "StreetName1": "BRIDGE ST", "StreetName2": "DAVID ST", "Intersection": "DAVID ST & BRIDGE ST", "Jurisdiction": "COV", "POINT_X": 472364.57210000046, "POINT_Y": 5365025.7274999991 }, "geometry": { "type": "MultiPoint", "coordinates": [ [ -123.373657965741373, 48.43777470578091 ] ] } },
{ "type": "Feature", "properties": { "OBJECTID": 766, "StreetName1": "BRIGHTON AVE", "StreetName2": "DAVIE ST", "Intersection": "DAVIE ST & BRIGHTON AVE", "Jurisdiction": "COV", "POINT_X": 475903.238, "POINT_Y": 5363499.8806999996 }, "geometry": { "type": "MultiPoint", "coordinates": [ [ -123.325726806463379, 48.424193032241028 ] ] } },
{ "type": "Feature", "properties": { "OBJECTID": 767, "StreetName1": "CEDAR HILL RD", "StreetName2": "DELATRE ST", "Intersection": "DELATRE ST & CEDAR HILL RD", "Jurisdiction": "COV", "POINT_X": 474381.0055, "POINT_Y": 5365836.5000999998 }, "geometry": { "type": "MultiPoint", "coordinates": [ [ -123.34644505887367, 48.44515397353765 ] ] } },
{ "type": "Feature", "properties": { "OBJECTID": 768, "StreetName1": "BURNSIDE RD E", "StreetName2": "DELTA ST", "Intersection": "DELTA ST & BURNSIDE RD E", "Jurisdiction": "COV", "POINT_X": 472194.7665, "POINT_Y": 5365853.8443999998 }, "geometry": { "type": "MultiPoint", "coordinates": [ [ -123.3760087401607, 48.445217216180957 ] ] } },
{ "type": "Feature", "properties": { "OBJECTID": 769, "StreetName1": "BETA ST", "StreetName2": "DELTA ST", "Intersection": "DELTA ST & BETA ST", "Jurisdiction": "COV", "POINT_X": 472247.16789999977, "POINT_Y": 5365925.7248999998 }, "geometry": { "type": "MultiPoint", "coordinates": [ [ -123.37530492753902, 48.445866187220332 ] ] } },
{ "type": "Feature", "properties": { "OBJECTID": 770, "StreetName1": "BELMONT AVE", "StreetName2": "DENMAN ST", "Intersection": "DENMAN ST & BELMONT AVE", "Jurisdiction": "COV", "POINT_X": 474873.43539999984, "POINT_Y": 5364448.9469000008 }, "geometry": { "type": "MultiPoint", "coordinates": [ [ -123.339703117340903, 48.432690927052725 ] ] } },
{ "type": "Feature", "properties": { "OBJECTID": 771, "StreetName1": "BLANSHARD ST", "StreetName2": "DISCOVERY ST", "Intersection": "DISCOVERY ST & BLANSHARD ST", "Jurisdiction": "COV", "POINT_X": 473221.0236, "POINT_Y": 5364376.5481000002 }, "geometry": { "type": "MultiPoint", "coordinates": [ [ -123.362037123780894, 48.431971492684688 ] ] } },
{ "type": "Feature", "properties": { "OBJECTID": 772, "StreetName1": "DALLAS RD", "StreetName2": "DOCK ST", "Intersection": "DOCK ST & DALLAS RD", "Jurisdiction": "COV", "POINT_X": 471596.571, "POINT_Y": 5362532.0100999996 }, "geometry": { "type": "MultiPoint", "coordinates": [ [ -123.383872441164812, 48.41530625611307 ] ] } },
{ "type": "Feature", "properties": { "OBJECTID": 773, "StreetName1": "BELTON AVE", "StreetName2": "DOMINION RD", "Intersection": "DOMINION RD & BELTON AVE", "Jurisdiction": "COV", "POINT_X": 470868.5329, "POINT_Y": 5364904.2313000001 }, "geometry": { "type": "MultiPoint", "coordinates": [ [ -123.393876122640521, 48.436614238444577 ] ] } },
{ "type": "Feature", "properties": { "OBJECTID": 774, "StreetName1": "CONNAUGHT RD", "StreetName2": "DOMINION RD", "Intersection": "DOMINION RD & CONNAUGHT RD", "Jurisdiction": "COV", "POINT_X": 470912.78660000023, "POINT_Y": 5365142.5181000009 }, "geometry": { "type": "MultiPoint", "coordinates": [ [ -123.393294368451819, 48.438759981168054 ] ] } },
{ "type": "Feature", "properties": { "OBJECTID": 775, "StreetName1": "CRAIGFLOWER RD", "StreetName2": "DOMINION RD", "Intersection": "DOMINION RD & CRAIGFLOWER RD", "Jurisdiction": "COV", "POINT_X": 470928.19620000012, "POINT_Y": 5365221.893 }, "geometry": { "type": "MultiPoint", "coordinates": [ [ -123.393091534388418, 48.439474772246903 ] ] } },
{ "type": "Feature", "properties": { "OBJECTID": 776, "StreetName1": "CLAWTHORPE AVE", "StreetName2": "DONCASTER DR", "Intersection": "DONCASTER DR & CLAWTHORPE AVE", "Jurisdiction": "COV", "POINT_X": 474765.50810000021, "POINT_Y": 5366109.0637999997 }, "geometry": { "type": "MultiPoint", "coordinates": [ [ -123.341262191020405, 48.447621579864112 ] ] } },
{ "type": "Feature", "properties": { "OBJECTID": 777, "StreetName1": "BURTON AVE", "StreetName2": "DONCASTER DR", "Intersection": "DONCASTER DR & BURTON AVE", "Jurisdiction": "COV", "POINT_X": 474810.1568, "POINT_Y": 5366023.0978999995 }, "geometry": { "type": "MultiPoint", "coordinates": [ [ -123.340653243642748, 48.446849991471815 ] ] } },
{ "type": "Feature", "properties": { "OBJECTID": 778, "StreetName1": "ALBANY ST", "StreetName2": "DORIC ST", "Intersection": "DORIC ST & ALBANY ST", "Jurisdiction": "COV", "POINT_X": 471685.361, "POINT_Y": 5365977.4913999997 }, "geometry": { "type": "MultiPoint", "coordinates": [ [ -123.382905330021956, 48.446306867959024 ] ] } },
{ "type": "Feature", "properties": { "OBJECTID": 779, "StreetName1": "CARROLL ST", "StreetName2": "DORIC ST", "Intersection": "DORIC ST & CARROLL ST", "Jurisdiction": "COV", "POINT_X": 471734.95369999984, "POINT_Y": 5365952.475850001 }, "geometry": { "type": "MultiPoint", "coordinates": [ [ -123.382348353801135, 48.446138448237768 ], [ -123.382117706299553, 48.44602965210305 ] ] } },
{ "type": "Feature", "properties": { "OBJECTID": 780, "StreetName1": "ALPHA ST", "StreetName2": "DOUGLAS ST", "Intersection": "DOUGLAS ST & ALPHA ST", "Jurisdiction": "COV", "POINT_X": 472486.38750000019, "POINT_Y": 5366086.1125000007 }, "geometry": { "type": "MultiPoint", "coordinates": [ [ -123.372080673506659, 48.447319585172927 ] ] } },
{ "type": "Feature", "properties": { "OBJECTID": 781, "StreetName1": "DALLAS RD", "StreetName2": "DOUGLAS ST", "Intersection": "DOUGLAS ST & DALLAS RD", "Jurisdiction": "COV", "POINT_X": 472692.2016499996, "POINT_Y": 5361891.0739500001 }, "geometry": { "type": "MultiPoint", "coordinates": [ [ -123.369234851741282, 48.408772362219842 ], [ -123.368813487384102, 48.410404860167588 ] ] } },
{ "type": "Feature", "properties": { "OBJECTID": 782, "StreetName1": "BATTERY ST", "StreetName2": "DOUGLAS ST", "Intersection": "DOUGLAS ST & BATTERY ST", "Jurisdiction": "COV", "POINT_X": 472698.13219999988, "POINT_Y": 5361946.337 }, "geometry": { "type": "MultiPoint", "coordinates": [ [ -123.368947631806037, 48.41008603451094 ] ] } },
{ "type": "Feature", "properties": { "OBJECTID": 783, "StreetName1": "BURNSIDE RD E", "StreetName2": "DOUGLAS ST", "Intersection": "DOUGLAS ST & BURNSIDE RD E", "Jurisdiction": "COV", "POINT_X": 472720.54260000028, "POINT_Y": 5365472.2921999991 }, "geometry": { "type": "MultiPoint", "coordinates": [ [ -123.368874282082004, 48.441807666234489 ] ] } },
{ "type": "Feature", "properties": { "OBJECTID": 784, "StreetName1": "BEACON ST", "StreetName2": "DOUGLAS ST", "Intersection": "DOUGLAS ST & BEACON ST", "Jurisdiction": "COV", "POINT_X": 472742.806, "POINT_Y": 5362110.6173 }, "geometry": { "type": "MultiPoint", "coordinates": [ [ -123.368354638066606, 48.411565892510978 ] ] } },
{ "type": "Feature", "properties": { "OBJECTID": 785, "StreetName1": "CIRCLE DR", "StreetName2": "DOUGLAS ST", "Intersection": "DOUGLAS ST & CIRCLE DR", "Jurisdiction": "COV", "POINT_X": 472753.15855000028, "POINT_Y": 5362133.2058499996 }, "geometry": { "type": "MultiPoint", "coordinates": [ [ -123.368444092513286, 48.411337007056645 ], [ -123.367988322286564, 48.412202102198471 ] ] } },
{ "type": "Feature", "properties": { "OBJECTID": 786, "StreetName1": "CIRCLE DR", "StreetName2": "DOUGLAS ST", "Intersection": "DOUGLAS ST & CIRCLE DR", "Jurisdiction": "COV", "POINT_X": 472781.083, "POINT_Y": 5362209.0556000005 }, "geometry": { "type": "MultiPoint", "coordinates": [ [ -123.367843781257633, 48.412453132976466 ] ] } },
{ "type": "Feature", "properties": { "OBJECTID": 787, "StreetName1": "AVALON RD", "StreetName2": "DOUGLAS ST", "Intersection": "DOUGLAS ST & AVALON RD", "Jurisdiction": "COV", "POINT_X": 472879.19039999973, "POINT_Y": 5362450.3096999992 }, "geometry": { "type": "MultiPoint", "coordinates": [ [ -123.366533613720691, 48.414627770587572 ] ] } },
{ "type": "Feature", "properties": { "OBJECTID": 788, "StreetName1": "BELLEVILLE ST", "StreetName2": "DOUGLAS ST", "Intersection": "DOUGLAS ST & BELLEVILLE ST", "Jurisdiction": "COV", "POINT_X": 472896.06319999974, "POINT_Y": 5363073.5331999995 }, "geometry": { "type": "MultiPoint", "coordinates": [ [ -123.36634587576782, 48.420235231636077 ] ] } },
{ "type": "Feature", "properties": { "OBJECTID": 789, "StreetName1": "BURDETT AVE", "StreetName2": "DOUGLAS ST", "Intersection": "DOUGLAS ST & BURDETT AVE", "Jurisdiction": "COV", "POINT_X": 472919.98749999981, "POINT_Y": 5363293.8798999991 }, "geometry": { "type": "MultiPoint", "coordinates": [ [ -123.366036759316501, 48.422218574768713 ] ] } },
{ "type": "Feature", "properties": { "OBJECTID": 790, "StreetName1": "COURTNEY ST", "StreetName2": "DOUGLAS ST", "Intersection": "DOUGLAS ST & COURTNEY ST", "Jurisdiction": "COV", "POINT_X": 472942.446, "POINT_Y": 5363395.7946000006 }, "geometry": { "type": "MultiPoint", "coordinates": [ [ -123.36573978760903, 48.423136399182432 ] ] } },
{ "type": "Feature", "properties": { "OBJECTID": 791, "StreetName1": "BLANSHARD ST", "StreetName2": "DOUGLAS ST", "Intersection": "DOUGLAS ST & BLANSHARD ST", "Jurisdiction": "COV", "POINT_X": 472944.85589999985, "POINT_Y": 5362904.3246 }, "geometry": { "type": "MultiPoint", "coordinates": [ [ -123.365675500481046, 48.418715070363596 ] ] } },
{ "type": "Feature", "properties": { "OBJECTID": 792, "StreetName1": "BROUGHTON ST", "StreetName2": "DOUGLAS ST", "Intersection": "DOUGLAS ST & BROUGHTON ST", "Jurisdiction": "COV", "POINT_X": 472957.37689999957, "POINT_Y": 5363478.8685999997 }, "geometry": { "type": "MultiPoint", "coordinates": [ [ -123.365543336699062, 48.423884402242557 ] ] } },
{ "type": "Feature", "properties": { "OBJECTID": 793, "StreetName1": "BAY ST", "StreetName2": "DOUGLAS ST", "Intersection": "DOUGLAS ST & BAY ST", "Jurisdiction": "COV", "POINT_X": 472968.07830000017, "POINT_Y": 5364793.0837999992 }, "geometry": { "type": "MultiPoint", "coordinates": [ [ -123.365483465638107, 48.435707973421373 ] ] } },
{ "type": "Feature", "properties": { "OBJECTID": 794, "StreetName1": "DISCOVERY ST", "StreetName2": "DOUGLAS ST", "Intersection": "DOUGLAS ST & DISCOVERY ST", "Jurisdiction": "COV", "POINT_X": 473033.49309999961, "POINT_Y": 5364374.0587000009 }, "geometry": { "type": "MultiPoint", "coordinates": [ [ -123.36457211416969, 48.431941093581578 ] ] } },
{ "type": "Feature", "properties": { "OBJECTID": 795, "StreetName1": "CALEDONIA AVE", "StreetName2": "DOUGLAS ST", "Intersection": "DOUGLAS ST & CALEDONIA AVE", "Jurisdiction": "COV", "POINT_X": 473035.50189999957, "POINT_Y": 5364280.6393 }, "geometry": { "type": "MultiPoint", "coordinates": [ [ -123.364538946423707, 48.431100748160723 ] ] } },
{ "type": "Feature", "properties": { "OBJECTID": 796, "StreetName1": "CENTENNIAL SQ", "StreetName2": "DOUGLAS ST", "Intersection": "DOUGLAS ST & CENTENNIAL SQ", "Jurisdiction": "COV", "POINT_X": 473041.07, "POINT_Y": 5364000.2508000005 }, "geometry": { "type": "MultiPoint", "coordinates": [ [ -123.364445636998823, 48.4285785192438 ] ] } },
{ "type": "Feature", "properties": { "OBJECTID": 797, "StreetName1": "BAY ST", "StreetName2": "DOWLER PL", "Intersection": "DOWLER PL & BAY ST", "Jurisdiction": "COV", "POINT_X": 473302.00939999986, "POINT_Y": 5364763.9737 }, "geometry": { "type": "MultiPoint", "coordinates": [ [ -123.360966996093154, 48.43546033917513 ] ] } },
{ "type": "Feature", "properties": { "OBJECTID": 798, "StreetName1": "CATHERINE ST", "StreetName2": "DUNDAS ST", "Intersection": "DUNDAS ST & CATHERINE ST", "Jurisdiction": "COV", "POINT_X": 471541.1014, "POINT_Y": 5364306.6565000005 }, "geometry": { "type": "MultiPoint", "coordinates": [ [ -123.38474253984937, 48.431269038054225 ] ] } },
{ "type": "Feature", "properties": { "OBJECTID": 799, "StreetName1": "BURNSIDE RD E", "StreetName2": "DUNEDIN ST", "Intersection": "DUNEDIN ST & BURNSIDE RD E", "Jurisdiction": "COV", "POINT_X": 472693.07, "POINT_Y": 5365489.5835999995 }, "geometry": { "type": "MultiPoint", "coordinates": [ [ -123.369246872253569, 48.441962033694288 ] ] } },
{ "type": "Feature", "properties": { "OBJECTID": 800, "StreetName1": "BOYD ST", "StreetName2": "DUNELM WYNDE", "Intersection": "DUNELM WYNDE & BOYD ST", "Jurisdiction": "COV", "POINT_X": 471943.63109999988, "POINT_Y": 5362354.5381000005 }, "geometry": { "type": "MultiPoint", "coordinates": [ [ -123.379170343405207, 48.413725209138832 ] ] } },
{ "type": "Feature", "properties": { "OBJECTID": 801, "StreetName1": "CARNSEW ST", "StreetName2": "DURBAN ST", "Intersection": "DURBAN ST & CARNSEW ST", "Jurisdiction": "COV", "POINT_X": 474455.82390000019, "POINT_Y": 5362678.9109000005 }, "geometry": { "type": "MultiPoint", "coordinates": [ [ -123.345238239769614, 48.416761115260186 ] ] } },
{ "type": "Feature", "properties": { "OBJECTID": 802, "StreetName1": "EARLE PL", "StreetName2": "EARLE ST", "Intersection": "EARLE ST & EARLE PL", "Jurisdiction": "COV", "POINT_X": 475043.7357000001, "POINT_Y": 5362332.1538999993 }, "geometry": { "type": "MultiPoint", "coordinates": [ [ -123.337274841319328, 48.413654255425591 ] ] } },
{ "type": "Feature", "properties": { "OBJECTID": 803, "StreetName1": "BUSHBY ST", "StreetName2": "EBERTS ST", "Intersection": "EBERTS ST & BUSHBY ST", "Jurisdiction": "COV", "POINT_X": 474353.9626000002, "POINT_Y": 5361812.8136 }, "geometry": { "type": "MultiPoint", "coordinates": [ [ -123.346564529962052, 48.408954375133874 ] ] } },
{ "type": "Feature", "properties": { "OBJECTID": 804, "StreetName1": "DALLAS RD", "StreetName2": "EBERTS ST", "Intersection": "EBERTS ST & DALLAS RD", "Jurisdiction": "COV", "POINT_X": 474411.8492000001, "POINT_Y": 5361739.2163999993 }, "geometry": { "type": "MultiPoint", "coordinates": [ [ -123.345777846941843, 48.40829461990652 ] ] } },
{ "type": "Feature", "properties": { "OBJECTID": 805, "StreetName1": "CEDAR HILL RD", "StreetName2": "EDGEWARE RD", "Intersection": "EDGEWARE RD & CEDAR HILL RD", "Jurisdiction": "COV", "POINT_X": 474402.59140000027, "POINT_Y": 5365543.0221999995 }, "geometry": { "type": "MultiPoint", "coordinates": [ [ -123.346135231449267, 48.442514629181197 ] ] } },
{ "type": "Feature", "properties": { "OBJECTID": 806, "StreetName1": "DONCASTER DR", "StreetName2": "EDGEWARE RD", "Intersection": "EDGEWARE RD & DONCASTER DR", "Jurisdiction": "COV", "POINT_X": 474899.13640000019, "POINT_Y": 5365851.0223999992 }, "geometry": { "type": "MultiPoint", "coordinates": [ [ -123.339439693100218, 48.445305499133219 ] ] } },
{ "type": "Feature", "properties": { "OBJECTID": 807, "StreetName1": "CATHERINE ST", "StreetName2": "EDWARD ST", "Intersection": "EDWARD ST & CATHERINE ST", "Jurisdiction": "COV", "POINT_X": 471539.148, "POINT_Y": 5364586.1276999991 }, "geometry": { "type": "MultiPoint", "coordinates": [ [ -123.384787929793532, 48.433783157750156 ] ] } },
{ "type": "Feature", "properties": { "OBJECTID": 808, "StreetName1": "ALSTON ST", "StreetName2": "EDWARD ST", "Intersection": "EDWARD ST & ALSTON ST", "Jurisdiction": "COV", "POINT_X": 471647.21609999985, "POINT_Y": 5364585.029 }, "geometry": { "type": "MultiPoint", "coordinates": [ [ -123.383326876910147, 48.433778149364976 ] ] } },
{ "type": "Feature", "properties": { "OBJECTID": 809, "StreetName1": "BEGBIE ST", "StreetName2": "ELFORD ST", "Intersection": "ELFORD ST & BEGBIE ST", "Jurisdiction": "COV", "POINT_X": 474754.8849, "POINT_Y": 5363876.6043999996 }, "geometry": { "type": "MultiPoint", "coordinates": [ [ -123.341271301695713, 48.427537190571975 ] ] } },
{ "type": "Feature", "properties": { "OBJECTID": 810, "StreetName1": "BRIDGE ST", "StreetName2": "ELLICE ST", "Intersection": "ELLICE ST & BRIDGE ST", "Jurisdiction": "COV", "POINT_X": 472394.56460000016, "POINT_Y": 5365134.0217000004 }, "geometry": { "type": "MultiPoint", "coordinates": [ [ -123.373259600318846, 48.438750269626851 ] ] } },
{ "type": "Feature", "properties": { "OBJECTID": 811, "StreetName1": "BAY ST", "StreetName2": "EMPIRE ST", "Intersection": "EMPIRE ST & BAY ST", "Jurisdiction": "COV", "POINT_X": 474039.22350000031, "POINT_Y": 5364699.4366999995 }, "geometry": { "type": "MultiPoint", "coordinates": [ [ -123.350996197143246, 48.43491057406726 ] ] } },
{ "type": "Feature", "properties": { "OBJECTID": 812, "StreetName1": "COOK ST", "StreetName2": "EMPRESS AVE", "Intersection": "EMPRESS AVE & COOK ST", "Jurisdiction": "COV", "POINT_X": 473938.33509999979, "POINT_Y": 5364648.9027999993 }, "geometry": { "type": "MultiPoint", "coordinates": [ [ -123.352357004376998, 48.434451786006917 ] ] } },
{ "type": "Feature", "properties": { "OBJECTID": 813, "StreetName1": "CHAMBERS ST", "StreetName2": "EMPRESS AVE", "Intersection": "EMPRESS AVE & CHAMBERS ST", "Jurisdiction": "COV", "POINT_X": 474157.501, "POINT_Y": 5364630.207 }, "geometry": { "type": "MultiPoint", "coordinates": [ [ -123.349392885408946, 48.434292626447558 ] ] } },
{ "type": "Feature", "properties": { "OBJECTID": 814, "StreetName1": "DALLAS RD", "StreetName2": "ERIE ST", "Intersection": "ERIE ST & DALLAS RD", "Jurisdiction": "COV", "POINT_X": 471559.77489999961, "POINT_Y": 5363278.0338000003 }, "geometry": { "type": "MultiPoint", "coordinates": [ [ -123.384420307999022, 48.422016068981044 ] ] } },
{ "type": "Feature", "properties": { "OBJECTID": 815, "StreetName1": "DOMINION RD", "StreetName2": "ESQUIMALT RD", "Intersection": "ESQUIMALT RD & DOMINION RD", "Jurisdiction": "COV", "POINT_X": 470836.15149999969, "POINT_Y": 5364364.5000999998 }, "geometry": { "type": "MultiPoint", "coordinates": [ [ -123.394276342069844, 48.431757159927351 ] ] } },
{ "type": "Feature", "properties": { "OBJECTID": 816, "StreetName1": "BARNARD AVE", "StreetName2": "ESQUIMALT RD", "Intersection": "ESQUIMALT RD & BARNARD AVE", "Jurisdiction": "COV", "POINT_X": 470936.27460000012, "POINT_Y": 5364308.9254000001 }, "geometry": { "type": "MultiPoint", "coordinates": [ [ -123.392918973105225, 48.431261822884757 ] ] } },
{ "type": "Feature", "properties": { "OBJECTID": 817, "StreetName1": "BOWLSBY PL", "StreetName2": "ESQUIMALT RD", "Intersection": "ESQUIMALT RD & BOWLSBY PL", "Jurisdiction": "COV", "POINT_X": 470952.83710000012, "POINT_Y": 5364301.2093000002 }, "geometry": { "type": "MultiPoint", "coordinates": [ [ -123.392694540207927, 48.431193170817053 ] ] } },
{ "type": "Feature", "properties": { "OBJECTID": 818, "StreetName1": "DALTON ST", "StreetName2": "ESQUIMALT RD", "Intersection": "ESQUIMALT RD & DALTON ST", "Jurisdiction": "COV", "POINT_X": 471075.54289999977, "POINT_Y": 5364265.1713999994 }, "geometry": { "type": "MultiPoint", "coordinates": [ [ -123.391033272086062, 48.430874611662183 ] ] } },
{ "type": "Feature", "properties": { "OBJECTID": 819, "StreetName1": "CATHERINE ST", "StreetName2": "ESQUIMALT RD", "Intersection": "ESQUIMALT RD & CATHERINE ST", "Jurisdiction": "COV", "POINT_X": 471541.8331000004, "POINT_Y": 5364208.9912 }, "geometry": { "type": "MultiPoint", "coordinates": [ [ -123.384726015755703, 48.430390444090762 ] ] } },
{ "type": "Feature", "properties": { "OBJECTID": 820, "StreetName1": "BURDETT AVE", "StreetName2": "FAIRFIELD RD", "Intersection": "FAIRFIELD RD & BURDETT AVE", "Jurisdiction": "COV", "POINT_X": 473037.75860000029, "POINT_Y": 5363266.7811999992 }, "geometry": { "type": "MultiPoint", "coordinates": [ [ -123.364443220401085, 48.421979838011971 ] ] } },
{ "type": "Feature", "properties": { "OBJECTID": 821, "StreetName1": "BLANSHARD ST", "StreetName2": "FAIRFIELD RD", "Intersection": "FAIRFIELD RD & BLANSHARD ST", "Jurisdiction": "COV", "POINT_X": 473137.47319999989, "POINT_Y": 5363174.8765999991 }, "geometry": { "type": "MultiPoint", "coordinates": [ [ -123.363089593770866, 48.421157293156753 ] ] } },
{ "type": "Feature", "properties": { "OBJECTID": 822, "StreetName1": "COOK ST", "StreetName2": "FAIRFIELD RD", "Intersection": "FAIRFIELD RD & COOK ST", "Jurisdiction": "COV", "POINT_X": 473705.66270000022, "POINT_Y": 5362823.5231999997 }, "geometry": { "type": "MultiPoint", "coordinates": [ [ -123.355388054899549, 48.41802036864857 ] ] } },
{ "type": "Feature", "properties": { "OBJECTID": 823, "StreetName1": "CHESTER AVE", "StreetName2": "FAIRFIELD RD", "Intersection": "FAIRFIELD RD & CHESTER AVE", "Jurisdiction": "COV", "POINT_X": 473799.1332, "POINT_Y": 5362783.6865999997 }, "geometry": { "type": "MultiPoint", "coordinates": [ [ -123.354122319603121, 48.417665878861825 ] ] } },
{ "type": "Feature", "properties": { "OBJECTID": 824, "StreetName1": "CORNWALL ST", "StreetName2": "FAIRFIELD RD", "Intersection": "FAIRFIELD RD & CORNWALL ST", "Jurisdiction": "COV", "POINT_X": 474125.77979999967, "POINT_Y": 5362577.2171 }, "geometry": { "type": "MultiPoint", "coordinates": [ [ -123.349695007216269, 48.415821904979431 ] ] } },
{ "type": "Feature", "properties": { "OBJECTID": 825, "StreetName1": "BRIAR PL", "StreetName2": "FAIRFIELD RD", "Intersection": "FAIRFIELD RD & BRIAR PL", "Jurisdiction": "COV", "POINT_X": 474265.6349, "POINT_Y": 5362462.8158 }, "geometry": { "type": "MultiPoint", "coordinates": [ [ -123.347797937364405, 48.414798437075675 ] ] } },
{ "type": "Feature", "properties": { "OBJECTID": 826, "StreetName1": "FAIRCLIFF LANE", "StreetName2": "FAIRFIELD RD", "Intersection": "FAIRFIELD RD & FAIRCLIFF LANE", "Jurisdiction": "COV", "POINT_X": 474544.59929999989, "POINT_Y": 5362226.5381000005 }, "geometry": { "type": "MultiPoint", "coordinates": [ [ -123.344013650692048, 48.412684127409925 ] ] } },
{ "type": "Feature", "properties": { "OBJECTID": 827, "StreetName1": "ARNOLD AVE", "StreetName2": "FAIRFIELD RD", "Intersection": "FAIRFIELD RD & ARNOLD AVE", "Jurisdiction": "COV", "POINT_X": 474745.43790000025, "POINT_Y": 5362139.7136000004 }, "geometry": { "type": "MultiPoint", "coordinates": [ [ -123.34129438626988, 48.411911103343058 ] ] } },
{ "type": "Feature", "properties": { "OBJECTID": 828, "StreetName1": "BEECHWOOD AVE", "StreetName2": "FAIRFIELD RD", "Intersection": "FAIRFIELD RD & BEECHWOOD AVE", "Jurisdiction": "COV", "POINT_X": 475335.54250000045, "POINT_Y": 5362371.8282999992 }, "geometry": { "type": "MultiPoint", "coordinates": [ [ -123.333333758365086, 48.414022672548626 ] ] } },
{ "type": "Feature", "properties": { "OBJECTID": 829, "StreetName1": "EARLE ST", "StreetName2": "FAIRFIELD RD", "Intersection": "FAIRFIELD RD & EARLE ST", "Jurisdiction": "COV", "POINT_X": 475391.60759999976, "POINT_Y": 5362455.9147999994 }, "geometry": { "type": "MultiPoint", "coordinates": [ [ -123.33258103436448, 48.414781339334162 ] ] } },
{ "type": "Feature", "properties": { "OBJECTID": 830, "StreetName1": "FAIRFIELD PL", "StreetName2": "FAIRFIELD RD", "Intersection": "FAIRFIELD RD & FAIRFIELD PL", "Jurisdiction": "COV", "POINT_X": 475905.74610000011, "POINT_Y": 5362552.0379000008 }, "geometry": { "type": "MultiPoint", "coordinates": [ [ -123.325638438074066, 48.415665972465646 ] ] } },
{ "type": "Feature", "properties": { "OBJECTID": 831, "StreetName1": "CHADWICK PL", "StreetName2": "FAIRFIELD RD", "Intersection": "FAIRFIELD RD & CHADWICK PL", "Jurisdiction": "COV", "POINT_X": 475915.28579999972, "POINT_Y": 5362553.2524999995 }, "geometry": { "type": "MultiPoint", "coordinates": [ [ -123.325509585119917, 48.415677264251215 ] ] } },
{ "type": "Feature", "properties": { "OBJECTID": 832, "StreetName1": "COOK ST", "StreetName2": "FAITHFUL ST", "Intersection": "FAITHFUL ST & COOK ST", "Jurisdiction": "COV", "POINT_X": 473540.47879999969, "POINT_Y": 5361968.9805999994 }, "geometry": { "type": "MultiPoint", "coordinates": [ [ -123.357566591967185, 48.410325678507391 ] ] } },
{ "type": "Feature", "properties": { "OBJECTID": 833, "StreetName1": "CAMBRIDGE ST", "StreetName2": "FAITHFUL ST", "Intersection": "FAITHFUL ST & CAMBRIDGE ST", "Jurisdiction": "COV", "POINT_X": 473730.55850000028, "POINT_Y": 5361937.3538000006 }, "geometry": { "type": "MultiPoint", "coordinates": [ [ -123.354996087683745, 48.410049105127399 ] ] } },
{ "type": "Feature", "properties": { "OBJECTID": 834, "StreetName1": "BEGBIE ST", "StreetName2": "FERN ST", "Intersection": "FERN ST & BEGBIE ST", "Jurisdiction": "COV", "POINT_X": 475208.0652000001, "POINT_Y": 5364112.0495999996 }, "geometry": { "type": "MultiPoint", "coordinates": [ [ -123.335159379717851, 48.429673344344614 ] ] } },
{ "type": "Feature", "properties": { "OBJECTID": 835, "StreetName1": "BALMORAL RD", "StreetName2": "FERNWOOD RD", "Intersection": "FERNWOOD RD & BALMORAL RD", "Jurisdiction": "COV", "POINT_X": 474455.7708000001, "POINT_Y": 5363900.1435000002 }, "geometry": { "type": "MultiPoint", "coordinates": [ [ -123.345315998250229, 48.427736894642543 ] ] } },
{ "type": "Feature", "properties": { "OBJECTID": 836, "StreetName1": "CENTRE RD", "StreetName2": "FERNWOOD RD", "Intersection": "FERNWOOD RD & CENTRE RD", "Jurisdiction": "COV", "POINT_X": 474474.66249999963, "POINT_Y": 5364382.7309000008 }, "geometry": { "type": "MultiPoint", "coordinates": [ [ -123.345090024321507, 48.432079184992844 ] ] } },
{ "type": "Feature", "properties": { "OBJECTID": 837, "StreetName1": "DENMAN ST", "StreetName2": "FERNWOOD RD", "Intersection": "FERNWOOD RD & DENMAN ST", "Jurisdiction": "COV", "POINT_X": 474477.14809999987, "POINT_Y": 5364463.1037000008 }, "geometry": { "type": "MultiPoint", "coordinates": [ [ -123.345061318113153, 48.43280234713491 ] ] } },
{ "type": "Feature", "properties": { "OBJECTID": 838, "StreetName1": "BAY ST", "StreetName2": "FERNWOOD RD", "Intersection": "FERNWOOD RD & BAY ST", "Jurisdiction": "COV", "POINT_X": 474483.102, "POINT_Y": 5364652.6557 }, "geometry": { "type": "MultiPoint", "coordinates": [ [ -123.344992372533383, 48.434507863165457 ] ] } },
{ "type": "Feature", "properties": { "OBJECTID": 839, "StreetName1": "CEDAR HILL RD", "StreetName2": "FERNWOOD RD", "Intersection": "FERNWOOD RD & CEDAR HILL RD", "Jurisdiction": "COV", "POINT_X": 474501.36830000021, "POINT_Y": 5365278.8057000004 }, "geometry": { "type": "MultiPoint", "coordinates": [ [ -123.344783539719842, 48.440141659584114 ] ] } },
{ "type": "Feature", "properties": { "OBJECTID": 840, "StreetName1": "DOUGLAS ST", "StreetName2": "FIELD ST", "Intersection": "FIELD ST & DOUGLAS ST", "Jurisdiction": "COV", "POINT_X": 472997.06950000022, "POINT_Y": 5364709.3955000006 }, "geometry": { "type": "MultiPoint", "coordinates": [ [ -123.36508612220382, 48.434956330818267 ] ] } },
{ "type": "Feature", "properties": { "OBJECTID": 841, "StreetName1": "BAY ST", "StreetName2": "FIFTH ST", "Intersection": "FIFTH ST & BAY ST", "Jurisdiction": "COV", "POINT_X": 473624.16380000021, "POINT_Y": 5364735.8202 }, "geometry": { "type": "MultiPoint", "coordinates": [ [ -123.356609844505698, 48.435220640167756 ] ] } },
{ "type": "Feature", "properties": { "OBJECTID": 842, "StreetName1": "CEDAR HILL RD", "StreetName2": "FINLAYSON PL", "Intersection": "FINLAYSON PL & CEDAR HILL RD", "Jurisdiction": "COV", "POINT_X": 474544.27010000031, "POINT_Y": 5366135.0340999998 }, "geometry": { "type": "MultiPoint", "coordinates": [ [ -123.344255524496177, 48.447846306631675 ] ] } },
{ "type": "Feature", "properties": { "OBJECTID": 843, "StreetName1": "BURNSIDE RD E", "StreetName2": "FINLAYSON ST", "Intersection": "FINLAYSON ST & BURNSIDE RD E", "Jurisdiction": "COV", "POINT_X": 472346.60259999987, "POINT_Y": 5365742.7676 }, "geometry": { "type": "MultiPoint", "coordinates": [ [ -123.373948260984577, 48.444224626239198 ] ] } },
{ "type": "Feature", "properties": { "OBJECTID": 844, "StreetName1": "DOUGLAS ST", "StreetName2": "FINLAYSON ST", "Intersection": "FINLAYSON ST & DOUGLAS ST", "Jurisdiction": "COV", "POINT_X": 472583.3827, "POINT_Y": 5365832.3136999998 }, "geometry": { "type": "MultiPoint", "coordinates": [ [ -123.37075242050976, 48.445040568863753 ] ] } },
{ "type": "Feature", "properties": { "OBJECTID": 845, "StreetName1": "BLANSHARD ST", "StreetName2": "FINLAYSON ST", "Intersection": "FINLAYSON ST & BLANSHARD ST", "Jurisdiction": "COV", "POINT_X": 472897.65069999977, "POINT_Y": 5365891.472 }, "geometry": { "type": "MultiPoint", "coordinates": [ [ -123.366620661376956, 48.445570530915518 ], [ -123.366392732126499, 48.445602242579596 ] ] } },
{ "type": "Feature", "properties": { "OBJECTID": 846, "StreetName1": "FIFTH ST", "StreetName2": "FINLAYSON ST", "Intersection": "FINLAYSON ST & FIFTH ST", "Jurisdiction": "COV", "POINT_X": 473394.22410000023, "POINT_Y": 5365985.4651999995 }, "geometry": { "type": "MultiPoint", "coordinates": [ [ -123.359797894254569, 48.446453167349297 ] ] } },
{ "type": "Feature", "properties": { "OBJECTID": 847, "StreetName1": "BLACKWOOD ST", "StreetName2": "FINLAYSON ST", "Intersection": "FINLAYSON ST & BLACKWOOD ST", "Jurisdiction": "COV", "POINT_X": 473675.4326, "POINT_Y": 5366037.3921000008 }, "geometry": { "type": "MultiPoint", "coordinates": [ [ -123.355998529115581, 48.446932143626874 ] ] } },
{ "type": "Feature", "properties": { "OBJECTID": 848, "StreetName1": "COOK ST", "StreetName2": "FINLAYSON ST", "Intersection": "FINLAYSON ST & COOK ST", "Jurisdiction": "COV", "POINT_X": 474130.76989999972, "POINT_Y": 5366124.6572999991 }, "geometry": { "type": "MultiPoint", "coordinates": [ [ -123.349846580184405, 48.447736091232734 ] ] } },
{ "type": "Feature", "properties": { "OBJECTID": 849, "StreetName1": "CEDAR HILL RD", "StreetName2": "FINLAYSON ST", "Intersection": "FINLAYSON ST & CEDAR HILL RD", "Jurisdiction": "COV", "POINT_X": 474565.97190000024, "POINT_Y": 5366192.975 }, "geometry": { "type": "MultiPoint", "coordinates": [ [ -123.34396557450043, 48.448368439041651 ] ] } },
{ "type": "Feature", "properties": { "OBJECTID": 850, "StreetName1": "FAN TAN ALLEY", "StreetName2": "FISGARD ST", "Intersection": "FISGARD ST & FAN TAN ALLEY", "Jurisdiction": "COV", "POINT_X": 472783.7127, "POINT_Y": 5364088.9953000005 }, "geometry": { "type": "MultiPoint", "coordinates": [ [ -123.36793027891774, 48.429365823513947 ] ] } },
{ "type": "Feature", "properties": { "OBJECTID": 851, "StreetName1": "DOUGLAS ST", "StreetName2": "FISGARD ST", "Intersection": "FISGARD ST & DOUGLAS ST", "Jurisdiction": "COV", "POINT_X": 473039.52589999977, "POINT_Y": 5364093.5032000002 }, "geometry": { "type": "MultiPoint", "coordinates": [ [ -123.364472508806315, 48.429417382577952 ] ] } },
{ "type": "Feature", "properties": { "OBJECTID": 852, "StreetName1": "BLANSHARD ST", "StreetName2": "FISGARD ST", "Intersection": "FISGARD ST & BLANSHARD ST", "Jurisdiction": "COV", "POINT_X": 473230.97989999969, "POINT_Y": 5364086.3762999997 }, "geometry": { "type": "MultiPoint", "coordinates": [ [ -123.361883991977393, 48.429361434557514 ] ] } },
{ "type": "Feature", "properties": { "OBJECTID": 853, "StreetName1": "BALMORAL RD", "StreetName2": "FISGARD ST", "Intersection": "FISGARD ST & BALMORAL RD", "Jurisdiction": "COV", "POINT_X": 473454.6445000004, "POINT_Y": 5364052.9132000003 }, "geometry": { "type": "MultiPoint", "coordinates": [ [ -123.358858392498078, 48.429069857661425 ] ] } },
{ "type": "Feature", "properties": { "OBJECTID": 854, "StreetName1": "BAY ST", "StreetName2": "FORBES ST", "Intersection": "FORBES ST & BAY ST", "Jurisdiction": "COV", "POINT_X": 474966.0998000002, "POINT_Y": 5364613.6980499998 }, "geometry": { "type": "MultiPoint", "coordinates": [ [ -123.338602597448173, 48.434183684588348 ], [ -123.338317896083979, 48.4341698692973 ] ] } },
{ "type": "Feature", "properties": { "OBJECTID": 855, "StreetName1": "DENMAN ST", "StreetName2": "FORBES ST", "Intersection": "FORBES ST & DENMAN ST", "Jurisdiction": "COV", "POINT_X": 474970.33619999979, "POINT_Y": 5364444.9365999997 }, "geometry": { "type": "MultiPoint", "coordinates": [ [ -123.338392892169566, 48.432658708558634 ] ] } },
{ "type": "Feature", "properties": { "OBJECTID": 856, "StreetName1": "BROAD ST", "StreetName2": "FORT ST", "Intersection": "FORT ST & BROAD ST", "Jurisdiction": "COV", "POINT_X": 472886.6573000001, "POINT_Y": 5363574.1872000005 }, "geometry": { "type": "MultiPoint", "coordinates": [ [ -123.366505380292466, 48.424738879962391 ] ] } },
{ "type": "Feature", "properties": { "OBJECTID": 857, "StreetName1": "DOUGLAS ST", "StreetName2": "FORT ST", "Intersection": "FORT ST & DOUGLAS ST", "Jurisdiction": "COV", "POINT_X": 472971.5335, "POINT_Y": 5363560.6208999995 }, "geometry": { "type": "MultiPoint", "coordinates": [ [ -123.365357260808764, 48.42462048119684 ] ] } },
{ "type": "Feature", "properties": { "OBJECTID": 858, "StreetName1": "BLANSHARD ST", "StreetName2": "FORT ST", "Intersection": "FORT ST & BLANSHARD ST", "Jurisdiction": "COV", "POINT_X": 473182.13350000046, "POINT_Y": 5363526.5513000004 }, "geometry": { "type": "MultiPoint", "coordinates": [ [ -123.362508473434161, 48.424322982287997 ] ] } },
{ "type": "Feature", "properties": { "OBJECTID": 859, "StreetName1": "COOK ST", "StreetName2": "FORT ST", "Intersection": "FORT ST & COOK ST", "Jurisdiction": "COV", "POINT_X": 473806.9545, "POINT_Y": 5363420.9981999993 }, "geometry": { "type": "MultiPoint", "coordinates": [ [ -123.354056430240007, 48.423399685135273 ] ] } },
{ "type": "Feature", "properties": { "OBJECTID": 860, "StreetName1": "FERNWOOD RD", "StreetName2": "FORT ST", "Intersection": "FORT ST & FERNWOOD RD", "Jurisdiction": "COV", "POINT_X": 474435.91849999968, "POINT_Y": 5363440.4348000009 }, "geometry": { "type": "MultiPoint", "coordinates": [ [ -123.345556314652299, 48.423600386636878 ] ] } },
{ "type": "Feature", "properties": { "OBJECTID": 861, "StreetName1": "CRAIGDARROCH RD", "StreetName2": "FORT ST", "Intersection": "FORT ST & CRAIGDARROCH RD", "Jurisdiction": "COV", "POINT_X": 474482.59609999973, "POINT_Y": 5363465.2315999996 }, "geometry": { "type": "MultiPoint", "coordinates": [ [ -123.344926910399167, 48.423825360398666 ] ] } },
{ "type": "Feature", "properties": { "OBJECTID": 862, "StreetName1": "CARBERRY GDNS", "StreetName2": "FORT ST", "Intersection": "FORT ST & CARBERRY GDNS", "Jurisdiction": "COV", "POINT_X": 474622.03990000021, "POINT_Y": 5363535.3871999998 }, "geometry": { "type": "MultiPoint", "coordinates": [ [ -123.343046369158074, 48.424462139540353 ] ] } },
{ "type": "Feature", "properties": { "OBJECTID": 863, "StreetName1": "ELFORD ST", "StreetName2": "FORT ST", "Intersection": "FORT ST & ELFORD ST", "Jurisdiction": "COV", "POINT_X": 474752.79289999977, "POINT_Y": 5363598.0335000008 }, "geometry": { "type": "MultiPoint", "coordinates": [ [ -123.341282800451893, 48.425030983289645 ] ] } },
{ "type": "Feature", "properties": { "OBJECTID": 864, "StreetName1": "BELMONT AVE", "StreetName2": "FORT ST", "Intersection": "FORT ST & BELMONT AVE", "Jurisdiction": "COV", "POINT_X": 474991.63910000026, "POINT_Y": 5363712.4591000006 }, "geometry": { "type": "MultiPoint", "coordinates": [ [ -123.338061191100479, 48.426069926935654 ] ] } },
{ "type": "Feature", "properties": { "OBJECTID": 865, "StreetName1": "BELCHER AVE", "StreetName2": "FORT ST", "Intersection": "FORT ST & BELCHER AVE", "Jurisdiction": "COV", "POINT_X": 475369.35240000021, "POINT_Y": 5363969.9274000004 }, "geometry": { "type": "MultiPoint", "coordinates": [ [ -123.332970740167468, 48.428401091199639 ] ] } },
{ "type": "Feature", "properties": { "OBJECTID": 866, "StreetName1": "CHESTNUT ST", "StreetName2": "FORT ST", "Intersection": "FORT ST & CHESTNUT ST", "Jurisdiction": "COV", "POINT_X": 475445.5186000001, "POINT_Y": 5364013.7480999995 }, "geometry": { "type": "MultiPoint", "coordinates": [ [ -123.331943715561152, 48.428798292630788 ] ] } },
{ "type": "Feature", "properties": { "OBJECTID": 867, "StreetName1": "ASHGROVE ST", "StreetName2": "FORT ST", "Intersection": "FORT ST & ASHGROVE ST", "Jurisdiction": "COV", "POINT_X": 475522.46320000011, "POINT_Y": 5364060.3913000003 }, "geometry": { "type": "MultiPoint", "coordinates": [ [ -123.330906317428472, 48.42922090739593 ] ] } },
{ "type": "Feature", "properties": { "OBJECTID": 868, "StreetName1": "BANK ST", "StreetName2": "FORT ST", "Intersection": "FORT ST & BANK ST", "Jurisdiction": "COV", "POINT_X": 475672.6233000001, "POINT_Y": 5364158.4837999996 }, "geometry": { "type": "MultiPoint", "coordinates": [ [ -123.328882158998596, 48.430109202252495 ] ] } },
{ "type": "Feature", "properties": { "OBJECTID": 869, "StreetName1": "DUCHESS ST", "StreetName2": "FORT ST", "Intersection": "FORT ST & DUCHESS ST", "Jurisdiction": "COV", "POINT_X": 475754.396, "POINT_Y": 5364226.0735999998 }, "geometry": { "type": "MultiPoint", "coordinates": [ [ -123.327780653091011, 48.430720418582169 ] ] } },
{ "type": "Feature", "properties": { "OBJECTID": 870, "StreetName1": "DAVIE ST", "StreetName2": "FORT ST", "Intersection": "FORT ST & DAVIE ST", "Jurisdiction": "COV", "POINT_X": 475831.2242000001, "POINT_Y": 5364282.9587999992 }, "geometry": { "type": "MultiPoint", "coordinates": [ [ -123.326745345486444, 48.431235132123838 ] ] } },
{ "type": "Feature", "properties": { "OBJECTID": 871, "StreetName1": "BEAVEN ST", "StreetName2": "FOUL BAY RD", "Intersection": "FOUL BAY RD & BEAVEN ST", "Jurisdiction": "COV", "POINT_X": 475745.05420000013, "POINT_Y": 5362374.1413000003 }, "geometry": { "type": "MultiPoint", "coordinates": [ [ -123.32779979386315, 48.414059379527039 ] ] } },
{ "type": "Feature", "properties": { "OBJECTID": 872, "StreetName1": "CHANDLER AVE", "StreetName2": "FOUL BAY RD", "Intersection": "FOUL BAY RD & CHANDLER AVE", "Jurisdiction": "COV", "POINT_X": 475764.15180000011, "POINT_Y": 5362674.1250999998 }, "geometry": { "type": "MultiPoint", "coordinates": [ [ -123.327559046136642, 48.416758884879137 ] ] } },
{ "type": "Feature", "properties": { "OBJECTID": 873, "StreetName1": "FAIRFIELD RD", "StreetName2": "FOUL BAY RD", "Intersection": "FOUL BAY RD & FAIRFIELD RD", "Jurisdiction": "COV", "POINT_X": 475765.32120000012, "POINT_Y": 5362532.6901999991 }, "geometry": { "type": "MultiPoint", "coordinates": [ [ -123.327535068972495, 48.415486526894917 ] ] } },
{ "type": "Feature", "properties": { "OBJECTID": 874, "StreetName1": "CRESCENT RD", "StreetName2": "FOUL BAY RD", "Intersection": "FOUL BAY RD & CRESCENT RD", "Jurisdiction": "COV", "POINT_X": 475832.2527000001, "POINT_Y": 5362142.7762000002 }, "geometry": { "type": "MultiPoint", "coordinates": [ [ -123.326608070541099, 48.411981279342982 ] ] } },
{ "type": "Feature", "properties": { "OBJECTID": 875, "StreetName1": "BOURCHIER ST", "StreetName2": "FOUL BAY RD", "Intersection": "FOUL BAY RD & BOURCHIER ST", "Jurisdiction": "COV", "POINT_X": 476141.783, "POINT_Y": 5364165.0463999994 }, "geometry": { "type": "MultiPoint", "coordinates": [ [ -123.322540353436324, 48.430186192723433 ] ] } },
{ "type": "Feature", "properties": { "OBJECTID": 876, "StreetName1": "FORT ST", "StreetName2": "FOUL BAY RD", "Intersection": "FOUL BAY RD & FORT ST", "Jurisdiction": "COV", "POINT_X": 476147.8054, "POINT_Y": 5364384.0657000002 }, "geometry": { "type": "MultiPoint", "coordinates": [ [ -123.322471408581549, 48.432156798882048 ] ] } },
{ "type": "Feature", "properties": { "OBJECTID": 877, "StreetName1": "BURNSIDE RD E", "StreetName2": "FRANCES AVE", "Intersection": "FRANCES AVE & BURNSIDE RD E", "Jurisdiction": "COV", "POINT_X": 472258.57330000028, "POINT_Y": 5365805.6687000003 }, "geometry": { "type": "MultiPoint", "coordinates": [ [ -123.375142746309535, 48.444786629163858 ] ] } },
{ "type": "Feature", "properties": { "OBJECTID": 878, "StreetName1": "DOUGLAS ST", "StreetName2": "FRANCES AVE", "Intersection": "FRANCES AVE & DOUGLAS ST", "Jurisdiction": "COV", "POINT_X": 472549.37160000019, "POINT_Y": 5365921.3072999995 }, "geometry": { "type": "MultiPoint", "coordinates": [ [ -123.371218155163888, 48.445839699287504 ] ] } },
{ "type": "Feature", "properties": { "OBJECTID": 879, "StreetName1": "ALPHA ST", "StreetName2": "GAMMA ST", "Intersection": "GAMMA ST & ALPHA ST", "Jurisdiction": "COV", "POINT_X": 472256.41220000014, "POINT_Y": 5366051.9109000005 }, "geometry": { "type": "MultiPoint", "coordinates": [ [ -123.375188285147559, 48.447001800982335 ] ] } },
{ "type": "Feature", "properties": { "OBJECTID": 880, "StreetName1": "DELTA ST", "StreetName2": "GAMMA ST", "Intersection": "GAMMA ST & DELTA ST", "Jurisdiction": "COV", "POINT_X": 472285.84619999956, "POINT_Y": 5365978.0321999993 }, "geometry": { "type": "MultiPoint", "coordinates": [ [ -123.374785371283096, 48.446338463500517 ] ] } },
{ "type": "Feature", "properties": { "OBJECTID": 881, "StreetName1": "BRIDGE ST", "StreetName2": "GARBALLY RD", "Intersection": "GARBALLY RD & BRIDGE ST", "Jurisdiction": "COV", "POINT_X": 472379.70079999976, "POINT_Y": 5365318.0253 }, "geometry": { "type": "MultiPoint", "coordinates": [ [ -123.373472698716441, 48.44040497015002 ] ] } },
{ "type": "Feature", "properties": { "OBJECTID": 882, "StreetName1": "DOUGLAS ST", "StreetName2": "GARBALLY RD", "Intersection": "GARBALLY RD & DOUGLAS ST", "Jurisdiction": "COV", "POINT_X": 472750.5784, "POINT_Y": 5365388.733 }, "geometry": { "type": "MultiPoint", "coordinates": [ [ -123.368462724962086, 48.441057243031089 ] ] } },
{ "type": "Feature", "properties": { "OBJECTID": 883, "StreetName1": "BAY ST", "StreetName2": "GARDEN ST", "Intersection": "GARDEN ST & BAY ST", "Jurisdiction": "COV", "POINT_X": 474383.65380000044, "POINT_Y": 5364662.1553000007 }, "geometry": { "type": "MultiPoint", "coordinates": [ [ -123.346337423753397, 48.434589286351908 ] ] } },
{ "type": "Feature", "properties": { "OBJECTID": 884, "StreetName1": "CENTRAL SPUR RD", "StreetName2": "GAUDIN RD", "Intersection": "GAUDIN RD & CENTRAL SPUR RD", "Jurisdiction": "COV", "POINT_X": 471823.41160000023, "POINT_Y": 5364749.3756000008 }, "geometry": { "type": "MultiPoint", "coordinates": [ [ -123.380955932961612, 48.435264571425733 ] ] } },
{ "type": "Feature", "properties": { "OBJECTID": 885, "StreetName1": "BUSHBY ST", "StreetName2": "GEORGE ST", "Intersection": "GEORGE ST & BUSHBY ST", "Jurisdiction": "COV", "POINT_X": 474210.41420000046, "POINT_Y": 5361698.9922000002 }, "geometry": { "type": "MultiPoint", "coordinates": [ [ -123.348497234927692, 48.407924536183607 ] ] } },
{ "type": "Feature", "properties": { "OBJECTID": 886, "StreetName1": "CHAMBERS ST", "StreetName2": "GLADSTONE AVE", "Intersection": "GLADSTONE AVE & CHAMBERS ST", "Jurisdiction": "COV", "POINT_X": 474119.76350000035, "POINT_Y": 5364235.0369000006 }, "geometry": { "type": "MultiPoint", "coordinates": [ [ -123.349878659500334, 48.430735991914453 ] ] } },
{ "type": "Feature", "properties": { "OBJECTID": 887, "StreetName1": "FERNWOOD RD", "StreetName2": "GLADSTONE AVE", "Intersection": "GLADSTONE AVE & FERNWOOD RD", "Jurisdiction": "COV", "POINT_X": 474466.9161, "POINT_Y": 5364203.5022999998 }, "geometry": { "type": "MultiPoint", "coordinates": [ [ -123.345183824184204, 48.430466468407296 ] ] } },
{ "type": "Feature", "properties": { "OBJECTID": 888, "StreetName1": "BELMONT AVE", "StreetName2": "GLADSTONE AVE", "Intersection": "GLADSTONE AVE & BELMONT AVE", "Jurisdiction": "COV", "POINT_X": 474927.808, "POINT_Y": 5364185.1524 }, "geometry": { "type": "MultiPoint", "coordinates": [ [ -123.338952279265925, 48.430319906508942 ] ] } },
{ "type": "Feature", "properties": { "OBJECTID": 889, "StreetName1": "BEGBIE ST", "StreetName2": "GLADSTONE AVE", "Intersection": "GLADSTONE AVE & BEGBIE ST", "Jurisdiction": "COV", "POINT_X": 475310.8618000001, "POINT_Y": 5364169.9232000001 }, "geometry": { "type": "MultiPoint", "coordinates": [ [ -123.333773181062867, 48.430198034874252 ] ] } },
{ "type": "Feature", "properties": { "OBJECTID": 890, "StreetName1": "FINLAYSON ST", "StreetName2": "GLASGOW ST", "Intersection": "GLASGOW ST & FINLAYSON ST", "Jurisdiction": "COV", "POINT_X": 473206.24590000045, "POINT_Y": 5365951.3727000002 }, "geometry": { "type": "MultiPoint", "coordinates": [ [ -123.362337638411432, 48.446138485644418 ] ] } },
{ "type": "Feature", "properties": { "OBJECTID": 891, "StreetName1": "GILLIE PL", "StreetName2": "GLASGOW ST", "Intersection": "GLASGOW ST & GILLIE PL", "Jurisdiction": "COV", "POINT_X": 473270.70320000034, "POINT_Y": 5365525.2639000006 }, "geometry": { "type": "MultiPoint", "coordinates": [ [ -123.361438823054755, 48.44230781978353 ] ] } },
{ "type": "Feature", "properties": { "OBJECTID": 892, "StreetName1": "DESPARD AVE", "StreetName2": "GONZALES AVE", "Intersection": "GONZALES AVE & DESPARD AVE", "Jurisdiction": "COV", "POINT_X": 475409.5334000001, "POINT_Y": 5362971.0579000004 }, "geometry": { "type": "MultiPoint", "coordinates": [ [ -123.332622031724966, 48.419500502147585 ] ] } },
{ "type": "Feature", "properties": { "OBJECTID": 893, "StreetName1": "FOUL BAY RD", "StreetName2": "GONZALES AVE", "Intersection": "GONZALES AVE & FOUL BAY RD", "Jurisdiction": "COV", "POINT_X": 475779.72449999955, "POINT_Y": 5362799.24 }, "geometry": { "type": "MultiPoint", "coordinates": [ [ -123.327355813222169, 48.417885065519371 ] ] } },
{ "type": "Feature", "properties": { "OBJECTID": 894, "StreetName1": "COURTNEY ST", "StreetName2": "GORDON ST", "Intersection": "GORDON ST & COURTNEY ST", "Jurisdiction": "COV", "POINT_X": 472821.08079999965, "POINT_Y": 5363431.8261999991 }, "geometry": { "type": "MultiPoint", "coordinates": [ [ -123.367382526832557, 48.42345532612098 ] ] } },
{ "type": "Feature", "properties": { "OBJECTID": 895, "StreetName1": "BROUGHTON ST", "StreetName2": "GORDON ST", "Intersection": "GORDON ST & BROUGHTON ST", "Jurisdiction": "COV", "POINT_X": 472834.6623999998, "POINT_Y": 5363508.4245999996 }, "geometry": { "type": "MultiPoint", "coordinates": [ [ -123.36720391706352, 48.42414501701839 ] ] } },
{ "type": "Feature", "properties": { "OBJECTID": 896, "StreetName1": "BALFOUR AVE", "StreetName2": "GORGE RD E", "Intersection": "GORGE RD E & BALFOUR AVE", "Jurisdiction": "COV", "POINT_X": 471426.1267, "POINT_Y": 5365665.8061999995 }, "geometry": { "type": "MultiPoint", "coordinates": [ [ -123.386389523672662, 48.443491142855642 ] ] } },
{ "type": "Feature", "properties": { "OBJECTID": 897, "StreetName1": "ALBANY ST", "StreetName2": "GORGE RD E", "Intersection": "GORGE RD E & ALBANY ST", "Jurisdiction": "COV", "POINT_X": 471519.71850000042, "POINT_Y": 5365650.5655000005 }, "geometry": { "type": "MultiPoint", "coordinates": [ [ -123.385122973635575, 48.443358275166979 ] ] } },
{ "type": "Feature", "properties": { "OBJECTID": 898, "StreetName1": "CARROLL ST", "StreetName2": "GORGE RD E", "Intersection": "GORGE RD E & CARROLL ST", "Jurisdiction": "COV", "POINT_X": 471612.38460000046, "POINT_Y": 5365635.4857000001 }, "geometry": { "type": "MultiPoint", "coordinates": [ [ -123.383868957939953, 48.443226799270406 ] ] } },
{ "type": "Feature", "properties": { "OBJECTID": 899, "StreetName1": "DUNEDIN ST", "StreetName2": "GORGE RD E", "Intersection": "GORGE RD E & DUNEDIN ST", "Jurisdiction": "COV", "POINT_X": 472284.6952, "POINT_Y": 5365403.1129000001 }, "geometry": { "type": "MultiPoint", "coordinates": [ [ -123.374762883628961, 48.441166267934179 ] ] } },
{ "type": "Feature", "properties": { "OBJECTID": 900, "StreetName1": "BRIDGE ST", "StreetName2": "GORGE RD E", "Intersection": "GORGE RD E & BRIDGE ST", "Jurisdiction": "COV", "POINT_X": 472372.72869999986, "POINT_Y": 5365352.129000001 }, "geometry": { "type": "MultiPoint", "coordinates": [ [ -123.373569216920501, 48.440711471414225 ] ] } },
{ "type": "Feature", "properties": { "OBJECTID": 901, "StreetName1": "GARBALLY RD", "StreetName2": "GORGE RD E", "Intersection": "GORGE RD E & GARBALLY RD", "Jurisdiction": "COV", "POINT_X": 472418.07490000036, "POINT_Y": 5365325.8705000002 }, "geometry": { "type": "MultiPoint", "coordinates": [ [ -123.372954365765068, 48.440477230616231 ] ] } },
{ "type": "Feature", "properties": { "OBJECTID": 902, "StreetName1": "DAVID ST", "StreetName2": "GORGE RD E", "Intersection": "GORGE RD E & DAVID ST", "Jurisdiction": "COV", "POINT_X": 472737.91640000045, "POINT_Y": 5365137.1774000004 }, "geometry": { "type": "MultiPoint", "coordinates": [ [ -123.368617554046395, 48.438793622723892 ] ] } },
{ "type": "Feature", "properties": { "OBJECTID": 903, "StreetName1": "DOUGLAS ST", "StreetName2": "GORGE RD E", "Intersection": "GORGE RD E & DOUGLAS ST", "Jurisdiction": "COV", "POINT_X": 472863.837, "POINT_Y": 5365081.5833000001 }, "geometry": { "type": "MultiPoint", "coordinates": [ [ -123.366911454333973, 48.438298921534077 ] ] } },
{ "type": "Feature", "properties": { "OBJECTID": 904, "StreetName1": "CEDAR HILL RD", "StreetName2": "GOSWORTH RD", "Intersection": "GOSWORTH RD & CEDAR HILL RD", "Jurisdiction": "COV", "POINT_X": 474509.89769999962, "POINT_Y": 5366040.5821000002 }, "geometry": { "type": "MultiPoint", "coordinates": [ [ -123.344714586429888, 48.446995194767034 ] ] } },
{ "type": "Feature", "properties": { "OBJECTID": 905, "StreetName1": "CLAWTHORPE AVE", "StreetName2": "GOSWORTH RD", "Intersection": "GOSWORTH RD & CLAWTHORPE AVE", "Jurisdiction": "COV", "POINT_X": 474531.6892, "POINT_Y": 5365988.5379000008 }, "geometry": { "type": "MultiPoint", "coordinates": [ [ -123.344416742374449, 48.446527870643614 ] ] } },
{ "type": "Feature", "properties": { "OBJECTID": 906, "StreetName1": "BURTON AVE", "StreetName2": "GOSWORTH RD", "Intersection": "GOSWORTH RD & BURTON AVE", "Jurisdiction": "COV", "POINT_X": 474576.05840000045, "POINT_Y": 5365902.4332 }, "geometry": { "type": "MultiPoint", "coordinates": [ [ -123.343811531516067, 48.445755038896934 ] ] } },
{ "type": "Feature", "properties": { "OBJECTID": 907, "StreetName1": "EDGEWARE RD", "StreetName2": "GOSWORTH RD", "Intersection": "GOSWORTH RD & EDGEWARE RD", "Jurisdiction": "COV", "POINT_X": 474666.88169999979, "POINT_Y": 5365727.902000001 }, "geometry": { "type": "MultiPoint", "coordinates": [ [ -123.342572832786942, 48.444188561662337 ] ] } },
{ "type": "Feature", "properties": { "OBJECTID": 908, "StreetName1": "DALLAS RD", "StreetName2": "GOVERNMENT ST", "Intersection": "GOVERNMENT ST & DALLAS RD", "Jurisdiction": "COV", "POINT_X": 472329.82189999986, "POINT_Y": 5361970.7882000003 }, "geometry": { "type": "MultiPoint", "coordinates": [ [ -123.373926143877028, 48.410289940465788 ] ] } },
{ "type": "Feature", "properties": { "OBJECTID": 909, "StreetName1": "BATTERY ST", "StreetName2": "GOVERNMENT ST", "Intersection": "GOVERNMENT ST & BATTERY ST", "Jurisdiction": "COV", "POINT_X": 472424.99019999988, "POINT_Y": 5362100.9321999997 }, "geometry": { "type": "MultiPoint", "coordinates": [ [ -123.372648704385512, 48.411464933451661 ] ] } },
{ "type": "Feature", "properties": { "OBJECTID": 910, "StreetName1": "BELLEVILLE ST", "StreetName2": "GOVERNMENT ST", "Intersection": "GOVERNMENT ST & BELLEVILLE ST", "Jurisdiction": "COV", "POINT_X": 472708.60539999977, "POINT_Y": 5363121.0121999998 }, "geometry": { "type": "MultiPoint", "coordinates": [ [ -123.368882549407147, 48.420654274895355 ] ] } },
{ "type": "Feature", "properties": { "OBJECTID": 911, "StreetName1": "COURTNEY ST", "StreetName2": "GOVERNMENT ST", "Intersection": "GOVERNMENT ST & COURTNEY ST", "Jurisdiction": "COV", "POINT_X": 472760.99789999984, "POINT_Y": 5363441.4385000002 }, "geometry": { "type": "MultiPoint", "coordinates": [ [ -123.368195252294854, 48.423539205999887 ] ] } },
{ "type": "Feature", "properties": { "OBJECTID": 912, "StreetName1": "BROUGHTON ST", "StreetName2": "GOVERNMENT ST", "Intersection": "GOVERNMENT ST & BROUGHTON ST", "Jurisdiction": "COV", "POINT_X": 472773.62079999968, "POINT_Y": 5363518.0154999997 }, "geometry": { "type": "MultiPoint", "coordinates": [ [ -123.368029610162907, 48.424228664157084 ] ] } },
{ "type": "Feature", "properties": { "OBJECTID": 913, "StreetName1": "FORT ST", "StreetName2": "GOVERNMENT ST", "Intersection": "GOVERNMENT ST & FORT ST", "Jurisdiction": "COV", "POINT_X": 472785.9310999997, "POINT_Y": 5363590.2871000003 }, "geometry": { "type": "MultiPoint", "coordinates": [ [ -123.367867909413349, 48.424879375680987 ] ] } },
{ "type": "Feature", "properties": { "OBJECTID": 914, "StreetName1": "BASTION SQ", "StreetName2": "GOVERNMENT ST", "Intersection": "GOVERNMENT ST & BASTION SQ", "Jurisdiction": "COV", "POINT_X": 472800.40390000027, "POINT_Y": 5363682.5504000001 }, "geometry": { "type": "MultiPoint", "coordinates": [ [ -123.367678271580559, 48.425710032301865 ] ] } },
{ "type": "Feature", "properties": { "OBJECTID": 915, "StreetName1": "GORGE RD E", "StreetName2": "GOVERNMENT ST", "Intersection": "GOVERNMENT ST & GORGE RD E", "Jurisdiction": "COV", "POINT_X": 472820.04920000024, "POINT_Y": 5365094.8867000006 }, "geometry": { "type": "MultiPoint", "coordinates": [ [ -123.367504340799272, 48.438416713999196 ] ] } },
{ "type": "Feature", "properties": { "OBJECTID": 916, "StreetName1": "BAY ST", "StreetName2": "GOVERNMENT ST", "Intersection": "GOVERNMENT ST & BAY ST", "Jurisdiction": "COV", "POINT_X": 472830.123, "POINT_Y": 5364801.3693000004 }, "geometry": { "type": "MultiPoint", "coordinates": [ [ -123.367349102233035, 48.43577657382675 ] ] } },
{ "type": "Feature", "properties": { "OBJECTID": 917, "StreetName1": "DOUGLAS ST", "StreetName2": "GOVERNMENT ST", "Intersection": "GOVERNMENT ST & DOUGLAS ST", "Jurisdiction": "COV", "POINT_X": 472831.66160000023, "POINT_Y": 5365168.4077000003 }, "geometry": { "type": "MultiPoint", "coordinates": [ [ -123.367352106329932, 48.439078633177878 ] ] } },
{ "type": "Feature", "properties": { "OBJECTID": 918, "StreetName1": "DISCOVERY ST", "StreetName2": "GOVERNMENT ST", "Intersection": "GOVERNMENT ST & DISCOVERY ST", "Jurisdiction": "COV", "POINT_X": 472839.92239999957, "POINT_Y": 5364370.9107000008 }, "geometry": { "type": "MultiPoint", "coordinates": [ [ -123.367188713473482, 48.431904453146423 ] ] } },
{ "type": "Feature", "properties": { "OBJECTID": 919, "StreetName1": "CHATHAM ST", "StreetName2": "GOVERNMENT ST", "Intersection": "GOVERNMENT ST & CHATHAM ST", "Jurisdiction": "COV", "POINT_X": 472841.9896999998, "POINT_Y": 5364277.2882000003 }, "geometry": { "type": "MultiPoint", "coordinates": [ [ -123.367154698626521, 48.431062283952578 ] ] } },
{ "type": "Feature", "properties": { "OBJECTID": 920, "StreetName1": "FISGARD ST", "StreetName2": "GOVERNMENT ST", "Intersection": "GOVERNMENT ST & FISGARD ST", "Jurisdiction": "COV", "POINT_X": 472846.1233000001, "POINT_Y": 5364090.1044999994 }, "geometry": { "type": "MultiPoint", "coordinates": [ [ -123.36708669003194, 48.429378496587141 ] ] } },
{ "type": "Feature", "properties": { "OBJECTID": 921, "StreetName1": "BAY ST", "StreetName2": "GRAHAM ST", "Intersection": "GRAHAM ST & BAY ST", "Jurisdiction": "COV", "POINT_X": 473771.87930000015, "POINT_Y": 5364722.8716000002 }, "geometry": { "type": "MultiPoint", "coordinates": [ [ -123.354611997188471, 48.435110321461643 ] ] } },
{ "type": "Feature", "properties": { "OBJECTID": 922, "StreetName1": "AMPHION ST", "StreetName2": "GRANITE ST", "Intersection": "GRANITE ST & AMPHION ST", "Jurisdiction": "COV", "POINT_X": 476075.9156, "POINT_Y": 5363592.9642999992 }, "geometry": { "type": "MultiPoint", "coordinates": [ [ -123.323398105333467, 48.425037030358816 ] ] } },
{ "type": "Feature", "properties": { "OBJECTID": 923, "StreetName1": "COOK ST", "StreetName2": "GRANT ST", "Intersection": "GRANT ST & COOK ST", "Jurisdiction": "COV", "POINT_X": 473883.0382000003, "POINT_Y": 5364050.7167000007 }, "geometry": { "type": "MultiPoint", "coordinates": [ [ -123.353067294324077, 48.429068010421929 ] ] } },
{ "type": "Feature", "properties": { "OBJECTID": 924, "StreetName1": "CHAMBERS ST", "StreetName2": "GRANT ST", "Intersection": "GRANT ST & CHAMBERS ST", "Jurisdiction": "COV", "POINT_X": 474100.93439999968, "POINT_Y": 5364029.948000001 }, "geometry": { "type": "MultiPoint", "coordinates": [ [ -123.350120521906987, 48.428890167520251 ] ] } },
{ "type": "Feature", "properties": { "OBJECTID": 925, "StreetName1": "CAMOSUN ST", "StreetName2": "GRANT ST", "Intersection": "GRANT ST & CAMOSUN ST", "Jurisdiction": "COV", "POINT_X": 474343.64659999963, "POINT_Y": 5364011.2655999996 }, "geometry": { "type": "MultiPoint", "coordinates": [ [ -123.346838440525019, 48.428732029747849 ] ] } },
{ "type": "Feature", "properties": { "OBJECTID": 926, "StreetName1": "FERNWOOD RD", "StreetName2": "GRANT ST", "Intersection": "GRANT ST & FERNWOOD RD", "Jurisdiction": "COV", "POINT_X": 474459.78760000039, "POINT_Y": 5364000.8702000007 }, "geometry": { "type": "MultiPoint", "coordinates": [ [ -123.345267839465265, 48.428643230292174 ] ] } },
{ "type": "Feature", "properties": { "OBJECTID": 927, "StreetName1": "BELMONT AVE", "StreetName2": "GRANT ST", "Intersection": "GRANT ST & BELMONT AVE", "Jurisdiction": "COV", "POINT_X": 474930.93020000029, "POINT_Y": 5363987.2278000005 }, "geometry": { "type": "MultiPoint", "coordinates": [ [ -123.338898232784032, 48.428539430890417 ] ] } },
{ "type": "Feature", "properties": { "OBJECTID": 928, "StreetName1": "CEDAR HILL RD", "StreetName2": "GROSVENOR RD", "Intersection": "GROSVENOR RD & CEDAR HILL RD", "Jurisdiction": "COV", "POINT_X": 474349.904, "POINT_Y": 5365587.222 }, "geometry": { "type": "MultiPoint", "coordinates": [ [ -123.346850347585161, 48.442910120074792 ] ] } },
{ "type": "Feature", "properties": { "OBJECTID": 929, "StreetName1": "BELMONT AVE", "StreetName2": "HAMILTON RD", "Intersection": "HAMILTON RD & BELMONT AVE", "Jurisdiction": "COV", "POINT_X": 474929.5916, "POINT_Y": 5365373.2903000005 }, "geometry": { "type": "MultiPoint", "coordinates": [ [ -123.338999271264726, 48.441008875939751 ] ] } },
{ "type": "Feature", "properties": { "OBJECTID": 930, "StreetName1": "ARNOLD AVE", "StreetName2": "HAMLEY ST", "Intersection": "HAMLEY ST & ARNOLD AVE", "Jurisdiction": "COV", "POINT_X": 474760.84819999989, "POINT_Y": 5362522.8855000008 }, "geometry": { "type": "MultiPoint", "coordinates": [ [ -123.341109199077067, 48.415358879912553 ] ] } },
{ "type": "Feature", "properties": { "OBJECTID": 931, "StreetName1": "FAIRFIELD RD", "StreetName2": "HARBINGER AVE", "Intersection": "HARBINGER AVE & FAIRFIELD RD", "Jurisdiction": "COV", "POINT_X": 474043.23759999964, "POINT_Y": 5362641.7095 }, "geometry": { "type": "MultiPoint", "coordinates": [ [ -123.350814502397569, 48.416398706680702 ] ] } },
{ "type": "Feature", "properties": { "OBJECTID": 932, "StreetName1": "ESQUIMALT RD", "StreetName2": "HARBOUR RD", "Intersection": "HARBOUR RD & ESQUIMALT RD", "Jurisdiction": "COV", "POINT_X": 472263.3037, "POINT_Y": 5363957.4406000003 }, "geometry": { "type": "MultiPoint", "coordinates": [ [ -123.374956408363289, 48.42815960771815 ] ] } },
{ "type": "Feature", "properties": { "OBJECTID": 933, "StreetName1": "GORGE RD E", "StreetName2": "HARRIET RD", "Intersection": "HARRIET RD & GORGE RD E", "Jurisdiction": "COV", "POINT_X": 471123.33849999961, "POINT_Y": 5365715.9847 }, "geometry": { "type": "MultiPoint", "coordinates": [ [ -123.390487171288058, 48.443928743606655 ] ] } },
{ "type": "Feature", "properties": { "OBJECTID": 934, "StreetName1": "CHOWN PL", "StreetName2": "HARRIET RD", "Intersection": "HARRIET RD & CHOWN PL", "Jurisdiction": "COV", "POINT_X": 471296.4358000001, "POINT_Y": 5365956.4311999995 }, "geometry": { "type": "MultiPoint", "coordinates": [ [ -123.388163077728223, 48.446099785976443 ] ] } },
{ "type": "Feature", "properties": { "OBJECTID": 935, "StreetName1": "BURNSIDE RD E", "StreetName2": "HARRIET RD", "Intersection": "HARRIET RD & BURNSIDE RD E", "Jurisdiction": "COV", "POINT_X": 471561.84449999966, "POINT_Y": 5366328.906 }, "geometry": { "type": "MultiPoint", "coordinates": [ [ -123.384599437633312, 48.449462722937007 ] ] } },
{ "type": "Feature", "properties": { "OBJECTID": 936, "StreetName1": "FORT ST", "StreetName2": "HARRISON ST", "Intersection": "HARRISON ST & FORT ST", "Jurisdiction": "COV", "POINT_X": 474563.30829999968, "POINT_Y": 5363507.9072999991 }, "geometry": { "type": "MultiPoint", "coordinates": [ [ -123.343838555686048, 48.424212551204782 ] ] } },
{ "type": "Feature", "properties": { "OBJECTID": 937, "StreetName1": "BLACKWOOD ST", "StreetName2": "HAULTAIN ST", "Intersection": "HAULTAIN ST & BLACKWOOD ST", "Jurisdiction": "COV", "POINT_X": 473919.284, "POINT_Y": 5364880.1313000005 }, "geometry": { "type": "MultiPoint", "coordinates": [ [ -123.352628956657327, 48.436531205522485 ] ] } },
{ "type": "Feature", "properties": { "OBJECTID": 938, "StreetName1": "COOK ST", "StreetName2": "HAULTAIN ST", "Intersection": "HAULTAIN ST & COOK ST", "Jurisdiction": "COV", "POINT_X": 473955.8607000001, "POINT_Y": 5364868.6462999992 }, "geometry": { "type": "MultiPoint", "coordinates": [ [ -123.352133731811477, 48.43642939689412 ] ] } },
{ "type": "Feature", "properties": { "OBJECTID": 939, "StreetName1": "EMPIRE ST", "StreetName2": "HAULTAIN ST", "Intersection": "HAULTAIN ST & EMPIRE ST", "Jurisdiction": "COV", "POINT_X": 474051.148, "POINT_Y": 5364859.4208000004 }, "geometry": { "type": "MultiPoint", "coordinates": [ [ -123.350844894559671, 48.436350336025285 ] ] } },
{ "type": "Feature", "properties": { "OBJECTID": 940, "StreetName1": "CAPITAL HTS", "StreetName2": "HAULTAIN ST", "Intersection": "HAULTAIN ST & CAPITAL HTS", "Jurisdiction": "COV", "POINT_X": 474146.39429999981, "POINT_Y": 5364851.4148999993 }, "geometry": { "type": "MultiPoint", "coordinates": [ [ -123.349556690808797, 48.436282230956337 ] ] } },
{ "type": "Feature", "properties": { "OBJECTID": 941, "StreetName1": "CEDAR HILL RD", "StreetName2": "HAULTAIN ST", "Intersection": "HAULTAIN ST & CEDAR HILL RD", "Jurisdiction": "COV", "POINT_X": 474342.57909999974, "POINT_Y": 5364846.4812000003 }, "geometry": { "type": "MultiPoint", "coordinates": [ [ -123.346904014863142, 48.436245871859029 ] ] } },
{ "type": "Feature", "properties": { "OBJECTID": 942, "StreetName1": "GARDEN ST", "StreetName2": "HAULTAIN ST", "Intersection": "HAULTAIN ST & GARDEN ST", "Jurisdiction": "COV", "POINT_X": 474388.50519999955, "POINT_Y": 5364845.49 }, "geometry": { "type": "MultiPoint", "coordinates": [ [ -123.346283044234667, 48.436238824741849 ] ] } },
{ "type": "Feature", "properties": { "OBJECTID": 943, "StreetName1": "FERNWOOD RD", "StreetName2": "HAULTAIN ST", "Intersection": "HAULTAIN ST & FERNWOOD RD", "Jurisdiction": "COV", "POINT_X": 474487.19770000037, "POINT_Y": 5364843.3606000002 }, "geometry": { "type": "MultiPoint", "coordinates": [ [ -123.344948615269942, 48.436223675235496 ] ] } },
{ "type": "Feature", "properties": { "OBJECTID": 944, "StreetName1": "AVEBURY AVE", "StreetName2": "HAULTAIN ST", "Intersection": "HAULTAIN ST & AVEBURY AVE", "Jurisdiction": "COV", "POINT_X": 474684.37640000042, "POINT_Y": 5364838.8455999997 }, "geometry": { "type": "MultiPoint", "coordinates": [ [ -123.342282533118777, 48.436191016637039 ] ] } },
{ "type": "Feature", "properties": { "OBJECTID": 945, "StreetName1": "ASQUITH ST", "StreetName2": "HAULTAIN ST", "Intersection": "HAULTAIN ST & ASQUITH ST", "Jurisdiction": "COV", "POINT_X": 474783.011, "POINT_Y": 5364836.5797000006 }, "geometry": { "type": "MultiPoint", "coordinates": [ [ -123.340948880928295, 48.436174590415384 ] ] } },
{ "type": "Feature", "properties": { "OBJECTID": 946, "StreetName1": "BELMONT AVE", "StreetName2": "HAULTAIN ST", "Intersection": "HAULTAIN ST & BELMONT AVE", "Jurisdiction": "COV", "POINT_X": 474869.9594000001, "POINT_Y": 5364834.5821000002 }, "geometry": { "type": "MultiPoint", "coordinates": [ [ -123.339773240114752, 48.436160096080421 ] ] } },
{ "type": "Feature", "properties": { "OBJECTID": 947, "StreetName1": "FORBES ST", "StreetName2": "HAULTAIN ST", "Intersection": "HAULTAIN ST & FORBES ST", "Jurisdiction": "COV", "POINT_X": 474961.10510000028, "POINT_Y": 5364832.4879000001 }, "geometry": { "type": "MultiPoint", "coordinates": [ [ -123.338540847693352, 48.436144887638164 ] ] } },
{ "type": "Feature", "properties": { "OBJECTID": 948, "StreetName1": "EMPIRE ST", "StreetName2": "HAYWARD HTS", "Intersection": "HAYWARD HTS & EMPIRE ST", "Jurisdiction": "COV", "POINT_X": 474069.36830000021, "POINT_Y": 5365101.2488000002 }, "geometry": { "type": "MultiPoint", "coordinates": [ [ -123.350613529990724, 48.438526651542759 ] ] } },
{ "type": "Feature", "properties": { "OBJECTID": 949, "StreetName1": "BASTION SQ", "StreetName2": "HELMCKEN ALLEY", "Intersection": "HELMCKEN ALLEY & BASTION SQ", "Jurisdiction": "COV", "POINT_X": 472682.9338999996, "POINT_Y": 5363698.6589000002 }, "geometry": { "type": "MultiPoint", "coordinates": [ [ -123.369267155880394, 48.425849865354252 ] ] } },
{ "type": "Feature", "properties": { "OBJECTID": 950, "StreetName1": "CATHERINE ST", "StreetName2": "HENRY ST", "Intersection": "HENRY ST & CATHERINE ST", "Jurisdiction": "COV", "POINT_X": 471540.38460000046, "POINT_Y": 5364404.6375999991 }, "geometry": { "type": "MultiPoint", "coordinates": [ [ -123.384758884624944, 48.432150473585878 ] ] } },
{ "type": "Feature", "properties": { "OBJECTID": 951, "StreetName1": "BAY ST", "StreetName2": "HENRY ST", "Intersection": "HENRY ST & BAY ST", "Jurisdiction": "COV", "POINT_X": 471651.2734000003, "POINT_Y": 5364402.5554000009 }, "geometry": { "type": "MultiPoint", "coordinates": [ [ -123.383259680038989, 48.432136743844175 ] ] } },
{ "type": "Feature", "properties": { "OBJECTID": 952, "StreetName1": "GOVERNMENT ST", "StreetName2": "HERALD ST", "Intersection": "HERALD ST & GOVERNMENT ST", "Jurisdiction": "COV", "POINT_X": 472844.06390000042, "POINT_Y": 5364183.3607000001 }, "geometry": { "type": "MultiPoint", "coordinates": [ [ -123.367120571942763, 48.430217371040314 ] ] } },
{ "type": "Feature", "properties": { "OBJECTID": 953, "StreetName1": "DOUGLAS ST", "StreetName2": "HERALD ST", "Intersection": "HERALD ST & DOUGLAS ST", "Jurisdiction": "COV", "POINT_X": 473037.51410000026, "POINT_Y": 5364186.7195999995 }, "geometry": { "type": "MultiPoint", "coordinates": [ [ -123.364505701697951, 48.430255901886774 ] ] } },
{ "type": "Feature", "properties": { "OBJECTID": 954, "StreetName1": "BLANSHARD ST", "StreetName2": "HERALD ST", "Intersection": "HERALD ST & BLANSHARD ST", "Jurisdiction": "COV", "POINT_X": 473231.45050000027, "POINT_Y": 5364172.8705000002 }, "geometry": { "type": "MultiPoint", "coordinates": [ [ -123.36188315541709, 48.430139585121275 ] ] } },
{ "type": "Feature", "properties": { "OBJECTID": 955, "StreetName1": "DOMINION RD", "StreetName2": "HEREWARD RD", "Intersection": "HEREWARD RD & DOMINION RD", "Jurisdiction": "COV", "POINT_X": 470867.3842000002, "POINT_Y": 5364837.1974999998 }, "geometry": { "type": "MultiPoint", "coordinates": [ [ -123.393886991107607, 48.436011129870067 ] ] } },
{ "type": "Feature", "properties": { "OBJECTID": 956, "StreetName1": "CEDAR HILL RD", "StreetName2": "HESPLER PL", "Intersection": "HESPLER PL & CEDAR HILL RD", "Jurisdiction": "COV", "POINT_X": 474529.53380000032, "POINT_Y": 5365335.5308999997 }, "geometry": { "type": "MultiPoint", "coordinates": [ [ -123.344406169346115, 48.4406531186522 ] ] } },
{ "type": "Feature", "properties": { "OBJECTID": 957, "StreetName1": "CAMAS CIR", "StreetName2": "HEYWOOD WAY", "Intersection": "HEYWOOD WAY & CAMAS CIR", "Jurisdiction": "COV", "POINT_X": 473206.5642, "POINT_Y": 5362071.8628000002 }, "geometry": { "type": "MultiPoint", "coordinates": [ [ -123.362085307662767, 48.411237134067157 ] ] } },
{ "type": "Feature", "properties": { "OBJECTID": 958, "StreetName1": "BRIDGE WAY", "StreetName2": "HEYWOOD WAY", "Intersection": "HEYWOOD WAY & BRIDGE WAY", "Jurisdiction": "COV", "POINT_X": 473281.98, "POINT_Y": 5362154.9581000004 }, "geometry": { "type": "MultiPoint", "coordinates": [ [ -123.361071498148135, 48.411987891778075 ] ] } },
{ "type": "Feature", "properties": { "OBJECTID": 959, "StreetName1": "HEYWOOD AVE", "StreetName2": "HEYWOOD WAY", "Intersection": "HEYWOOD WAY & HEYWOOD AVE", "Jurisdiction": "COV", "POINT_X": 473317.2368000001, "POINT_Y": 5362251.424000001 }, "geometry": { "type": "MultiPoint", "coordinates": [ [ -123.360601198404211, 48.412857227850068 ] ] } },
{ "type": "Feature", "properties": { "OBJECTID": 960, "StreetName1": "CEDAR HILL RD", "StreetName2": "HIBBERSON CRES", "Intersection": "HIBBERSON CRES & CEDAR HILL RD", "Jurisdiction": "COV", "POINT_X": 474345.04214999976, "POINT_Y": 5365780.4008499999 }, "geometry": { "type": "MultiPoint", "coordinates": [ [ -123.347154438034536, 48.444410376954146 ], [ -123.346701405166584, 48.444885265766636 ] ] } },
{ "type": "Feature", "properties": { "OBJECTID": 961, "StreetName1": "COOK ST", "StreetName2": "HIGGINS ST", "Intersection": "HIGGINS ST & COOK ST", "Jurisdiction": "COV", "POINT_X": 474139.22329999972, "POINT_Y": 5365512.0836999994 }, "geometry": { "type": "MultiPoint", "coordinates": [ [ -123.349694432609809, 48.442225530446173 ] ] } },
{ "type": "Feature", "properties": { "OBJECTID": 962, "StreetName1": "BASIL AVE", "StreetName2": "HIGGINS ST", "Intersection": "HIGGINS ST & BASIL AVE", "Jurisdiction": "COV", "POINT_X": 474155.1634, "POINT_Y": 5365426.6306999996 }, "geometry": { "type": "MultiPoint", "coordinates": [ [ -123.34947362739635, 48.441457422183326 ] ] } },
{ "type": "Feature", "properties": { "OBJECTID": 963, "StreetName1": "FINLAYSON ST", "StreetName2": "HIGHVIEW ST", "Intersection": "HIGHVIEW ST & FINLAYSON ST", "Jurisdiction": "COV", "POINT_X": 473899.23529999983, "POINT_Y": 5366078.7111000009 }, "geometry": { "type": "MultiPoint", "coordinates": [ [ -123.352974712975637, 48.447313184292334 ] ] } },
{ "type": "Feature", "properties": { "OBJECTID": 964, "StreetName1": "COOK ST", "StreetName2": "HILDA ST", "Intersection": "HILDA ST & COOK ST", "Jurisdiction": "COV", "POINT_X": 473681.93340000045, "POINT_Y": 5362678.9089000002 }, "geometry": { "type": "MultiPoint", "coordinates": [ [ -123.355699678531067, 48.41671837575452 ] ] } },
{ "type": "Feature", "properties": { "OBJECTID": 965, "StreetName1": "CHESTER AVE", "StreetName2": "HILDA ST", "Intersection": "HILDA ST & CHESTER AVE", "Jurisdiction": "COV", "POINT_X": 473779.3635, "POINT_Y": 5362663.5867999997 }, "geometry": { "type": "MultiPoint", "coordinates": [ [ -123.35438199426433, 48.416584595334605 ] ] } },
{ "type": "Feature", "properties": { "OBJECTID": 966, "StreetName1": "BLANSHARD ST", "StreetName2": "HILL ST", "Intersection": "HILL ST & BLANSHARD ST", "Jurisdiction": "COV", "POINT_X": 473144.56149999984, "POINT_Y": 5365030.8830999993 }, "geometry": { "type": "MultiPoint", "coordinates": [ [ -123.363112729096159, 48.437854845037343 ] ] } },
{ "type": "Feature", "properties": { "OBJECTID": 967, "StreetName1": "BRIDGE ST", "StreetName2": "HILLSIDE AVE", "Intersection": "HILLSIDE AVE & BRIDGE ST", "Jurisdiction": "COV", "POINT_X": 472389.8328, "POINT_Y": 5364940.3932000007 }, "geometry": { "type": "MultiPoint", "coordinates": [ [ -123.373310813203702, 48.4370081204979 ] ] } },
{ "type": "Feature", "properties": { "OBJECTID": 968, "StreetName1": "GOVERNMENT ST", "StreetName2": "HILLSIDE AVE", "Intersection": "HILLSIDE AVE & GOVERNMENT ST", "Jurisdiction": "COV", "POINT_X": 472826.54069999978, "POINT_Y": 5365063.4747000001 }, "geometry": { "type": "MultiPoint", "coordinates": [ [ -123.367414535916296, 48.438134402054899 ] ] } },
{ "type": "Feature", "properties": { "OBJECTID": 969, "StreetName1": "DOUGLAS ST", "StreetName2": "HILLSIDE AVE", "Intersection": "HILLSIDE AVE & DOUGLAS ST", "Jurisdiction": "COV", "POINT_X": 472863.837, "POINT_Y": 5365081.5833000001 }, "geometry": { "type": "MultiPoint", "coordinates": [ [ -123.366911454333973, 48.438298921534077 ] ] } },
{ "type": "Feature", "properties": { "OBJECTID": 970, "StreetName1": "BLANSHARD ST", "StreetName2": "HILLSIDE AVE", "Intersection": "HILLSIDE AVE & BLANSHARD ST", "Jurisdiction": "COV", "POINT_X": 473131.11289999972, "POINT_Y": 5365145.5518000014 }, "geometry": { "type": "MultiPoint", "coordinates": [ [ -123.363403981580376, 48.43887337531055 ], [ -123.363199842354518, 48.438898358950659 ] ] } },
{ "type": "Feature", "properties": { "OBJECTID": 971, "StreetName1": "FIFTH ST", "StreetName2": "HILLSIDE AVE", "Intersection": "HILLSIDE AVE & FIFTH ST", "Jurisdiction": "COV", "POINT_X": 473535.41629999969, "POINT_Y": 5365223.0727999993 }, "geometry": { "type": "MultiPoint", "coordinates": [ [ -123.357840447793919, 48.439600398207972 ] ] } },
{ "type": "Feature", "properties": { "OBJECTID": 972, "StreetName1": "GRAHAM ST", "StreetName2": "HILLSIDE AVE", "Intersection": "HILLSIDE AVE & GRAHAM ST", "Jurisdiction": "COV", "POINT_X": 473634.447, "POINT_Y": 5365241.605 }, "geometry": { "type": "MultiPoint", "coordinates": [ [ -123.356502656042323, 48.439771275522943 ] ] } },
{ "type": "Feature", "properties": { "OBJECTID": 973, "StreetName1": "BAKERY MEWS", "StreetName2": "HILLSIDE AVE", "Intersection": "HILLSIDE AVE & BAKERY MEWS", "Jurisdiction": "COV", "POINT_X": 473782.30549999978, "POINT_Y": 5365269.2748000007 }, "geometry": { "type": "MultiPoint", "coordinates": [ [ -123.354505239587041, 48.440026377703006 ] ] } },
{ "type": "Feature", "properties": { "OBJECTID": 974, "StreetName1": "BLACKWOOD ST", "StreetName2": "HILLSIDE AVE", "Intersection": "HILLSIDE AVE & BLACKWOOD ST", "Jurisdiction": "COV", "POINT_X": 473832.06109999958, "POINT_Y": 5365278.5858999994 }, "geometry": { "type": "MultiPoint", "coordinates": [ [ -123.35383308799976, 48.440112213759491 ] ] } },
{ "type": "Feature", "properties": { "OBJECTID": 975, "StreetName1": "COOK ST", "StreetName2": "HILLSIDE AVE", "Intersection": "HILLSIDE AVE & COOK ST", "Jurisdiction": "COV", "POINT_X": 473986.5159, "POINT_Y": 5365306.8630999997 }, "geometry": { "type": "MultiPoint", "coordinates": [ [ -123.351746494712984, 48.440373006659414 ] ] } },
{ "type": "Feature", "properties": { "OBJECTID": 976, "StreetName1": "HIGGINS ST", "StreetName2": "HILLSIDE AVE", "Intersection": "HILLSIDE AVE & HIGGINS ST", "Jurisdiction": "COV", "POINT_X": 474169.26159999985, "POINT_Y": 5365356.9405000005 }, "geometry": { "type": "MultiPoint", "coordinates": [ [ -123.349278705307796, 48.440831045101653 ] ] } },
{ "type": "Feature", "properties": { "OBJECTID": 977, "StreetName1": "GROSVENOR RD", "StreetName2": "HILLSIDE AVE", "Intersection": "HILLSIDE AVE & GROSVENOR RD", "Jurisdiction": "COV", "POINT_X": 474322.46679999959, "POINT_Y": 5365386.1653000005 }, "geometry": { "type": "MultiPoint", "coordinates": [ [ -123.347209012844957, 48.441100229461298 ] ] } },
{ "type": "Feature", "properties": { "OBJECTID": 978, "StreetName1": "CEDAR HILL RD", "StreetName2": "HILLSIDE AVE", "Intersection": "HILLSIDE AVE & CEDAR HILL RD", "Jurisdiction": "COV", "POINT_X": 474539.4194, "POINT_Y": 5365408.4451000001 }, "geometry": { "type": "MultiPoint", "coordinates": [ [ -123.344276939458624, 48.441309478914079 ] ] } },
{ "type": "Feature", "properties": { "OBJECTID": 979, "StreetName1": "HAMILTON RD", "StreetName2": "HILLSIDE AVE", "Intersection": "HILLSIDE AVE & HAMILTON RD", "Jurisdiction": "COV", "POINT_X": 474650.40610000025, "POINT_Y": 5365472.8624000009 }, "geometry": { "type": "MultiPoint", "coordinates": [ [ -123.342780175015122, 48.441893477929888 ] ] } },
{ "type": "Feature", "properties": { "OBJECTID": 980, "StreetName1": "GOSWORTH RD", "StreetName2": "HILLSIDE AVE", "Intersection": "HILLSIDE AVE & GOSWORTH RD", "Jurisdiction": "COV", "POINT_X": 474763.80790000036, "POINT_Y": 5365540.0955999997 }, "geometry": { "type": "MultiPoint", "coordinates": [ [ -123.34125089028737, 48.442502887108347 ] ] } },
{ "type": "Feature", "properties": { "OBJECTID": 981, "StreetName1": "BELMONT AVE", "StreetName2": "HILLSIDE AVE", "Intersection": "HILLSIDE AVE & BELMONT AVE", "Jurisdiction": "COV", "POINT_X": 474866.601, "POINT_Y": 5365600.9351000004 }, "geometry": { "type": "MultiPoint", "coordinates": [ [ -123.339864631709617, 48.443054332592041 ] ] } },
{ "type": "Feature", "properties": { "OBJECTID": 982, "StreetName1": "DONCASTER DR", "StreetName2": "HILLSIDE AVE", "Intersection": "HILLSIDE AVE & DONCASTER DR", "Jurisdiction": "COV", "POINT_X": 474986.63370000012, "POINT_Y": 5365672.2067000009 }, "geometry": { "type": "MultiPoint", "coordinates": [ [ -123.338245857024134, 48.443700297419305 ] ] } },
{ "type": "Feature", "properties": { "OBJECTID": 983, "StreetName1": "CEDAR HILL RD", "StreetName2": "HIPWOOD LANE", "Intersection": "HIPWOOD LANE & CEDAR HILL RD", "Jurisdiction": "COV", "POINT_X": 474279.78679999989, "POINT_Y": 5365678.6087999996 }, "geometry": { "type": "MultiPoint", "coordinates": [ [ -123.34780405251783, 48.443729403997992 ] ] } },
{ "type": "Feature", "properties": { "OBJECTID": 984, "StreetName1": "HAMILTON RD", "StreetName2": "HOLLY ST", "Intersection": "HOLLY ST & HAMILTON RD", "Jurisdiction": "COV", "POINT_X": 474836.70309999958, "POINT_Y": 5365374.0387999993 }, "geometry": { "type": "MultiPoint", "coordinates": [ [ -123.340255265075882, 48.441011903147022 ] ] } },
{ "type": "Feature", "properties": { "OBJECTID": 985, "StreetName1": "BELMONT AVE", "StreetName2": "HOLLY ST", "Intersection": "HOLLY ST & BELMONT AVE", "Jurisdiction": "COV", "POINT_X": 474931.64510000031, "POINT_Y": 5365429.5901999995 }, "geometry": { "type": "MultiPoint", "coordinates": [ [ -123.338974875786619, 48.441515450552387 ] ] } },
{ "type": "Feature", "properties": { "OBJECTID": 986, "StreetName1": "DALLAS RD", "StreetName2": "HOLLYWOOD CRES", "Intersection": "HOLLYWOOD CRES & DALLAS RD", "Jurisdiction": "COV", "POINT_X": 475115.07259999961, "POINT_Y": 5361935.9997000005 }, "geometry": { "type": "MultiPoint", "coordinates": [ [ -123.336287308118614, 48.410093121429774 ] ] } },
{ "type": "Feature", "properties": { "OBJECTID": 987, "StreetName1": "BEECHWOOD AVE", "StreetName2": "HOLLYWOOD CRES", "Intersection": "HOLLYWOOD CRES & BEECHWOOD AVE", "Jurisdiction": "COV", "POINT_X": 475366.505, "POINT_Y": 5361787.8597 }, "geometry": { "type": "MultiPoint", "coordinates": [ [ -123.332881042037016, 48.408770275388079 ] ] } },
{ "type": "Feature", "properties": { "OBJECTID": 988, "StreetName1": "HOLLYWOOD CRES", "StreetName2": "HOLLYWOOD PL", "Intersection": "HOLLYWOOD PL & HOLLYWOOD CRES", "Jurisdiction": "COV", "POINT_X": 475200.52089999989, "POINT_Y": 5361825.1061000004 }, "geometry": { "type": "MultiPoint", "coordinates": [ [ -123.335126103190532, 48.40909884815477 ] ] } },
{ "type": "Feature", "properties": { "OBJECTID": 989, "StreetName1": "DENMAN ST", "StreetName2": "HOWARD ST", "Intersection": "HOWARD ST & DENMAN ST", "Jurisdiction": "COV", "POINT_X": 475266.9402000001, "POINT_Y": 5364432.6325000003 }, "geometry": { "type": "MultiPoint", "coordinates": [ [ -123.334382427437092, 48.432559737595184 ] ] } },
{ "type": "Feature", "properties": { "OBJECTID": 990, "StreetName1": "BAY ST", "StreetName2": "HOWARD ST", "Intersection": "HOWARD ST & BAY ST", "Jurisdiction": "COV", "POINT_X": 475267.881, "POINT_Y": 5364590.9027999993 }, "geometry": { "type": "MultiPoint", "coordinates": [ [ -123.334379051471402, 48.433983630033573 ] ] } },
{ "type": "Feature", "properties": { "OBJECTID": 991, "StreetName1": "DALLAS RD", "StreetName2": "HOWE ST", "Intersection": "HOWE ST & DALLAS RD", "Jurisdiction": "COV", "POINT_X": 473937.1376, "POINT_Y": 5361540.4777000006 }, "geometry": { "type": "MultiPoint", "coordinates": [ [ -123.352179969870335, 48.406487236966498 ] ] } },
{ "type": "Feature", "properties": { "OBJECTID": 992, "StreetName1": "FAITHFUL ST", "StreetName2": "HOWE ST", "Intersection": "HOWE ST & FAITHFUL ST", "Jurisdiction": "COV", "POINT_X": 473995.95, "POINT_Y": 5361893.1951000001 }, "geometry": { "type": "MultiPoint", "coordinates": [ [ -123.351407165609018, 48.409662845021302 ] ] } },
{ "type": "Feature", "properties": { "OBJECTID": 993, "StreetName1": "CHAPMAN ST", "StreetName2": "HOWE ST", "Intersection": "HOWE ST & CHAPMAN ST", "Jurisdiction": "COV", "POINT_X": 474050.845, "POINT_Y": 5362204.8767000008 }, "geometry": { "type": "MultiPoint", "coordinates": [ [ -123.350684665514322, 48.412469111792269 ] ] } },
{ "type": "Feature", "properties": { "OBJECTID": 994, "StreetName1": "GOVERNMENT ST", "StreetName2": "HUMBOLDT ST", "Intersection": "HUMBOLDT ST & GOVERNMENT ST", "Jurisdiction": "COV", "POINT_X": 472749.82079999987, "POINT_Y": 5363375.9502000008 }, "geometry": { "type": "MultiPoint", "coordinates": [ [ -123.368342069090801, 48.422949567763332 ] ] } },
{ "type": "Feature", "properties": { "OBJECTID": 995, "StreetName1": "GORDON ST", "StreetName2": "HUMBOLDT ST", "Intersection": "HUMBOLDT ST & GORDON ST", "Jurisdiction": "COV", "POINT_X": 472807.1683, "POINT_Y": 5363348.4967999998 }, "geometry": { "type": "MultiPoint", "coordinates": [ [ -123.367565167715298, 48.422705066241456 ] ] } },
{ "type": "Feature", "properties": { "OBJECTID": 996, "StreetName1": "BURDETT AVE", "StreetName2": "HUMBOLDT ST", "Intersection": "HUMBOLDT ST & BURDETT AVE", "Jurisdiction": "COV", "POINT_X": 472919.98749999981, "POINT_Y": 5363293.8798999991 }, "geometry": { "type": "MultiPoint", "coordinates": [ [ -123.366036759316501, 48.422218574768713 ] ] } },
{ "type": "Feature", "properties": { "OBJECTID": 997, "StreetName1": "BLANSHARD ST", "StreetName2": "HUMBOLDT ST", "Intersection": "HUMBOLDT ST & BLANSHARD ST", "Jurisdiction": "COV", "POINT_X": 473079.3306, "POINT_Y": 5363106.2619000003 }, "geometry": { "type": "MultiPoint", "coordinates": [ [ -123.363871028209857, 48.42053752941392 ] ] } },
{ "type": "Feature", "properties": { "OBJECTID": 998, "StreetName1": "AVALON RD", "StreetName2": "HUNTINGTON PL", "Intersection": "HUNTINGTON PL & AVALON RD", "Jurisdiction": "COV", "POINT_X": 472794.649, "POINT_Y": 5362482.8397000004 }, "geometry": { "type": "MultiPoint", "coordinates": [ [ -123.367678216335875, 48.414916776920414 ] ] } },
{ "type": "Feature", "properties": { "OBJECTID": 999, "StreetName1": "DALLAS RD", "StreetName2": "HURON ST", "Intersection": "HURON ST & DALLAS RD", "Jurisdiction": "COV", "POINT_X": 471547.8953, "POINT_Y": 5363261.7292999998 }, "geometry": { "type": "MultiPoint", "coordinates": [ [ -123.384579765365061, 48.421868851951665 ] ] } },
{ "type": "Feature", "properties": { "OBJECTID": 1000, "StreetName1": "GORGE RD E", "StreetName2": "IRMA ST", "Intersection": "IRMA ST & GORGE RD E", "Jurisdiction": "COV", "POINT_X": 471306.81230000034, "POINT_Y": 5365685.5768999998 }, "geometry": { "type": "MultiPoint", "coordinates": [ [ -123.388004202863485, 48.443663577611218 ] ] } },
{ "type": "Feature", "properties": { "OBJECTID": 1001, "StreetName1": "BURNSIDE RD E", "StreetName2": "IRMA ST", "Intersection": "IRMA ST & BURNSIDE RD E", "Jurisdiction": "COV", "POINT_X": 471650.09860000014, "POINT_Y": 5366261.1627999991 }, "geometry": { "type": "MultiPoint", "coordinates": [ [ -123.383401370683416, 48.448857268427794 ] ] } },
{ "type": "Feature", "properties": { "OBJECTID": 1002, "StreetName1": "CRESCENT RD", "StreetName2": "IRVING RD", "Intersection": "IRVING RD & CRESCENT RD", "Jurisdiction": "COV", "POINT_X": 475672.1297000004, "POINT_Y": 5362171.0747999996 }, "geometry": { "type": "MultiPoint", "coordinates": [ [ -123.328773510778063, 48.412229702514374 ] ] } },
{ "type": "Feature", "properties": { "OBJECTID": 1003, "StreetName1": "BEAVEN ST", "StreetName2": "IRVING RD", "Intersection": "IRVING RD & BEAVEN ST", "Jurisdiction": "COV", "POINT_X": 475673.571, "POINT_Y": 5362374.7131999992 }, "geometry": { "type": "MultiPoint", "coordinates": [ [ -123.328765844258001, 48.414061768566626 ] ] } },
{ "type": "Feature", "properties": { "OBJECTID": 1004, "StreetName1": "FAIRFIELD RD", "StreetName2": "IRVING RD", "Intersection": "IRVING RD & FAIRFIELD RD", "Jurisdiction": "COV", "POINT_X": 475675.96750000026, "POINT_Y": 5362538.4376999997 }, "geometry": { "type": "MultiPoint", "coordinates": [ [ -123.328742953600113, 48.415534790076912 ] ] } },
{ "type": "Feature", "properties": { "OBJECTID": 1005, "StreetName1": "FINLAYSON ST", "StreetName2": "JACKSON ST", "Intersection": "JACKSON ST & FINLAYSON ST", "Jurisdiction": "COV", "POINT_X": 473517.08860000037, "POINT_Y": 5366007.7434 }, "geometry": { "type": "MultiPoint", "coordinates": [ [ -123.35813787371076, 48.446658771232123 ] ] } },
{ "type": "Feature", "properties": { "OBJECTID": 1006, "StreetName1": "GRAHAM ST", "StreetName2": "JACKSON ST", "Intersection": "JACKSON ST & GRAHAM ST", "Jurisdiction": "COV", "POINT_X": 473552.54810000025, "POINT_Y": 5365740.791 }, "geometry": { "type": "MultiPoint", "coordinates": [ [ -123.357641510218116, 48.44425867542482 ] ] } },
{ "type": "Feature", "properties": { "OBJECTID": 1007, "StreetName1": "CRAIGDARROCH RD", "StreetName2": "JOAN CRES", "Intersection": "JOAN CRES & CRAIGDARROCH RD", "Jurisdiction": "COV", "POINT_X": 474581.16395000019, "POINT_Y": 5363316.7413999997 }, "geometry": { "type": "MultiPoint", "coordinates": [ [ -123.344764895234007, 48.423626587840694 ], [ -123.342406391463697, 48.421360349421626 ] ] } },
{ "type": "Feature", "properties": { "OBJECTID": 1008, "StreetName1": "BRIDGE ST", "StreetName2": "JOHN ST", "Intersection": "JOHN ST & BRIDGE ST", "Jurisdiction": "COV", "POINT_X": 472414.0206000004, "POINT_Y": 5364852.2701999992 }, "geometry": { "type": "MultiPoint", "coordinates": [ [ -123.372977992845762, 48.436216399014548 ] ] } },
{ "type": "Feature", "properties": { "OBJECTID": 1009, "StreetName1": "GOVERNMENT ST", "StreetName2": "JOHN ST", "Intersection": "JOHN ST & GOVERNMENT ST", "Jurisdiction": "COV", "POINT_X": 472828.64709999971, "POINT_Y": 5364966.7785999998 }, "geometry": { "type": "MultiPoint", "coordinates": [ [ -123.367379784592899, 48.43726458447636 ] ] } },
{ "type": "Feature", "properties": { "OBJECTID": 1010, "StreetName1": "ESQUIMALT RD", "StreetName2": "JOHNSON ST", "Intersection": "JOHNSON ST & ESQUIMALT RD", "Jurisdiction": "COV", "POINT_X": 472440.81070000026, "POINT_Y": 5363934.7094000001 }, "geometry": { "type": "MultiPoint", "coordinates": [ [ -123.372555448665636, 48.427962903825289 ] ] } },
{ "type": "Feature", "properties": { "OBJECTID": 1011, "StreetName1": "GOVERNMENT ST", "StreetName2": "JOHNSON ST", "Intersection": "JOHNSON ST & GOVERNMENT ST", "Jurisdiction": "COV", "POINT_X": 472833.05360000022, "POINT_Y": 5363879.4527000003 }, "geometry": { "type": "MultiPoint", "coordinates": [ [ -123.367249710056612, 48.427482839983199 ] ] } },
{ "type": "Feature", "properties": { "OBJECTID": 1012, "StreetName1": "BROAD ST", "StreetName2": "JOHNSON ST", "Intersection": "JOHNSON ST & BROAD ST", "Jurisdiction": "COV", "POINT_X": 472924.70079999976, "POINT_Y": 5363863.7409000006 }, "geometry": { "type": "MultiPoint", "coordinates": [ [ -123.366009862268555, 48.427345438378701 ] ] } },
{ "type": "Feature", "properties": { "OBJECTID": 1013, "StreetName1": "DOUGLAS ST", "StreetName2": "JOHNSON ST", "Intersection": "JOHNSON ST & DOUGLAS ST", "Jurisdiction": "COV", "POINT_X": 473020.9726, "POINT_Y": 5363847.2365000006 }, "geometry": { "type": "MultiPoint", "coordinates": [ [ -123.364707457782856, 48.427201091040509 ] ] } },
{ "type": "Feature", "properties": { "OBJECTID": 1014, "StreetName1": "BLANSHARD ST", "StreetName2": "JOHNSON ST", "Intersection": "JOHNSON ST & BLANSHARD ST", "Jurisdiction": "COV", "POINT_X": 473231.5192, "POINT_Y": 5363811.5229000002 }, "geometry": { "type": "MultiPoint", "coordinates": [ [ -123.361859146623573, 48.426888784279257 ] ] } },
{ "type": "Feature", "properties": { "OBJECTID": 1015, "StreetName1": "COOK ST", "StreetName2": "JOHNSON ST", "Intersection": "JOHNSON ST & COOK ST", "Jurisdiction": "COV", "POINT_X": 473855.91820000019, "POINT_Y": 5363706.3905999996 }, "geometry": { "type": "MultiPoint", "coordinates": [ [ -123.353412419665403, 48.425969208989756 ] ] } },
{ "type": "Feature", "properties": { "OBJECTID": 1016, "StreetName1": "CHAMBERS ST", "StreetName2": "JOHNSON ST", "Intersection": "JOHNSON ST & CHAMBERS ST", "Jurisdiction": "COV", "POINT_X": 474057.07120000012, "POINT_Y": 5363672.7635999992 }, "geometry": { "type": "MultiPoint", "coordinates": [ [ -123.350691347036644, 48.425675007151412 ] ] } },
{ "type": "Feature", "properties": { "OBJECTID": 1017, "StreetName1": "CAMOSUN ST", "StreetName2": "JOHNSON ST", "Intersection": "JOHNSON ST & CAMOSUN ST", "Jurisdiction": "COV", "POINT_X": 474301.68350000028, "POINT_Y": 5363650.1745999996 }, "geometry": { "type": "MultiPoint", "coordinates": [ [ -123.347383548044164, 48.425481817466377 ] ] } },
{ "type": "Feature", "properties": { "OBJECTID": 1018, "StreetName1": "FERNWOOD RD", "StreetName2": "JOHNSON ST", "Intersection": "JOHNSON ST & FERNWOOD RD", "Jurisdiction": "COV", "POINT_X": 474443.93450000044, "POINT_Y": 5363645.9408999998 }, "geometry": { "type": "MultiPoint", "coordinates": [ [ -123.345460496019584, 48.425449518059956 ] ] } },
{ "type": "Feature", "properties": { "OBJECTID": 1019, "StreetName1": "HARRISON ST", "StreetName2": "JOHNSON ST", "Intersection": "JOHNSON ST & HARRISON ST", "Jurisdiction": "COV", "POINT_X": 474569.5751, "POINT_Y": 5363663.4043000005 }, "geometry": { "type": "MultiPoint", "coordinates": [ [ -123.343763283659811, 48.425611710856558 ] ] } },
{ "type": "Feature", "properties": { "OBJECTID": 1020, "StreetName1": "BEGBIE ST", "StreetName2": "JOHNSON ST", "Intersection": "JOHNSON ST & BEGBIE ST", "Jurisdiction": "COV", "POINT_X": 474651.02720000036, "POINT_Y": 5363792.2641000003 }, "geometry": { "type": "MultiPoint", "coordinates": [ [ -123.342670092984207, 48.426774263280855 ] ] } },
{ "type": "Feature", "properties": { "OBJECTID": 1021, "StreetName1": "BUSHBY ST", "StreetName2": "JOSEPH ST", "Intersection": "JOSEPH ST & BUSHBY ST", "Jurisdiction": "COV", "POINT_X": 474244.7229000004, "POINT_Y": 5361726.1964999996 }, "geometry": { "type": "MultiPoint", "coordinates": [ [ -123.348035317059441, 48.408170679535644 ] ] } },
{ "type": "Feature", "properties": { "OBJECTID": 1022, "StreetName1": "FIFTH ST", "StreetName2": "JOSETTE PL", "Intersection": "JOSETTE PL & FIFTH ST", "Jurisdiction": "COV", "POINT_X": 473417.57689999975, "POINT_Y": 5365855.7018 }, "geometry": { "type": "MultiPoint", "coordinates": [ [ -123.359473868594534, 48.445286762514478 ] ] } },
{ "type": "Feature", "properties": { "OBJECTID": 1023, "StreetName1": "CALEDONIA AVE", "StreetName2": "JULIA ST", "Intersection": "JULIA ST & CALEDONIA AVE", "Jurisdiction": "COV", "POINT_X": 473423.62590000033, "POINT_Y": 5364247.3480999991 }, "geometry": { "type": "MultiPoint", "coordinates": [ [ -123.359290027868042, 48.430817750705295 ] ] } },
{ "type": "Feature", "properties": { "OBJECTID": 1024, "StreetName1": "GARBALLY RD", "StreetName2": "JUTLAND RD", "Intersection": "JUTLAND RD & GARBALLY RD", "Jurisdiction": "COV", "POINT_X": 472063.02720000036, "POINT_Y": 5365173.3909000009 }, "geometry": { "type": "MultiPoint", "coordinates": [ [ -123.377744738867023, 48.439089820562344 ] ] } },
{ "type": "Feature", "properties": { "OBJECTID": 1025, "StreetName1": "DUNEDIN ST", "StreetName2": "JUTLAND RD", "Intersection": "JUTLAND RD & DUNEDIN ST", "Jurisdiction": "COV", "POINT_X": 472114.03, "POINT_Y": 5365447.7908999994 }, "geometry": { "type": "MultiPoint", "coordinates": [ [ -123.377073426906421, 48.44156066679605 ] ] } },
{ "type": "Feature", "properties": { "OBJECTID": 1026, "StreetName1": "GORGE RD E", "StreetName2": "JUTLAND RD", "Intersection": "JUTLAND RD & GORGE RD E", "Jurisdiction": "COV", "POINT_X": 472149.1305, "POINT_Y": 5365485.4785999991 }, "geometry": { "type": "MultiPoint", "coordinates": [ [ -123.376601334857426, 48.441901270678635 ] ] } },
{ "type": "Feature", "properties": { "OBJECTID": 1027, "StreetName1": "CECELIA RD", "StreetName2": "JUTLAND RD", "Intersection": "JUTLAND RD & CECELIA RD", "Jurisdiction": "COV", "POINT_X": 472245.93879999965, "POINT_Y": 5365620.874 }, "geometry": { "type": "MultiPoint", "coordinates": [ [ -123.375301341695618, 48.443123604247354 ] ] } },
{ "type": "Feature", "properties": { "OBJECTID": 1028, "StreetName1": "BURNSIDE RD E", "StreetName2": "JUTLAND RD", "Intersection": "JUTLAND RD & BURNSIDE RD E", "Jurisdiction": "COV", "POINT_X": 472346.60259999987, "POINT_Y": 5365742.7676 }, "geometry": { "type": "MultiPoint", "coordinates": [ [ -123.373948260984577, 48.444224626239198 ] ] } },
{ "type": "Feature", "properties": { "OBJECTID": 1029, "StreetName1": "CATHERINE ST", "StreetName2": "KIMTA RD", "Intersection": "KIMTA RD & CATHERINE ST", "Jurisdiction": "COV", "POINT_X": 471542.67779999971, "POINT_Y": 5364120.7894000001 }, "geometry": { "type": "MultiPoint", "coordinates": [ [ -123.38470860742261, 48.429596991667196 ] ] } },
{ "type": "Feature", "properties": { "OBJECTID": 1030, "StreetName1": "COOPERAGE PL", "StreetName2": "KIMTA RD", "Intersection": "KIMTA RD & COOPERAGE PL", "Jurisdiction": "COV", "POINT_X": 471755.2763, "POINT_Y": 5364014.0165999997 }, "geometry": { "type": "MultiPoint", "coordinates": [ [ -123.381827516242979, 48.428646002009749 ] ] } },
{ "type": "Feature", "properties": { "OBJECTID": 1031, "StreetName1": "DOUGLAS ST", "StreetName2": "KINGS RD", "Intersection": "KINGS RD & DOUGLAS ST", "Jurisdiction": "COV", "POINT_X": 472940.95540000033, "POINT_Y": 5364867.5851000007 }, "geometry": { "type": "MultiPoint", "coordinates": [ [ -123.365854968401777, 48.436377045658972 ] ] } },
{ "type": "Feature", "properties": { "OBJECTID": 1032, "StreetName1": "BLANSHARD ST", "StreetName2": "KINGS RD", "Intersection": "KINGS RD & BLANSHARD ST", "Jurisdiction": "COV", "POINT_X": 473162.81730000023, "POINT_Y": 5364932.3950999994 }, "geometry": { "type": "MultiPoint", "coordinates": [ [ -123.362859597766899, 48.436969594087877 ] ] } },
{ "type": "Feature", "properties": { "OBJECTID": 1033, "StreetName1": "DOWLER PL", "StreetName2": "KINGS RD", "Intersection": "KINGS RD & DOWLER PL", "Jurisdiction": "COV", "POINT_X": 473267.03980000038, "POINT_Y": 5364951.6072000004 }, "geometry": { "type": "MultiPoint", "coordinates": [ [ -123.361451742560845, 48.437146866705085 ] ] } },
{ "type": "Feature", "properties": { "OBJECTID": 1034, "StreetName1": "FIFTH ST", "StreetName2": "KINGS RD", "Intersection": "KINGS RD & FIFTH ST", "Jurisdiction": "COV", "POINT_X": 473575.55960000027, "POINT_Y": 5365009.2999000009 }, "geometry": { "type": "MultiPoint", "coordinates": [ [ -123.357284198609207, 48.437678914629878 ] ] } },
{ "type": "Feature", "properties": { "OBJECTID": 1035, "StreetName1": "GRAHAM ST", "StreetName2": "KINGS RD", "Intersection": "KINGS RD & GRAHAM ST", "Jurisdiction": "COV", "POINT_X": 473695.04830000014, "POINT_Y": 5365031.7845499991 }, "geometry": { "type": "MultiPoint", "coordinates": [ [ -123.355949622782447, 48.437850303715969 ], [ -123.355390592458846, 48.437922091877311 ] ] } },
{ "type": "Feature", "properties": { "OBJECTID": 1036, "StreetName1": "BAKERY MEWS", "StreetName2": "KINGS RD", "Intersection": "KINGS RD & BAKERY MEWS", "Jurisdiction": "COV", "POINT_X": 473822.26929999981, "POINT_Y": 5365055.724 }, "geometry": { "type": "MultiPoint", "coordinates": [ [ -123.353951552118957, 48.438106868472929 ] ] } },
{ "type": "Feature", "properties": { "OBJECTID": 1037, "StreetName1": "BLACKWOOD ST", "StreetName2": "KINGS RD", "Intersection": "KINGS RD & BLACKWOOD ST", "Jurisdiction": "COV", "POINT_X": 473873.97864999966, "POINT_Y": 5365065.2808999997 }, "geometry": { "type": "MultiPoint", "coordinates": [ [ -123.353291779085794, 48.438193353371766 ], [ -123.353214270888884, 48.438196633916483 ] ] } },
{ "type": "Feature", "properties": { "OBJECTID": 1038, "StreetName1": "COOK ST", "StreetName2": "KINGS RD", "Intersection": "KINGS RD & COOK ST", "Jurisdiction": "COV", "POINT_X": 473970.30910000019, "POINT_Y": 5365083.239 }, "geometry": { "type": "MultiPoint", "coordinates": [ [ -123.351951727001079, 48.43836054118642 ] ] } },
{ "type": "Feature", "properties": { "OBJECTID": 1039, "StreetName1": "EMPIRE ST", "StreetName2": "KINGS RD", "Intersection": "KINGS RD & EMPIRE ST", "Jurisdiction": "COV", "POINT_X": 474069.36830000021, "POINT_Y": 5365101.2488000002 }, "geometry": { "type": "MultiPoint", "coordinates": [ [ -123.350613529990724, 48.438526651542759 ] ] } },
{ "type": "Feature", "properties": { "OBJECTID": 1040, "StreetName1": "CAPITAL HTS", "StreetName2": "KINGS RD", "Intersection": "KINGS RD & CAPITAL HTS", "Jurisdiction": "COV", "POINT_X": 474167.48440000042, "POINT_Y": 5365119.304 }, "geometry": { "type": "MultiPoint", "coordinates": [ [ -123.349288078071396, 48.438693116086164 ] ] } },
{ "type": "Feature", "properties": { "OBJECTID": 1041, "StreetName1": "CEDAR HILL RD", "StreetName2": "KINGS RD", "Intersection": "KINGS RD & CEDAR HILL RD", "Jurisdiction": "COV", "POINT_X": 474415.84389999975, "POINT_Y": 5365064.9666000009 }, "geometry": { "type": "MultiPoint", "coordinates": [ [ -123.345926836168729, 48.438214421579701 ] ] } },
{ "type": "Feature", "properties": { "OBJECTID": 1042, "StreetName1": "FERNWOOD RD", "StreetName2": "KINGS RD", "Intersection": "KINGS RD & FERNWOOD RD", "Jurisdiction": "COV", "POINT_X": 474492.20679999981, "POINT_Y": 5365060.8915 }, "geometry": { "type": "MultiPoint", "coordinates": [ [ -123.344894139602019, 48.438180859493968 ] ] } },
{ "type": "Feature", "properties": { "OBJECTID": 1043, "StreetName1": "AVEBURY AVE", "StreetName2": "KINGS RD", "Intersection": "KINGS RD & AVEBURY AVE", "Jurisdiction": "COV", "POINT_X": 474689.40869999956, "POINT_Y": 5365056.6455000006 }, "geometry": { "type": "MultiPoint", "coordinates": [ [ -123.342227657646234, 48.43815062083214 ] ] } },
{ "type": "Feature", "properties": { "OBJECTID": 1044, "StreetName1": "ASQUITH ST", "StreetName2": "KINGS RD", "Intersection": "KINGS RD & ASQUITH ST", "Jurisdiction": "COV", "POINT_X": 474788.01279999968, "POINT_Y": 5365054.3973999992 }, "geometry": { "type": "MultiPoint", "coordinates": [ [ -123.340894367614581, 48.438134353013133 ] ] } },
{ "type": "Feature", "properties": { "OBJECTID": 1045, "StreetName1": "BELMONT AVE", "StreetName2": "KINGS RD", "Intersection": "KINGS RD & BELMONT AVE", "Jurisdiction": "COV", "POINT_X": 474874.9616, "POINT_Y": 5365052.415 }, "geometry": { "type": "MultiPoint", "coordinates": [ [ -123.339718677095789, 48.43811999499173 ] ] } },
{ "type": "Feature", "properties": { "OBJECTID": 1046, "StreetName1": "FORBES ST", "StreetName2": "KINGS RD", "Intersection": "KINGS RD & FORBES ST", "Jurisdiction": "COV", "POINT_X": 474966.1398, "POINT_Y": 5365050.3362000007 }, "geometry": { "type": "MultiPoint", "coordinates": [ [ -123.338485798791652, 48.438104925916299 ] ] } },
{ "type": "Feature", "properties": { "OBJECTID": 1047, "StreetName1": "FAIRFIELD RD", "StreetName2": "KIPLING ST", "Intersection": "KIPLING ST & FAIRFIELD RD", "Jurisdiction": "COV", "POINT_X": 474433.6342000002, "POINT_Y": 5362351.9645000007 }, "geometry": { "type": "MultiPoint", "coordinates": [ [ -123.345520824718363, 48.413808017341154 ] ] } },
{ "type": "Feature", "properties": { "OBJECTID": 1048, "StreetName1": "BROOKE ST", "StreetName2": "KIPLING ST", "Intersection": "KIPLING ST & BROOKE ST", "Jurisdiction": "COV", "POINT_X": 474514.3518000003, "POINT_Y": 5362459.6812999994 }, "geometry": { "type": "MultiPoint", "coordinates": [ [ -123.34443656718696, 48.414780348146678 ] ] } },
{ "type": "Feature", "properties": { "OBJECTID": 1049, "StreetName1": "HAMLEY ST", "StreetName2": "KIPLING ST", "Intersection": "KIPLING ST & HAMLEY ST", "Jurisdiction": "COV", "POINT_X": 474530.2423, "POINT_Y": 5362557.1361999996 }, "geometry": { "type": "MultiPoint", "coordinates": [ [ -123.344227740151979, 48.415657731298346 ] ] } },
{ "type": "Feature", "properties": { "OBJECTID": 1050, "StreetName1": "COOK ST", "StreetName2": "KIWANIS WAY", "Intersection": "KIWANIS WAY & COOK ST", "Jurisdiction": "COV", "POINT_X": 474198.17749999987, "POINT_Y": 5365599.4365999997 }, "geometry": { "type": "MultiPoint", "coordinates": [ [ -123.349063123321216, 48.442720362326675 ], [ -123.348742223896338, 48.443307247382748 ] ] } },
{ "type": "Feature", "properties": { "OBJECTID": 1051, "StreetName1": "CEDAR HILL RD", "StreetName2": "KIWANIS WAY", "Intersection": "KIWANIS WAY & CEDAR HILL RD", "Jurisdiction": "COV", "POINT_X": 474279.78679999989, "POINT_Y": 5365678.6087999996 }, "geometry": { "type": "MultiPoint", "coordinates": [ [ -123.34780405251783, 48.443729403997992 ] ] } },
{ "type": "Feature", "properties": { "OBJECTID": 1052, "StreetName1": "COOK ST", "StreetName2": "LANG ST", "Intersection": "LANG ST & COOK ST", "Jurisdiction": "COV", "POINT_X": 474148.04289999977, "POINT_Y": 5366034.5125999991 }, "geometry": { "type": "MultiPoint", "coordinates": [ [ -123.349607434359228, 48.446925830797447 ] ] } },
{ "type": "Feature", "properties": { "OBJECTID": 1053, "StreetName1": "CEDAR HILL RD", "StreetName2": "LANG ST", "Intersection": "LANG ST & CEDAR HILL RD", "Jurisdiction": "COV", "POINT_X": 474509.89769999962, "POINT_Y": 5366040.5821000002 }, "geometry": { "type": "MultiPoint", "coordinates": [ [ -123.344714586429888, 48.446995194767034 ] ] } },
{ "type": "Feature", "properties": { "OBJECTID": 1054, "StreetName1": "EVANS ST", "StreetName2": "LANGFORD ST", "Intersection": "LANGFORD ST & EVANS ST", "Jurisdiction": "COV", "POINT_X": 471059.9178, "POINT_Y": 5364716.2370999996 }, "geometry": { "type": "MultiPoint", "coordinates": [ [ -123.391275651655491, 48.434931814679636 ] ] } },
{ "type": "Feature", "properties": { "OBJECTID": 1055, "StreetName1": "FULLERTON AVE", "StreetName2": "LANGFORD ST", "Intersection": "LANGFORD ST & FULLERTON AVE", "Jurisdiction": "COV", "POINT_X": 471191.3503, "POINT_Y": 5364716.9781 }, "geometry": { "type": "MultiPoint", "coordinates": [ [ -123.389498820737259, 48.434944508791276 ] ] } },
{ "type": "Feature", "properties": { "OBJECTID": 1056, "StreetName1": "HUDSON ST", "StreetName2": "LANGFORD ST", "Intersection": "LANGFORD ST & HUDSON ST", "Jurisdiction": "COV", "POINT_X": 471243.044, "POINT_Y": 5364717.7673000004 }, "geometry": { "type": "MultiPoint", "coordinates": [ [ -123.388800009471638, 48.434953971967047 ] ] } },
{ "type": "Feature", "properties": { "OBJECTID": 1057, "StreetName1": "FRONT ST", "StreetName2": "LANGFORD ST", "Intersection": "LANGFORD ST & FRONT ST", "Jurisdiction": "COV", "POINT_X": 471358.57469999976, "POINT_Y": 5364687.7177000009 }, "geometry": { "type": "MultiPoint", "coordinates": [ [ -123.387236054148559, 48.434688903221463 ] ] } },
{ "type": "Feature", "properties": { "OBJECTID": 1058, "StreetName1": "CATHERINE ST", "StreetName2": "LANGFORD ST", "Intersection": "LANGFORD ST & CATHERINE ST", "Jurisdiction": "COV", "POINT_X": 471538.42069999967, "POINT_Y": 5364686.6673000008 }, "geometry": { "type": "MultiPoint", "coordinates": [ [ -123.384804592183528, 48.434687609446435 ] ] } },
{ "type": "Feature", "properties": { "OBJECTID": 1059, "StreetName1": "ALSTON ST", "StreetName2": "LANGFORD ST", "Intersection": "LANGFORD ST & ALSTON ST", "Jurisdiction": "COV", "POINT_X": 471646.34609999973, "POINT_Y": 5364683.8869000003 }, "geometry": { "type": "MultiPoint", "coordinates": [ [ -123.383345328757173, 48.434667465833208 ] ] } },
{ "type": "Feature", "properties": { "OBJECTID": 1060, "StreetName1": "BROUGHTON ST", "StreetName2": "LANGLEY ST", "Intersection": "LANGLEY ST & BROUGHTON ST", "Jurisdiction": "COV", "POINT_X": 472714.4863, "POINT_Y": 5363525.4514000006 }, "geometry": { "type": "MultiPoint", "coordinates": [ [ -123.368829388225763, 48.424293000888021 ] ] } },
{ "type": "Feature", "properties": { "OBJECTID": 1061, "StreetName1": "FORT ST", "StreetName2": "LANGLEY ST", "Intersection": "LANGLEY ST & FORT ST", "Jurisdiction": "COV", "POINT_X": 472726.7177, "POINT_Y": 5363599.7515999991 }, "geometry": { "type": "MultiPoint", "coordinates": [ [ -123.368668895951799, 48.424961960047483 ] ] } },
{ "type": "Feature", "properties": { "OBJECTID": 1062, "StreetName1": "BASTION SQ", "StreetName2": "LANGLEY ST", "Intersection": "LANGLEY ST & BASTION SQ", "Jurisdiction": "COV", "POINT_X": 472741.51570000034, "POINT_Y": 5363685.4295000006 }, "geometry": { "type": "MultiPoint", "coordinates": [ [ -123.368474446905338, 48.425733387575768 ] ] } },
{ "type": "Feature", "properties": { "OBJECTID": 1063, "StreetName1": "CHANCERY LANE", "StreetName2": "LANGLEY ST", "Intersection": "LANGLEY ST & CHANCERY LANE", "Jurisdiction": "COV", "POINT_X": 472748.22080000024, "POINT_Y": 5363729.1306999996 }, "geometry": { "type": "MultiPoint", "coordinates": [ [ -123.36838665573795, 48.426126828243845 ] ] } },
{ "type": "Feature", "properties": { "OBJECTID": 1064, "StreetName1": "DOUGLAS ST", "StreetName2": "LARCH ST", "Intersection": "LARCH ST & DOUGLAS ST", "Jurisdiction": "COV", "POINT_X": 472612.54849999957, "POINT_Y": 5365758.0628999993 }, "geometry": { "type": "MultiPoint", "coordinates": [ [ -123.370353182213861, 48.444373856244994 ] ] } },
{ "type": "Feature", "properties": { "OBJECTID": 1065, "StreetName1": "GONZALES AVE", "StreetName2": "LAURENTIAN PL", "Intersection": "LAURENTIAN PL & GONZALES AVE", "Jurisdiction": "COV", "POINT_X": 475503.939, "POINT_Y": 5362929.2238999996 }, "geometry": { "type": "MultiPoint", "coordinates": [ [ -123.331090624873426, 48.419043786263188 ] ] } },
{ "type": "Feature", "properties": { "OBJECTID": 1066, "StreetName1": "BOURCHIER ST", "StreetName2": "LEE AVE", "Intersection": "LEE AVE & BOURCHIER ST", "Jurisdiction": "COV", "POINT_X": 475913.8794, "POINT_Y": 5364166.5781999994 }, "geometry": { "type": "MultiPoint", "coordinates": [ [ -123.325621284761468, 48.430191296988482 ] ] } },
{ "type": "Feature", "properties": { "OBJECTID": 1067, "StreetName1": "FORT ST", "StreetName2": "LEE AVE", "Intersection": "LEE AVE & FORT ST", "Jurisdiction": "COV", "POINT_X": 475914.00650000013, "POINT_Y": 5364313.3337999992 }, "geometry": { "type": "MultiPoint", "coordinates": [ [ -123.325628002001537, 48.431511568748398 ] ] } },
{ "type": "Feature", "properties": { "OBJECTID": 1068, "StreetName1": "BELCHER AVE", "StreetName2": "LEIGHTON RD", "Intersection": "LEIGHTON RD & BELCHER AVE", "Jurisdiction": "COV", "POINT_X": 475369.35240000021, "POINT_Y": 5363969.9274000004 }, "geometry": { "type": "MultiPoint", "coordinates": [ [ -123.332970740167468, 48.428401091199639 ] ] } },
{ "type": "Feature", "properties": { "OBJECTID": 1069, "StreetName1": "FORT ST", "StreetName2": "LEIGHTON RD", "Intersection": "LEIGHTON RD & FORT ST", "Jurisdiction": "COV", "POINT_X": 475423.10709999967, "POINT_Y": 5364000.8541000001 }, "geometry": { "type": "MultiPoint", "coordinates": [ [ -123.332245913765121, 48.428681419244178 ] ] } },
{ "type": "Feature", "properties": { "OBJECTID": 1070, "StreetName1": "JUBILEE AVE", "StreetName2": "LEIGHTON RD", "Intersection": "LEIGHTON RD & JUBILEE AVE", "Jurisdiction": "COV", "POINT_X": 475469.60979999974, "POINT_Y": 5363969.4811000004 }, "geometry": { "type": "MultiPoint", "coordinates": [ [ -123.33161546426588, 48.428400989569461 ] ] } },
{ "type": "Feature", "properties": { "OBJECTID": 1071, "StreetName1": "BANK ST", "StreetName2": "LEIGHTON RD", "Intersection": "LEIGHTON RD & BANK ST", "Jurisdiction": "COV", "POINT_X": 475670.7122, "POINT_Y": 5363968.6208999995 }, "geometry": { "type": "MultiPoint", "coordinates": [ [ -123.328896971111661, 48.428401052608464 ] ] } },
{ "type": "Feature", "properties": { "OBJECTID": 1072, "StreetName1": "DUCHESS ST", "StreetName2": "LEIGHTON RD", "Intersection": "LEIGHTON RD & DUCHESS ST", "Jurisdiction": "COV", "POINT_X": 475754.78110000025, "POINT_Y": 5363967.5735999998 }, "geometry": { "type": "MultiPoint", "coordinates": [ [ -123.327760491638045, 48.428394873108928 ] ] } },
{ "type": "Feature", "properties": { "OBJECTID": 1073, "StreetName1": "FELL ST", "StreetName2": "LEIGHTON RD", "Intersection": "LEIGHTON RD & FELL ST", "Jurisdiction": "COV", "POINT_X": 475773.08349999972, "POINT_Y": 5363967.3783999998 }, "geometry": { "type": "MultiPoint", "coordinates": [ [ -123.327513073864594, 48.428393821422951 ] ] } },
{ "type": "Feature", "properties": { "OBJECTID": 1074, "StreetName1": "DAVIE ST", "StreetName2": "LEIGHTON RD", "Intersection": "LEIGHTON RD & DAVIE ST", "Jurisdiction": "COV", "POINT_X": 475850.46930000035, "POINT_Y": 5363966.8422500007 }, "geometry": { "type": "MultiPoint", "coordinates": [ [ -123.326773688797005, 48.428392513711707 ], [ -123.326160239791733, 48.428391426450503 ] ] } },
{ "type": "Feature", "properties": { "OBJECTID": 1075, "StreetName1": "LEE AVE", "StreetName2": "LEIGHTON RD", "Intersection": "LEIGHTON RD & LEE AVE", "Jurisdiction": "COV", "POINT_X": 475912.5784, "POINT_Y": 5363966.5357000008 }, "geometry": { "type": "MultiPoint", "coordinates": [ [ -123.325627373929521, 48.428391591449611 ] ] } },
{ "type": "Feature", "properties": { "OBJECTID": 1076, "StreetName1": "AMPHION ST", "StreetName2": "LEIGHTON RD", "Intersection": "LEIGHTON RD & AMPHION ST", "Jurisdiction": "COV", "POINT_X": 476045.97630000021, "POINT_Y": 5363968.6048000008 }, "geometry": { "type": "MultiPoint", "coordinates": [ [ -123.323824257917991, 48.428415294310646 ] ] } },
{ "type": "Feature", "properties": { "OBJECTID": 1077, "StreetName1": "FOUL BAY RD", "StreetName2": "LEIGHTON RD", "Intersection": "LEIGHTON RD & FOUL BAY RD", "Jurisdiction": "COV", "POINT_X": 476135.67449999973, "POINT_Y": 5363968.0726999994 }, "geometry": { "type": "MultiPoint", "coordinates": [ [ -123.322611712539896, 48.428413912999652 ] ] } },
{ "type": "Feature", "properties": { "OBJECTID": 1078, "StreetName1": "COOK ST", "StreetName2": "LEONARD ST", "Intersection": "LEONARD ST & COOK ST", "Jurisdiction": "COV", "POINT_X": 473549.977, "POINT_Y": 5362075.0507999994 }, "geometry": { "type": "MultiPoint", "coordinates": [ [ -123.357444931839908, 48.411280323657245 ] ] } },
{ "type": "Feature", "properties": { "OBJECTID": 1079, "StreetName1": "CAMBRIDGE ST", "StreetName2": "LEONARD ST", "Intersection": "LEONARD ST & CAMBRIDGE ST", "Jurisdiction": "COV", "POINT_X": 473743.14809999987, "POINT_Y": 5362042.2333000004 }, "geometry": { "type": "MultiPoint", "coordinates": [ [ -123.354832531258594, 48.410993164572815 ] ] } },
{ "type": "Feature", "properties": { "OBJECTID": 1080, "StreetName1": "DALLAS RD", "StreetName2": "LEWIS ST", "Intersection": "LEWIS ST & DALLAS RD", "Jurisdiction": "COV", "POINT_X": 472002.13080000039, "POINT_Y": 5362205.4871999994 }, "geometry": { "type": "MultiPoint", "coordinates": [ [ -123.378369844402201, 48.412386898619886 ] ] } },
{ "type": "Feature", "properties": { "OBJECTID": 1081, "StreetName1": "DUNELM WYNDE", "StreetName2": "LEWIS ST", "Intersection": "LEWIS ST & DUNELM WYNDE", "Jurisdiction": "COV", "POINT_X": 472033.73170000035, "POINT_Y": 5362248.4132000003 }, "geometry": { "type": "MultiPoint", "coordinates": [ [ -123.377945671065945, 48.412774479048323 ] ] } },
{ "type": "Feature", "properties": { "OBJECTID": 1082, "StreetName1": "BROTCHY LANE", "StreetName2": "LEWIS ST", "Intersection": "LEWIS ST & BROTCHY LANE", "Jurisdiction": "COV", "POINT_X": 472050.9079, "POINT_Y": 5362271.7452000007 }, "geometry": { "type": "MultiPoint", "coordinates": [ [ -123.377715115259718, 48.412985143865335 ] ] } },
{ "type": "Feature", "properties": { "OBJECTID": 1083, "StreetName1": "BEECHWOOD AVE", "StreetName2": "LILLIAN RD", "Intersection": "LILLIAN RD & BEECHWOOD AVE", "Jurisdiction": "COV", "POINT_X": 475375.6054999996, "POINT_Y": 5362280.1253999993 }, "geometry": { "type": "MultiPoint", "coordinates": [ [ -123.33278696763665, 48.413199245023627 ] ] } },
{ "type": "Feature", "properties": { "OBJECTID": 1084, "StreetName1": "IRVING RD", "StreetName2": "LILLIAN RD", "Intersection": "LILLIAN RD & IRVING RD", "Jurisdiction": "COV", "POINT_X": 475671.80420000013, "POINT_Y": 5362276.0172000006 }, "geometry": { "type": "MultiPoint", "coordinates": [ [ -123.328783996012717, 48.413173792743919 ] ] } },
{ "type": "Feature", "properties": { "OBJECTID": 1085, "StreetName1": "DALLAS RD", "StreetName2": "LINDEN AVE", "Intersection": "LINDEN AVE & DALLAS RD", "Jurisdiction": "COV", "POINT_X": 473769.8712, "POINT_Y": 5361642.5862000007 }, "geometry": { "type": "MultiPoint", "coordinates": [ [ -123.35444643388945, 48.40739890366649 ] ] } },
{ "type": "Feature", "properties": { "OBJECTID": 1086, "StreetName1": "FAITHFUL ST", "StreetName2": "LINDEN AVE", "Intersection": "LINDEN AVE & FAITHFUL ST", "Jurisdiction": "COV", "POINT_X": 473817.198, "POINT_Y": 5361922.9377999995 }, "geometry": { "type": "MultiPoint", "coordinates": [ [ -123.353824445100855, 48.409923019411458 ] ] } },
{ "type": "Feature", "properties": { "OBJECTID": 1087, "StreetName1": "CHAPMAN ST", "StreetName2": "LINDEN AVE", "Intersection": "LINDEN AVE & CHAPMAN ST", "Jurisdiction": "COV", "POINT_X": 473870.09069999959, "POINT_Y": 5362235.0815999992 }, "geometry": { "type": "MultiPoint", "coordinates": [ [ -123.35312916140785, 48.412733376005278 ] ] } },
{ "type": "Feature", "properties": { "OBJECTID": 1088, "StreetName1": "HILDA ST", "StreetName2": "LINDEN AVE", "Intersection": "LINDEN AVE & HILDA ST", "Jurisdiction": "COV", "POINT_X": 473937.19720000029, "POINT_Y": 5362637.0244999994 }, "geometry": { "type": "MultiPoint", "coordinates": [ [ -123.352247293469546, 48.41635218071184 ] ] } },
{ "type": "Feature", "properties": { "OBJECTID": 1089, "StreetName1": "FAIRFIELD RD", "StreetName2": "LINDEN AVE", "Intersection": "LINDEN AVE & FAIRFIELD RD", "Jurisdiction": "COV", "POINT_X": 473947.31259999983, "POINT_Y": 5362697.3390999995 }, "geometry": { "type": "MultiPoint", "coordinates": [ [ -123.352114336079282, 48.416895211108745 ] ] } },
{ "type": "Feature", "properties": { "OBJECTID": 1090, "StreetName1": "BURDETT AVE", "StreetName2": "LINDEN AVE", "Intersection": "LINDEN AVE & BURDETT AVE", "Jurisdiction": "COV", "POINT_X": 474020.87569999974, "POINT_Y": 5363141.5061000008 }, "geometry": { "type": "MultiPoint", "coordinates": [ [ -123.35114767727903, 48.420894135159855 ] ] } },
{ "type": "Feature", "properties": { "OBJECTID": 1091, "StreetName1": "FORT ST", "StreetName2": "LINDEN AVE", "Intersection": "LINDEN AVE & FORT ST", "Jurisdiction": "COV", "POINT_X": 474061.09970000014, "POINT_Y": 5363378.0242 }, "geometry": { "type": "MultiPoint", "coordinates": [ [ -123.35061865586249, 48.4230235937816 ] ] } },
{ "type": "Feature", "properties": { "OBJECTID": 1092, "StreetName1": "CARNSEW ST", "StreetName2": "LOTBINIERE AVE", "Intersection": "LOTBINIERE AVE & CARNSEW ST", "Jurisdiction": "COV", "POINT_X": 474477.64659999963, "POINT_Y": 5362684.2167000007 }, "geometry": { "type": "MultiPoint", "coordinates": [ [ -123.345028914794511, 48.416855008549952 ] ] } },
{ "type": "Feature", "properties": { "OBJECTID": 1093, "StreetName1": "HARRIET RD", "StreetName2": "LOTUS ST", "Intersection": "LOTUS ST & HARRIET RD", "Jurisdiction": "COV", "POINT_X": 471074.42750000022, "POINT_Y": 5365647.3598999996 }, "geometry": { "type": "MultiPoint", "coordinates": [ [ -123.391143792531295, 48.443309129700751 ] ] } },
{ "type": "Feature", "properties": { "OBJECTID": 1094, "StreetName1": "IRMA ST", "StreetName2": "LOTUS ST", "Intersection": "LOTUS ST & IRMA ST", "Jurisdiction": "COV", "POINT_X": 471218.9140999997, "POINT_Y": 5365544.326 }, "geometry": { "type": "MultiPoint", "coordinates": [ [ -123.389183025119067, 48.442388831190428 ] ] } },
{ "type": "Feature", "properties": { "OBJECTID": 1095, "StreetName1": "CAMAS CIR", "StreetName2": "LOVERS LANE", "Intersection": "LOVERS LANE & CAMAS CIR", "Jurisdiction": "COV", "POINT_X": 473270.32870000042, "POINT_Y": 5361973.9515000004 }, "geometry": { "type": "MultiPoint", "coordinates": [ [ -123.361217412184587, 48.410358996700381 ] ] } },
{ "type": "Feature", "properties": { "OBJECTID": 1096, "StreetName1": "JOHN ST", "StreetName2": "LUDGATE ST", "Intersection": "LUDGATE ST & JOHN ST", "Jurisdiction": "COV", "POINT_X": 472585.28760000039, "POINT_Y": 5364900.9946999997 }, "geometry": { "type": "MultiPoint", "coordinates": [ [ -123.370665699710244, 48.436662221212231 ] ] } },
{ "type": "Feature", "properties": { "OBJECTID": 1097, "StreetName1": "BAY ST", "StreetName2": "LUDGATE ST", "Intersection": "LUDGATE ST & BAY ST", "Jurisdiction": "COV", "POINT_X": 472605.55, "POINT_Y": 5364823.9024 }, "geometry": { "type": "MultiPoint", "coordinates": [ [ -123.37038671397238, 48.435969556765585 ] ] } },
{ "type": "Feature", "properties": { "OBJECTID": 1098, "StreetName1": "BOYD ST", "StreetName2": "LUXTON AVE", "Intersection": "LUXTON AVE & BOYD ST", "Jurisdiction": "COV", "POINT_X": 471967.0444, "POINT_Y": 5362387.1351999994 }, "geometry": { "type": "MultiPoint", "coordinates": [ [ -123.378856120721096, 48.414019505902878 ] ] } },
{ "type": "Feature", "properties": { "OBJECTID": 1099, "StreetName1": "DENMAN ST", "StreetName2": "LYDIA ST", "Intersection": "LYDIA ST & DENMAN ST", "Jurisdiction": "COV", "POINT_X": 475266.9402000001, "POINT_Y": 5364432.6325000003 }, "geometry": { "type": "MultiPoint", "coordinates": [ [ -123.334382427437092, 48.432559737595184 ] ] } },
{ "type": "Feature", "properties": { "OBJECTID": 1100, "StreetName1": "BRIGHTON AVE", "StreetName2": "MADDISON ST", "Intersection": "MADDISON ST & BRIGHTON AVE", "Jurisdiction": "COV", "POINT_X": 475840.12, "POINT_Y": 5363500.2928 }, "geometry": { "type": "MultiPoint", "coordinates": [ [ -123.326579970646407, 48.424194321577318 ] ] } },
{ "type": "Feature", "properties": { "OBJECTID": 1101, "StreetName1": "LAWNDALE AVE", "StreetName2": "MADDISON ST", "Intersection": "MADDISON ST & LAWNDALE AVE", "Jurisdiction": "COV", "POINT_X": 475842.05229999963, "POINT_Y": 5363344.1271000002 }, "geometry": { "type": "MultiPoint", "coordinates": [ [ -123.326544853053534, 48.422789470432022 ] ] } },
{ "type": "Feature", "properties": { "OBJECTID": 1102, "StreetName1": "HARRIET RD", "StreetName2": "MADDOCK AVE E", "Intersection": "MADDOCK AVE E & HARRIET RD", "Jurisdiction": "COV", "POINT_X": 471398.41509999987, "POINT_Y": 5366099.549000001 }, "geometry": { "type": "MultiPoint", "coordinates": [ [ -123.386793858223015, 48.447391956706312 ] ] } },
{ "type": "Feature", "properties": { "OBJECTID": 1103, "StreetName1": "IRMA ST", "StreetName2": "MADDOCK AVE E", "Intersection": "MADDOCK AVE E & IRMA ST", "Jurisdiction": "COV", "POINT_X": 471500.9134, "POINT_Y": 5366022.6404 }, "geometry": { "type": "MultiPoint", "coordinates": [ [ -123.385402573065903, 48.44670471546241 ] ] } },
{ "type": "Feature", "properties": { "OBJECTID": 1104, "StreetName1": "BALFOUR AVE", "StreetName2": "MADDOCK AVE E", "Intersection": "MADDOCK AVE E & BALFOUR AVE", "Jurisdiction": "COV", "POINT_X": 471586.2517, "POINT_Y": 5365958.6075999998 }, "geometry": { "type": "MultiPoint", "coordinates": [ [ -123.384244241871968, 48.446132517050408 ] ] } },
{ "type": "Feature", "properties": { "OBJECTID": 1105, "StreetName1": "ESQUIMALT RD", "StreetName2": "MAITLAND ST", "Intersection": "MAITLAND ST & ESQUIMALT RD", "Jurisdiction": "COV", "POINT_X": 471124.31439999957, "POINT_Y": 5364254.7455000002 }, "geometry": { "type": "MultiPoint", "coordinates": [ [ -123.390373247248135, 48.43078305559559 ] ] } },
{ "type": "Feature", "properties": { "OBJECTID": 1106, "StreetName1": "COOK ST", "StreetName2": "MALLEK CRES", "Intersection": "MALLEK CRES & COOK ST", "Jurisdiction": "COV", "POINT_X": 474158.89230000041, "POINT_Y": 5365959.5826999992 }, "geometry": { "type": "MultiPoint", "coordinates": [ [ -123.349456097608851, 48.446252183192286 ] ] } },
{ "type": "Feature", "properties": { "OBJECTID": 1107, "StreetName1": "COOK ST", "StreetName2": "MALLEK CRES", "Intersection": "MALLEK CRES & COOK ST", "Jurisdiction": "COV", "POINT_X": 474175.7687, "POINT_Y": 5365855.9565999992 }, "geometry": { "type": "MultiPoint", "coordinates": [ [ -123.349221496508008, 48.445320622442132 ] ] } },
{ "type": "Feature", "properties": { "OBJECTID": 1108, "StreetName1": "CECELIA RD", "StreetName2": "MANCHESTER RD", "Intersection": "MANCHESTER RD & CECELIA RD", "Jurisdiction": "COV", "POINT_X": 472380.38549999986, "POINT_Y": 5365523.0467000008 }, "geometry": { "type": "MultiPoint", "coordinates": [ [ -123.373476962025819, 48.44224943469407 ] ] } },
{ "type": "Feature", "properties": { "OBJECTID": 1109, "StreetName1": "BURNSIDE RD E", "StreetName2": "MANCHESTER RD", "Intersection": "MANCHESTER RD & BURNSIDE RD E", "Jurisdiction": "COV", "POINT_X": 472594.2949000001, "POINT_Y": 5365562.859 }, "geometry": { "type": "MultiPoint", "coordinates": [ [ -123.370587229919508, 48.442616948456148 ] ] } },
{ "type": "Feature", "properties": { "OBJECTID": 1110, "StreetName1": "JOAN CRES", "StreetName2": "MANOR RD", "Intersection": "MANOR RD & JOAN CRES", "Jurisdiction": "COV", "POINT_X": 474665.62040000036, "POINT_Y": 5363095.3103999998 }, "geometry": { "type": "MultiPoint", "coordinates": [ [ -123.342430712957338, 48.420504803710791 ] ] } },
{ "type": "Feature", "properties": { "OBJECTID": 1111, "StreetName1": "GOVERNMENT ST", "StreetName2": "MARIFIELD AVE", "Intersection": "MARIFIELD AVE & GOVERNMENT ST", "Jurisdiction": "COV", "POINT_X": 472652.27440000046, "POINT_Y": 5362470.7370999996 }, "geometry": { "type": "MultiPoint", "coordinates": [ [ -123.369601488131082, 48.414801733659431 ] ] } },
{ "type": "Feature", "properties": { "OBJECTID": 1112, "StreetName1": "DOUGLAS ST", "StreetName2": "MARKET ST", "Intersection": "MARKET ST & DOUGLAS ST", "Jurisdiction": "COV", "POINT_X": 472831.66160000023, "POINT_Y": 5365168.4077000003 }, "geometry": { "type": "MultiPoint", "coordinates": [ [ -123.367352106329932, 48.439078633177878 ] ] } },
{ "type": "Feature", "properties": { "OBJECTID": 1113, "StreetName1": "BLANSHARD ST", "StreetName2": "MARKET ST", "Intersection": "MARKET ST & BLANSHARD ST", "Jurisdiction": "COV", "POINT_X": 473105.12380000018, "POINT_Y": 5365242.7928999998 }, "geometry": { "type": "MultiPoint", "coordinates": [ [ -123.363659540071012, 48.439759568943643 ] ] } },
{ "type": "Feature", "properties": { "OBJECTID": 1114, "StreetName1": "DALLAS RD", "StreetName2": "MARLBOROUGH ST", "Intersection": "MARLBOROUGH ST & DALLAS RD", "Jurisdiction": "COV", "POINT_X": 473611.58980000019, "POINT_Y": 5361696.837 }, "geometry": { "type": "MultiPoint", "coordinates": [ [ -123.356588560354169, 48.407880356046839 ] ] } },
{ "type": "Feature", "properties": { "OBJECTID": 1115, "StreetName1": "FINLAYSON ST", "StreetName2": "MARS ST", "Intersection": "MARS ST & FINLAYSON ST", "Jurisdiction": "COV", "POINT_X": 473843.52180000022, "POINT_Y": 5366068.4242000002 }, "geometry": { "type": "MultiPoint", "coordinates": [ [ -123.353727466730234, 48.447218326916534 ] ] } },
{ "type": "Feature", "properties": { "OBJECTID": 1116, "StreetName1": "LANGFORD ST", "StreetName2": "MARY ST", "Intersection": "MARY ST & LANGFORD ST", "Jurisdiction": "COV", "POINT_X": 471446.12040000036, "POINT_Y": 5364687.7196999993 }, "geometry": { "type": "MultiPoint", "coordinates": [ [ -123.386052498530447, 48.43469289779096 ] ] } },
{ "type": "Feature", "properties": { "OBJECTID": 1117, "StreetName1": "BELLA ST", "StreetName2": "MARY ST", "Intersection": "MARY ST & BELLA ST", "Jurisdiction": "COV", "POINT_X": 471446.4841, "POINT_Y": 5364637.4568000007 }, "geometry": { "type": "MultiPoint", "coordinates": [ [ -123.386044155968747, 48.434240734157989 ] ] } },
{ "type": "Feature", "properties": { "OBJECTID": 1118, "StreetName1": "EDWARD ST", "StreetName2": "MARY ST", "Intersection": "MARY ST & EDWARD ST", "Jurisdiction": "COV", "POINT_X": 471446.84769999981, "POINT_Y": 5364587.1939000003 }, "geometry": { "type": "MultiPoint", "coordinates": [ [ -123.386035814930906, 48.43378857048382 ] ] } },
{ "type": "Feature", "properties": { "OBJECTID": 1119, "StreetName1": "HENRY ST", "StreetName2": "MARY ST", "Intersection": "MARY ST & HENRY ST", "Jurisdiction": "COV", "POINT_X": 471448.15869999956, "POINT_Y": 5364405.7166000009 }, "geometry": { "type": "MultiPoint", "coordinates": [ [ -123.386005724867559, 48.432156005268332 ] ] } },
{ "type": "Feature", "properties": { "OBJECTID": 1120, "StreetName1": "DUNDAS ST", "StreetName2": "MARY ST", "Intersection": "MARY ST & DUNDAS ST", "Jurisdiction": "COV", "POINT_X": 471448.85429999977, "POINT_Y": 5364307.7514999993 }, "geometry": { "type": "MultiPoint", "coordinates": [ [ -123.385989646205815, 48.431274712951272 ] ] } },
{ "type": "Feature", "properties": { "OBJECTID": 1121, "StreetName1": "ESQUIMALT RD", "StreetName2": "MARY ST", "Intersection": "MARY ST & ESQUIMALT RD", "Jurisdiction": "COV", "POINT_X": 471449.5499, "POINT_Y": 5364209.73 }, "geometry": { "type": "MultiPoint", "coordinates": [ [ -123.385973564348575, 48.430392913103518 ] ] } },
{ "type": "Feature", "properties": { "OBJECTID": 1122, "StreetName1": "AMELIA ST", "StreetName2": "MASON ST", "Intersection": "MASON ST & AMELIA ST", "Jurisdiction": "COV", "POINT_X": 473340.22950000037, "POINT_Y": 5363944.6791999992 }, "geometry": { "type": "MultiPoint", "coordinates": [ [ -123.360398151107248, 48.428091314725158 ] ] } },
{ "type": "Feature", "properties": { "OBJECTID": 1123, "StreetName1": "COOK ST", "StreetName2": "MASON ST", "Intersection": "MASON ST & COOK ST", "Jurisdiction": "COV", "POINT_X": 473874.50040000025, "POINT_Y": 5363950.1366000008 }, "geometry": { "type": "MultiPoint", "coordinates": [ [ -123.353176437013218, 48.428162803228744 ] ] } },
{ "type": "Feature", "properties": { "OBJECTID": 1124, "StreetName1": "CHAMBERS ST", "StreetName2": "MASON ST", "Intersection": "MASON ST & CHAMBERS ST", "Jurisdiction": "COV", "POINT_X": 474089.4276000001, "POINT_Y": 5363882.9693 }, "geometry": { "type": "MultiPoint", "coordinates": [ [ -123.350266981745804, 48.427567422924909 ] ] } },
{ "type": "Feature", "properties": { "OBJECTID": 1125, "StreetName1": "FAIRFIELD RD", "StreetName2": "MASTERS RD", "Intersection": "MASTERS RD & FAIRFIELD RD", "Jurisdiction": "COV", "POINT_X": 474381.36319999956, "POINT_Y": 5362410.0702 }, "geometry": { "type": "MultiPoint", "coordinates": [ [ -123.346230754452549, 48.414328634577515 ] ] } },
{ "type": "Feature", "properties": { "OBJECTID": 1126, "StreetName1": "LILLOOET HTS", "StreetName2": "MASTERS RD", "Intersection": "MASTERS RD & LILLOOET HTS", "Jurisdiction": "COV", "POINT_X": 474393.5521, "POINT_Y": 5362245.9032000005 }, "geometry": { "type": "MultiPoint", "coordinates": [ [ -123.346056011868669, 48.412852222527214 ] ] } },
{ "type": "Feature", "properties": { "OBJECTID": 1127, "StreetName1": "BELMONT AVE", "StreetName2": "MAUD ST", "Intersection": "MAUD ST & BELMONT AVE", "Jurisdiction": "COV", "POINT_X": 474993.08889999986, "POINT_Y": 5363562.0524000004 }, "geometry": { "type": "MultiPoint", "coordinates": [ [ -123.338032620927649, 48.424716871390565 ] ] } },
{ "type": "Feature", "properties": { "OBJECTID": 1128, "StreetName1": "COOK ST", "StreetName2": "MAY ST", "Intersection": "MAY ST & COOK ST", "Jurisdiction": "COV", "POINT_X": 473559.33970000036, "POINT_Y": 5362179.609 }, "geometry": { "type": "MultiPoint", "coordinates": [ [ -123.357325003012008, 48.412221360341896 ] ] } },
{ "type": "Feature", "properties": { "OBJECTID": 1129, "StreetName1": "CAMBRIDGE ST", "StreetName2": "MAY ST", "Intersection": "MAY ST & CAMBRIDGE ST", "Jurisdiction": "COV", "POINT_X": 473760.51549999975, "POINT_Y": 5362145.9094999991 }, "geometry": { "type": "MultiPoint", "coordinates": [ [ -123.354604329725859, 48.411926597302703 ] ] } },
{ "type": "Feature", "properties": { "OBJECTID": 1130, "StreetName1": "LINDEN AVE", "StreetName2": "MAY ST", "Intersection": "MAY ST & LINDEN AVE", "Jurisdiction": "COV", "POINT_X": 473852.17250000034, "POINT_Y": 5362130.5552999992 }, "geometry": { "type": "MultiPoint", "coordinates": [ [ -123.353364783605656, 48.411792275587686 ] ] } },
{ "type": "Feature", "properties": { "OBJECTID": 1131, "StreetName1": "HOWE ST", "StreetName2": "MAY ST", "Intersection": "MAY ST & HOWE ST", "Jurisdiction": "COV", "POINT_X": 474031.4888000004, "POINT_Y": 5362100.5162000004 }, "geometry": { "type": "MultiPoint", "coordinates": [ [ -123.350939773905139, 48.411529448566029 ] ] } },
{ "type": "Feature", "properties": { "OBJECTID": 1132, "StreetName1": "JOSEPH ST", "StreetName2": "MAY ST", "Intersection": "MAY ST & JOSEPH ST", "Jurisdiction": "COV", "POINT_X": 474297.37540000025, "POINT_Y": 5362055.9724000003 }, "geometry": { "type": "MultiPoint", "coordinates": [ [ -123.34734406370454, 48.411139617907757 ] ] } },
{ "type": "Feature", "properties": { "OBJECTID": 1133, "StreetName1": "EBERTS ST", "StreetName2": "MAY ST", "Intersection": "MAY ST & EBERTS ST", "Jurisdiction": "COV", "POINT_X": 474387.35539999977, "POINT_Y": 5362040.898 }, "geometry": { "type": "MultiPoint", "coordinates": [ [ -123.346127233932307, 48.411007666893568 ] ] } },
{ "type": "Feature", "properties": { "OBJECTID": 1134, "StreetName1": "LANGFORD ST", "StreetName2": "MCCASKILL ST", "Intersection": "MCCASKILL ST & LANGFORD ST", "Jurisdiction": "COV", "POINT_X": 471016.42250000034, "POINT_Y": 5364715.9919000007 }, "geometry": { "type": "MultiPoint", "coordinates": [ [ -123.391863662715053, 48.434927607932295 ] ] } },
{ "type": "Feature", "properties": { "OBJECTID": 1135, "StreetName1": "GRIFFITHS ST", "StreetName2": "MCCASKILL ST", "Intersection": "MCCASKILL ST & GRIFFITHS ST", "Jurisdiction": "COV", "POINT_X": 471028.23549999984, "POINT_Y": 5364627.1675500004 }, "geometry": { "type": "MultiPoint", "coordinates": [ [ -123.391881485150051, 48.434127636134477 ], [ -123.391514147448092, 48.434130486953876 ] ] } },
{ "type": "Feature", "properties": { "OBJECTID": 1136, "StreetName1": "COOK ST", "StreetName2": "MCCLURE ST", "Intersection": "MCCLURE ST & COOK ST", "Jurisdiction": "COV", "POINT_X": 473751.91189999972, "POINT_Y": 5363093.9097000007 }, "geometry": { "type": "MultiPoint", "coordinates": [ [ -123.354779926622982, 48.420454790543594 ] ] } },
{ "type": "Feature", "properties": { "OBJECTID": 1137, "StreetName1": "LINDEN AVE", "StreetName2": "MCCLURE ST", "Intersection": "MCCLURE ST & LINDEN AVE", "Jurisdiction": "COV", "POINT_X": 474005.7379000001, "POINT_Y": 5363051.1163 }, "geometry": { "type": "MultiPoint", "coordinates": [ [ -123.351346671054813, 48.420080331716179 ] ] } },
{ "type": "Feature", "properties": { "OBJECTID": 1138, "StreetName1": "COOK ST", "StreetName2": "MCKENZIE ST", "Intersection": "MCKENZIE ST & COOK ST", "Jurisdiction": "COV", "POINT_X": 473633.63219999988, "POINT_Y": 5362490.6172000002 }, "geometry": { "type": "MultiPoint", "coordinates": [ [ -123.356340610770729, 48.415022416248632 ] ] } },
{ "type": "Feature", "properties": { "OBJECTID": 1139, "StreetName1": "CHESTER AVE", "StreetName2": "MCKENZIE ST", "Intersection": "MCKENZIE ST & CHESTER AVE", "Jurisdiction": "COV", "POINT_X": 473812.97180000041, "POINT_Y": 5362458.6922999993 }, "geometry": { "type": "MultiPoint", "coordinates": [ [ -123.353914999755162, 48.414742688126736 ] ] } },
{ "type": "Feature", "properties": { "OBJECTID": 1140, "StreetName1": "LINDEN AVE", "StreetName2": "MCKENZIE ST", "Intersection": "MCKENZIE ST & LINDEN AVE", "Jurisdiction": "COV", "POINT_X": 473904.55339999963, "POINT_Y": 5362442.389 }, "geometry": { "type": "MultiPoint", "coordinates": [ [ -123.352676346822491, 48.414599817639981 ] ] } },
{ "type": "Feature", "properties": { "OBJECTID": 1141, "StreetName1": "COOK ST", "StreetName2": "MCNAIR ST", "Intersection": "MCNAIR ST & COOK ST", "Jurisdiction": "COV", "POINT_X": 474161.50949999969, "POINT_Y": 5365941.507 }, "geometry": { "type": "MultiPoint", "coordinates": [ [ -123.349419591238956, 48.446089675896722 ] ] } },
{ "type": "Feature", "properties": { "OBJECTID": 1142, "StreetName1": "FOUL BAY RD", "StreetName2": "MCNEILL AVE", "Intersection": "MCNEILL AVE & FOUL BAY RD", "Jurisdiction": "COV", "POINT_X": 476072.45210000034, "POINT_Y": 5363068.4816999994 }, "geometry": { "type": "MultiPoint", "coordinates": [ [ -123.323414985680785, 48.420318454275659 ] ] } },
{ "type": "Feature", "properties": { "OBJECTID": 1143, "StreetName1": "COOK ST", "StreetName2": "MEARES ST", "Intersection": "MEARES ST & COOK ST", "Jurisdiction": "COV", "POINT_X": 473797.62359999958, "POINT_Y": 5363365.5812 }, "geometry": { "type": "MultiPoint", "coordinates": [ [ -123.354179086167321, 48.422900746282565 ] ] } },
{ "type": "Feature", "properties": { "OBJECTID": 1145, "StreetName1": "BUSHBY ST", "StreetName2": "MEMORIAL CRES", "Intersection": "MEMORIAL CRES & BUSHBY ST", "Jurisdiction": "COV", "POINT_X": 474515.5, "POINT_Y": 5361940.8967000004 }, "geometry": { "type": "MultiPoint", "coordinates": [ [ -123.344389531416681, 48.410113213088465 ] ] } },
{ "type": "Feature", "properties": { "OBJECTID": 1146, "StreetName1": "MAY ST", "StreetName2": "MEMORIAL CRES", "Intersection": "MEMORIAL CRES & MAY ST", "Jurisdiction": "COV", "POINT_X": 474524.1256, "POINT_Y": 5362017.9845000003 }, "geometry": { "type": "MultiPoint", "coordinates": [ [ -123.344277656476947, 48.410807072990409 ] ] } },
{ "type": "Feature", "properties": { "OBJECTID": 1147, "StreetName1": "FAIRFIELD RD", "StreetName2": "MEMORIAL CRES", "Intersection": "MEMORIAL CRES & FAIRFIELD RD", "Jurisdiction": "COV", "POINT_X": 474592.3806, "POINT_Y": 5362173.2417000011 }, "geometry": { "type": "MultiPoint", "coordinates": [ [ -123.343556450379879, 48.412347671730608 ], [ -123.343173008364644, 48.412065490921428 ] ] } },
{ "type": "Feature", "properties": { "OBJECTID": 1148, "StreetName1": "DALLAS RD", "StreetName2": "MENZIES ST", "Intersection": "MENZIES ST & DALLAS RD", "Jurisdiction": "COV", "POINT_X": 472060.3503, "POINT_Y": 5362163.4198000003 }, "geometry": { "type": "MultiPoint", "coordinates": [ [ -123.377580299549066, 48.412011030154176 ] ] } },
{ "type": "Feature", "properties": { "OBJECTID": 1149, "StreetName1": "BROTCHY LANE", "StreetName2": "MENZIES ST", "Intersection": "MENZIES ST & BROTCHY LANE", "Jurisdiction": "COV", "POINT_X": 472108.501, "POINT_Y": 5362230.0526000001 }, "geometry": { "type": "MultiPoint", "coordinates": [ [ -123.376934055665757, 48.412612615058784 ] ] } },
{ "type": "Feature", "properties": { "OBJECTID": 1150, "StreetName1": "KINGSTON ST", "StreetName2": "MENZIES ST", "Intersection": "MENZIES ST & KINGSTON ST", "Jurisdiction": "COV", "POINT_X": 472490.932, "POINT_Y": 5362962.1566000003 }, "geometry": { "type": "MultiPoint", "coordinates": [ [ -123.371814112040695, 48.419215687552068 ] ] } },
{ "type": "Feature", "properties": { "OBJECTID": 1151, "StreetName1": "BELLEVILLE ST", "StreetName2": "MENZIES ST", "Intersection": "MENZIES ST & BELLEVILLE ST", "Jurisdiction": "COV", "POINT_X": 472555.89109999966, "POINT_Y": 5363138.5055999998 }, "geometry": { "type": "MultiPoint", "coordinates": [ [ -123.370947718826827, 48.420805016268893 ] ] } },
{ "type": "Feature", "properties": { "OBJECTID": 1152, "StreetName1": "COOK ST", "StreetName2": "MERRITT PL", "Intersection": "MERRITT PL & COOK ST", "Jurisdiction": "COV", "POINT_X": 474114.4748, "POINT_Y": 5366216.444 }, "geometry": { "type": "MultiPoint", "coordinates": [ [ -123.350072611051203, 48.448561163213192 ] ] } },
{ "type": "Feature", "properties": { "OBJECTID": 1153, "StreetName1": "HIGHVIEW ST", "StreetName2": "MERRITT ST", "Intersection": "MERRITT ST & HIGHVIEW ST", "Jurisdiction": "COV", "POINT_X": 473882.39010000043, "POINT_Y": 5366169.4166000001 }, "geometry": { "type": "MultiPoint", "coordinates": [ [ -123.353208164068533, 48.448128500428474 ] ] } },
{ "type": "Feature", "properties": { "OBJECTID": 1154, "StreetName1": "COOK ST", "StreetName2": "MERRITT ST", "Intersection": "MERRITT ST & COOK ST", "Jurisdiction": "COV", "POINT_X": 474114.4748, "POINT_Y": 5366216.444 }, "geometry": { "type": "MultiPoint", "coordinates": [ [ -123.350072611051203, 48.448561163213192 ] ] } },
{ "type": "Feature", "properties": { "OBJECTID": 1155, "StreetName1": "ALMA PL", "StreetName2": "MICHIGAN ST", "Intersection": "MICHIGAN ST & ALMA PL", "Jurisdiction": "COV", "POINT_X": 472183.7714, "POINT_Y": 5362867.2415999994 }, "geometry": { "type": "MultiPoint", "coordinates": [ [ -123.375959154128367, 48.418348311720386 ] ] } },
{ "type": "Feature", "properties": { "OBJECTID": 1156, "StreetName1": "MENZIES ST", "StreetName2": "MICHIGAN ST", "Intersection": "MICHIGAN ST & MENZIES ST", "Jurisdiction": "COV", "POINT_X": 472399.65249999985, "POINT_Y": 5362712.2498000003 }, "geometry": { "type": "MultiPoint", "coordinates": [ [ -123.373031324753413, 48.416963448371469 ] ] } },
{ "type": "Feature", "properties": { "OBJECTID": 1157, "StreetName1": "HEATHER ST", "StreetName2": "MICHIGAN ST", "Intersection": "MICHIGAN ST & HEATHER ST", "Jurisdiction": "COV", "POINT_X": 472627.37420000043, "POINT_Y": 5362726.9443999995 }, "geometry": { "type": "MultiPoint", "coordinates": [ [ -123.369954712872229, 48.417105581780348 ] ] } },
{ "type": "Feature", "properties": { "OBJECTID": 1158, "StreetName1": "GOVERNMENT ST", "StreetName2": "MICHIGAN ST", "Intersection": "MICHIGAN ST & GOVERNMENT ST", "Jurisdiction": "COV", "POINT_X": 472707.684, "POINT_Y": 5362734.5752000008 }, "geometry": { "type": "MultiPoint", "coordinates": [ [ -123.368869850280248, 48.417177715472604 ] ] } },
{ "type": "Feature", "properties": { "OBJECTID": 1159, "StreetName1": "MARY ST", "StreetName2": "MILNE ST", "Intersection": "MILNE ST & MARY ST", "Jurisdiction": "COV", "POINT_X": 471451.0418999996, "POINT_Y": 5363999.4229000006 }, "geometry": { "type": "MultiPoint", "coordinates": [ [ -123.385939068314428, 48.42850099330326 ] ] } },
{ "type": "Feature", "properties": { "OBJECTID": 1160, "StreetName1": "GONZALES AVE", "StreetName2": "MONTGOMERY AVE", "Intersection": "MONTGOMERY AVE & GONZALES AVE", "Jurisdiction": "COV", "POINT_X": 475243.34559999965, "POINT_Y": 5363054.8791000005 }, "geometry": { "type": "MultiPoint", "coordinates": [ [ -123.334620020986193, 48.420164039829132 ] ] } },
{ "type": "Feature", "properties": { "OBJECTID": 1161, "StreetName1": "DALLAS RD", "StreetName2": "MONTREAL ST", "Intersection": "MONTREAL ST & DALLAS RD", "Jurisdiction": "COV", "POINT_X": 471533.4804999996, "POINT_Y": 5362599.5255999994 }, "geometry": { "type": "MultiPoint", "coordinates": [ [ -123.384729638560216, 48.415910800379663 ] ] } },
{ "type": "Feature", "properties": { "OBJECTID": 1162, "StreetName1": "LADYSMITH ST", "StreetName2": "MONTREAL ST", "Intersection": "MONTREAL ST & LADYSMITH ST", "Jurisdiction": "COV", "POINT_X": 471716.31649999972, "POINT_Y": 5362851.1592999995 }, "geometry": { "type": "MultiPoint", "coordinates": [ [ -123.382275706420117, 48.418182815433447 ] ] } },
{ "type": "Feature", "properties": { "OBJECTID": 1163, "StreetName1": "DOBINSON ST", "StreetName2": "MONTREAL ST", "Intersection": "MONTREAL ST & DOBINSON ST", "Jurisdiction": "COV", "POINT_X": 471728.77209999971, "POINT_Y": 5362868.4811000004 }, "geometry": { "type": "MultiPoint", "coordinates": [ [ -123.382108537817516, 48.418339207168238 ] ] } },
{ "type": "Feature", "properties": { "OBJECTID": 1164, "StreetName1": "MICHIGAN ST", "StreetName2": "MONTREAL ST", "Intersection": "MONTREAL ST & MICHIGAN ST", "Jurisdiction": "COV", "POINT_X": 471879.6097, "POINT_Y": 5363089.6939000003 }, "geometry": { "type": "MultiPoint", "coordinates": [ [ -123.380084808546655, 48.420336061879986 ] ] } },
{ "type": "Feature", "properties": { "OBJECTID": 1165, "StreetName1": "KINGSTON ST", "StreetName2": "MONTREAL ST", "Intersection": "MONTREAL ST & KINGSTON ST", "Jurisdiction": "COV", "POINT_X": 471992.64290000033, "POINT_Y": 5363246.1240999997 }, "geometry": { "type": "MultiPoint", "coordinates": [ [ -123.378567558474344, 48.421748395357049 ] ] } },
{ "type": "Feature", "properties": { "OBJECTID": 1166, "StreetName1": "BLACKWOOD ST", "StreetName2": "MONTROSE AVE", "Intersection": "MONTROSE AVE & BLACKWOOD ST", "Jurisdiction": "COV", "POINT_X": 473783.9748, "POINT_Y": 5365534.3883999996 }, "geometry": { "type": "MultiPoint", "coordinates": [ [ -123.354499264876864, 48.442411494398399 ] ] } },
{ "type": "Feature", "properties": { "OBJECTID": 1167, "StreetName1": "FORT ST", "StreetName2": "MORRISON ST", "Intersection": "MORRISON ST & FORT ST", "Jurisdiction": "COV", "POINT_X": 475271.48620000016, "POINT_Y": 5363916.8153000008 }, "geometry": { "type": "MultiPoint", "coordinates": [ [ -123.334290532318221, 48.427919440067889 ] ] } },
{ "type": "Feature", "properties": { "OBJECTID": 1168, "StreetName1": "FAIRFIELD RD", "StreetName2": "MOSS ROCK PL", "Intersection": "MOSS ROCK PL & FAIRFIELD RD", "Jurisdiction": "COV", "POINT_X": 474494.1601, "POINT_Y": 5362283.5563999992 }, "geometry": { "type": "MultiPoint", "coordinates": [ [ -123.344698728941793, 48.413195045619815 ] ] } },
{ "type": "Feature", "properties": { "OBJECTID": 1169, "StreetName1": "DALLAS RD", "StreetName2": "MOSS ST", "Intersection": "MOSS ST & DALLAS RD", "Jurisdiction": "COV", "POINT_X": 474017.38350000046, "POINT_Y": 5361491.1272 }, "geometry": { "type": "MultiPoint", "coordinates": [ [ -123.351092642023545, 48.40604657468684 ] ] } },
{ "type": "Feature", "properties": { "OBJECTID": 1170, "StreetName1": "CLOVER AVE", "StreetName2": "MOSS ST", "Intersection": "MOSS ST & CLOVER AVE", "Jurisdiction": "COV", "POINT_X": 474040.6233000001, "POINT_Y": 5361624.6477000006 }, "geometry": { "type": "MultiPoint", "coordinates": [ [ -123.35078689222857, 48.407248733466318 ] ] } },
{ "type": "Feature", "properties": { "OBJECTID": 1171, "StreetName1": "GEORGE ST", "StreetName2": "MOSS ST", "Intersection": "MOSS ST & GEORGE ST", "Jurisdiction": "COV", "POINT_X": 474056.80119999964, "POINT_Y": 5361725.6389000006 }, "geometry": { "type": "MultiPoint", "coordinates": [ [ -123.350574539868049, 48.408157954677904 ] ] } },
{ "type": "Feature", "properties": { "OBJECTID": 1172, "StreetName1": "FAITHFUL ST", "StreetName2": "MOSS ST", "Intersection": "MOSS ST & FAITHFUL ST", "Jurisdiction": "COV", "POINT_X": 474082.54619999975, "POINT_Y": 5361878.7862 }, "geometry": { "type": "MultiPoint", "coordinates": [ [ -123.350236126116599, 48.409536784803443 ] ] } },
{ "type": "Feature", "properties": { "OBJECTID": 1173, "StreetName1": "MAY ST", "StreetName2": "MOSS ST", "Intersection": "MOSS ST & MAY ST", "Jurisdiction": "COV", "POINT_X": 474117.40149999969, "POINT_Y": 5362086.1238000002 }, "geometry": { "type": "MultiPoint", "coordinates": [ [ -123.349777929928408, 48.411403504096761 ] ] } },
{ "type": "Feature", "properties": { "OBJECTID": 1174, "StreetName1": "BOND ST", "StreetName2": "MOSS ST", "Intersection": "MOSS ST & BOND ST", "Jurisdiction": "COV", "POINT_X": 474131.66110000014, "POINT_Y": 5362170.9378999993 }, "geometry": { "type": "MultiPoint", "coordinates": [ [ -123.34959046781762, 48.412167108912591 ] ] } },
{ "type": "Feature", "properties": { "OBJECTID": 1175, "StreetName1": "FRANKLIN TERR", "StreetName2": "MOSS ST", "Intersection": "MOSS ST & FRANKLIN TERR", "Jurisdiction": "COV", "POINT_X": 474160.777, "POINT_Y": 5362344.1161000002 }, "geometry": { "type": "MultiPoint", "coordinates": [ [ -123.34920768196055, 48.41372627894809 ] ] } },
{ "type": "Feature", "properties": { "OBJECTID": 1176, "StreetName1": "MCKENZIE ST", "StreetName2": "MOSS ST", "Intersection": "MOSS ST & MCKENZIE ST", "Jurisdiction": "COV", "POINT_X": 474169.80740000028, "POINT_Y": 5362397.8288000003 }, "geometry": { "type": "MultiPoint", "coordinates": [ [ -123.349088954913185, 48.414209868531451 ] ] } },
{ "type": "Feature", "properties": { "OBJECTID": 1177, "StreetName1": "FAIRFIELD RD", "StreetName2": "MOSS ST", "Intersection": "MOSS ST & FAIRFIELD RD", "Jurisdiction": "COV", "POINT_X": 474189.18630000018, "POINT_Y": 5362513.0922999997 }, "geometry": { "type": "MultiPoint", "coordinates": [ [ -123.348834163479452, 48.41524761565708 ] ] } },
{ "type": "Feature", "properties": { "OBJECTID": 1178, "StreetName1": "CARNSEW ST", "StreetName2": "MOSS ST", "Intersection": "MOSS ST & CARNSEW ST", "Jurisdiction": "COV", "POINT_X": 474223.34669999965, "POINT_Y": 5362716.3188000005 }, "geometry": { "type": "MultiPoint", "coordinates": [ [ -123.348385004411668, 48.417077314364199 ] ] } },
{ "type": "Feature", "properties": { "OBJECTID": 1179, "StreetName1": "MINTO ST", "StreetName2": "MOSS ST", "Intersection": "MOSS ST & MINTO ST", "Jurisdiction": "COV", "POINT_X": 474240.405, "POINT_Y": 5362809.3373000007 }, "geometry": { "type": "MultiPoint", "coordinates": [ [ -123.348160180923472, 48.417914840474197 ] ] } },
{ "type": "Feature", "properties": { "OBJECTID": 1180, "StreetName1": "FORT ST", "StreetName2": "MOSS ST", "Intersection": "MOSS ST & FORT ST", "Jurisdiction": "COV", "POINT_X": 474328.03409999982, "POINT_Y": 5363400.2216999996 }, "geometry": { "type": "MultiPoint", "coordinates": [ [ -123.347012061775786, 48.423234227087718 ] ] } },
{ "type": "Feature", "properties": { "OBJECTID": 1181, "StreetName1": "HAULTAIN ST", "StreetName2": "MT STEPHEN AVE", "Intersection": "MT STEPHEN AVE & HAULTAIN ST", "Jurisdiction": "COV", "POINT_X": 474254.48060000036, "POINT_Y": 5364848.253 }, "geometry": { "type": "MultiPoint", "coordinates": [ [ -123.348095194495556, 48.436258214930746 ] ] } },
{ "type": "Feature", "properties": { "OBJECTID": 1182, "StreetName1": "KINGS RD", "StreetName2": "MT STEPHEN AVE", "Intersection": "MT STEPHEN AVE & KINGS RD", "Jurisdiction": "COV", "POINT_X": 474271.3153, "POINT_Y": 5365109.0468000006 }, "geometry": { "type": "MultiPoint", "coordinates": [ [ -123.347883611605226, 48.438605091238337 ] ] } },
{ "type": "Feature", "properties": { "OBJECTID": 1183, "StreetName1": "ACTON ST", "StreetName2": "MT STEPHEN AVE", "Intersection": "MT STEPHEN AVE & ACTON ST", "Jurisdiction": "COV", "POINT_X": 474277.62590000033, "POINT_Y": 5365204.2726000007 }, "geometry": { "type": "MultiPoint", "coordinates": [ [ -123.347804137817235, 48.439462031981357 ] ] } },
{ "type": "Feature", "properties": { "OBJECTID": 1184, "StreetName1": "HAMILTON RD", "StreetName2": "MYRTLE AVE", "Intersection": "MYRTLE AVE & HAMILTON RD", "Jurisdiction": "COV", "POINT_X": 474695.39240000024, "POINT_Y": 5365396.9878000002 }, "geometry": { "type": "MultiPoint", "coordinates": [ [ -123.342167318636214, 48.441212694963376 ] ] } },
{ "type": "Feature", "properties": { "OBJECTID": 1185, "StreetName1": "BELMONT AVE", "StreetName2": "MYRTLE AVE", "Intersection": "MYRTLE AVE & BELMONT AVE", "Jurisdiction": "COV", "POINT_X": 474911.55530000012, "POINT_Y": 5365524.9803999998 }, "geometry": { "type": "MultiPoint", "coordinates": [ [ -123.33925222805, 48.442372812296838 ] ] } },
{ "type": "Feature", "properties": { "OBJECTID": 1186, "StreetName1": "DONCASTER DR", "StreetName2": "MYRTLE AVE", "Intersection": "MYRTLE AVE & DONCASTER DR", "Jurisdiction": "COV", "POINT_X": 475025.89489999972, "POINT_Y": 5365592.6534000002 }, "geometry": { "type": "MultiPoint", "coordinates": [ [ -123.337710232221596, 48.442986168472679 ] ] } },
{ "type": "Feature", "properties": { "OBJECTID": 1187, "StreetName1": "FINLAYSON ST", "StreetName2": "NANAIMO ST", "Intersection": "NANAIMO ST & FINLAYSON ST", "Jurisdiction": "COV", "POINT_X": 472701.67179999966, "POINT_Y": 5365856.7108999994 }, "geometry": { "type": "MultiPoint", "coordinates": [ [ -123.369154498344898, 48.445265195302184 ] ] } },
{ "type": "Feature", "properties": { "OBJECTID": 1188, "StreetName1": "LARCH ST", "StreetName2": "NANAIMO ST", "Intersection": "NANAIMO ST & LARCH ST", "Jurisdiction": "COV", "POINT_X": 472717.8224, "POINT_Y": 5365777.1371 }, "geometry": { "type": "MultiPoint", "coordinates": [ [ -123.368930923183015, 48.444550025747589 ] ] } },
{ "type": "Feature", "properties": { "OBJECTID": 1189, "StreetName1": "MARKET ST", "StreetName2": "NANAIMO ST", "Intersection": "NANAIMO ST & MARKET ST", "Jurisdiction": "COV", "POINT_X": 473015.14109999966, "POINT_Y": 5365225.965 }, "geometry": { "type": "MultiPoint", "coordinates": [ [ -123.364875082240459, 48.43960432884893 ] ] } },
{ "type": "Feature", "properties": { "OBJECTID": 1190, "StreetName1": "HILLSIDE AVE", "StreetName2": "NANAIMO ST", "Intersection": "NANAIMO ST & HILLSIDE AVE", "Jurisdiction": "COV", "POINT_X": 473033.7938000001, "POINT_Y": 5365129.5551999994 }, "geometry": { "type": "MultiPoint", "coordinates": [ [ -123.364616679000193, 48.438737795289299 ] ] } },
{ "type": "Feature", "properties": { "OBJECTID": 1191, "StreetName1": "CECELIA RD", "StreetName2": "NAPIER LANE", "Intersection": "NAPIER LANE & CECELIA RD", "Jurisdiction": "COV", "POINT_X": 472033.06259999983, "POINT_Y": 5365776.4089000002 }, "geometry": { "type": "MultiPoint", "coordinates": [ [ -123.378190144121362, 48.444513418881641 ] ] } },
{ "type": "Feature", "properties": { "OBJECTID": 1192, "StreetName1": "BURNSIDE RD E", "StreetName2": "NAPIER LANE", "Intersection": "NAPIER LANE & BURNSIDE RD E", "Jurisdiction": "COV", "POINT_X": 472126.74019999988, "POINT_Y": 5365903.819 }, "geometry": { "type": "MultiPoint", "coordinates": [ [ -123.37693192537013, 48.44566379317645 ] ] } },
{ "type": "Feature", "properties": { "OBJECTID": 1193, "StreetName1": "MONTREAL ST", "StreetName2": "NIAGARA ST", "Intersection": "NIAGARA ST & MONTREAL ST", "Jurisdiction": "COV", "POINT_X": 471653.98539999966, "POINT_Y": 5362764.477 }, "geometry": { "type": "MultiPoint", "coordinates": [ [ -123.383112246748368, 48.417400191272897 ] ] } },
{ "type": "Feature", "properties": { "OBJECTID": 1194, "StreetName1": "DOCK ST", "StreetName2": "NIAGARA ST", "Intersection": "NIAGARA ST & DOCK ST", "Jurisdiction": "COV", "POINT_X": 471727.16490000021, "POINT_Y": 5362712.0764000006 }, "geometry": { "type": "MultiPoint", "coordinates": [ [ -123.382119714022068, 48.416932066649615 ] ] } },
{ "type": "Feature", "properties": { "OBJECTID": 1195, "StreetName1": "BOYD ST", "StreetName2": "NIAGARA ST", "Intersection": "NIAGARA ST & BOYD ST", "Jurisdiction": "COV", "POINT_X": 472038.12710000016, "POINT_Y": 5362486.0994000006 }, "geometry": { "type": "MultiPoint", "coordinates": [ [ -123.37790211948662, 48.414912980224784 ] ] } },
{ "type": "Feature", "properties": { "OBJECTID": 1196, "StreetName1": "CROFT ST", "StreetName2": "NIAGARA ST", "Intersection": "NIAGARA ST & CROFT ST", "Jurisdiction": "COV", "POINT_X": 472088.1612999998, "POINT_Y": 5362449.2947000004 }, "geometry": { "type": "MultiPoint", "coordinates": [ [ -123.377223504901622, 48.414584091273376 ] ] } },
{ "type": "Feature", "properties": { "OBJECTID": 1197, "StreetName1": "MENZIES ST", "StreetName2": "NIAGARA ST", "Intersection": "NIAGARA ST & MENZIES ST", "Jurisdiction": "COV", "POINT_X": 472204.74739999976, "POINT_Y": 5362365.911 }, "geometry": { "type": "MultiPoint", "coordinates": [ [ -123.375642437297827, 48.4138390972007 ] ] } },
{ "type": "Feature", "properties": { "OBJECTID": 1198, "StreetName1": "MEDANA ST", "StreetName2": "NIAGARA ST", "Intersection": "NIAGARA ST & MEDANA ST", "Jurisdiction": "COV", "POINT_X": 472260.36089999974, "POINT_Y": 5362324.3299000002 }, "geometry": { "type": "MultiPoint", "coordinates": [ [ -123.374888138705543, 48.413467470313876 ] ] } },
{ "type": "Feature", "properties": { "OBJECTID": 1199, "StreetName1": "CLARENCE ST", "StreetName2": "NIAGARA ST", "Intersection": "NIAGARA ST & CLARENCE ST", "Jurisdiction": "COV", "POINT_X": 472330.45029999968, "POINT_Y": 5362271.9255999997 }, "geometry": { "type": "MultiPoint", "coordinates": [ [ -123.373937515827393, 48.412999105059804 ] ] } },
{ "type": "Feature", "properties": { "OBJECTID": 1200, "StreetName1": "GOVERNMENT ST", "StreetName2": "NIAGARA ST", "Intersection": "NIAGARA ST & GOVERNMENT ST", "Jurisdiction": "COV", "POINT_X": 472475.68070000038, "POINT_Y": 5362170.1086 }, "geometry": { "type": "MultiPoint", "coordinates": [ [ -123.371968254836631, 48.412089484914901 ] ] } },
{ "type": "Feature", "properties": { "OBJECTID": 1201, "StreetName1": "DOUGLAS ST", "StreetName2": "NIAGARA ST", "Intersection": "NIAGARA ST & DOUGLAS ST", "Jurisdiction": "COV", "POINT_X": 472713.61830000021, "POINT_Y": 5362000.6139000002 }, "geometry": { "type": "MultiPoint", "coordinates": [ [ -123.368741901656577, 48.410574999603078 ] ] } },
{ "type": "Feature", "properties": { "OBJECTID": 1202, "StreetName1": "FOUL BAY RD", "StreetName2": "NORMANTON CRT", "Intersection": "NORMANTON CRT & FOUL BAY RD", "Jurisdiction": "COV", "POINT_X": 475841.92669999972, "POINT_Y": 5362827.3334 }, "geometry": { "type": "MultiPoint", "coordinates": [ [ -123.326516773814859, 48.418140193004206 ] ] } },
{ "type": "Feature", "properties": { "OBJECTID": 1203, "StreetName1": "CEDAR HILL RD", "StreetName2": "NORTH DAIRY RD", "Intersection": "NORTH DAIRY RD & CEDAR HILL RD", "Jurisdiction": "COV", "POINT_X": 474565.97190000024, "POINT_Y": 5366192.975 }, "geometry": { "type": "MultiPoint", "coordinates": [ [ -123.34396557450043, 48.448368439041651 ] ] } },
{ "type": "Feature", "properties": { "OBJECTID": 1204, "StreetName1": "DONCASTER DR", "StreetName2": "NORTH DAIRY RD", "Intersection": "NORTH DAIRY RD & DONCASTER DR", "Jurisdiction": "COV", "POINT_X": 474725.31989999954, "POINT_Y": 5366186.4412999991 }, "geometry": { "type": "MultiPoint", "coordinates": [ [ -123.341810319062958, 48.448316080040946 ] ] } },
{ "type": "Feature", "properties": { "OBJECTID": 1205, "StreetName1": "CLAWTHORPE AVE", "StreetName2": "NORTH DAIRY RD", "Intersection": "NORTH DAIRY RD & CLAWTHORPE AVE", "Jurisdiction": "COV", "POINT_X": 474904.4156, "POINT_Y": 5366180.6663000006 }, "geometry": { "type": "MultiPoint", "coordinates": [ [ -123.339388065900792, 48.448271294017005 ] ] } },
{ "type": "Feature", "properties": { "OBJECTID": 1206, "StreetName1": "BLANSHARD ST", "StreetName2": "NORTH PARK ST", "Intersection": "NORTH PARK ST & BLANSHARD ST", "Jurisdiction": "COV", "POINT_X": 473231.45050000027, "POINT_Y": 5364172.8705000002 }, "geometry": { "type": "MultiPoint", "coordinates": [ [ -123.36188315541709, 48.430139585121275 ] ] } },
{ "type": "Feature", "properties": { "OBJECTID": 1207, "StreetName1": "BLANSHARD ST", "StreetName2": "NORTH PARK ST", "Intersection": "NORTH PARK ST & BLANSHARD ST", "Jurisdiction": "COV", "POINT_X": 473244.7517, "POINT_Y": 5364167.0984000005 }, "geometry": { "type": "MultiPoint", "coordinates": [ [ -123.361702979650119, 48.430088222701201 ] ] } },
{ "type": "Feature", "properties": { "OBJECTID": 1208, "StreetName1": "COOK ST", "StreetName2": "NORTH PARK ST", "Intersection": "NORTH PARK ST & COOK ST", "Jurisdiction": "COV", "POINT_X": 473888.10240000021, "POINT_Y": 5364105.5889 }, "geometry": { "type": "MultiPoint", "coordinates": [ [ -123.353002256226659, 48.429561869494208 ] ] } },
{ "type": "Feature", "properties": { "OBJECTID": 1209, "StreetName1": "CHAMBERS ST", "StreetName2": "NORTH PARK ST", "Intersection": "NORTH PARK ST & CHAMBERS ST", "Jurisdiction": "COV", "POINT_X": 474105.69070000015, "POINT_Y": 5364085.2788999993 }, "geometry": { "type": "MultiPoint", "coordinates": [ [ -123.35005964598065, 48.429388138972143 ] ] } },
{ "type": "Feature", "properties": { "OBJECTID": 1210, "StreetName1": "BURLEITH CRES", "StreetName2": "NORTHCOTT AVE", "Intersection": "NORTHCOTT AVE & BURLEITH CRES", "Jurisdiction": "COV", "POINT_X": 470975.73259999976, "POINT_Y": 5365302.8391999993 }, "geometry": { "type": "MultiPoint", "coordinates": [ [ -123.392454425469253, 48.440205180920067 ] ] } },
{ "type": "Feature", "properties": { "OBJECTID": 1211, "StreetName1": "COVENTRY AVE", "StreetName2": "NORTHCOTT AVE", "Intersection": "NORTHCOTT AVE & COVENTRY AVE", "Jurisdiction": "COV", "POINT_X": 471122.04590000026, "POINT_Y": 5365225.6594999991 }, "geometry": { "type": "MultiPoint", "coordinates": [ [ -123.39047083896881, 48.439517579607632 ] ] } },
{ "type": "Feature", "properties": { "OBJECTID": 1212, "StreetName1": "FORT ST", "StreetName2": "OAK BAY AVE", "Intersection": "OAK BAY AVE & FORT ST", "Jurisdiction": "COV", "POINT_X": 475074.36330000032, "POINT_Y": 5363763.7492999993 }, "geometry": { "type": "MultiPoint", "coordinates": [ [ -123.336946051788814, 48.426534631675452 ] ] } },
{ "type": "Feature", "properties": { "OBJECTID": 1213, "StreetName1": "MCGREGOR AVE", "StreetName2": "OAK BAY AVE", "Intersection": "OAK BAY AVE & MCGREGOR AVE", "Jurisdiction": "COV", "POINT_X": 475162.43759999983, "POINT_Y": 5363761.9315000009 }, "geometry": { "type": "MultiPoint", "coordinates": [ [ -123.335755425912367, 48.426521757860669 ] ] } },
{ "type": "Feature", "properties": { "OBJECTID": 1214, "StreetName1": "MORRISON ST", "StreetName2": "OAK BAY AVE", "Intersection": "OAK BAY AVE & MORRISON ST", "Jurisdiction": "COV", "POINT_X": 475271.959, "POINT_Y": 5363758.7902000006 }, "geometry": { "type": "MultiPoint", "coordinates": [ [ -123.334274817791737, 48.426497807537601 ] ] } },
{ "type": "Feature", "properties": { "OBJECTID": 1215, "StreetName1": "BELCHER AVE", "StreetName2": "OAK BAY AVE", "Intersection": "OAK BAY AVE & BELCHER AVE", "Jurisdiction": "COV", "POINT_X": 475367.42839999963, "POINT_Y": 5363756.3639000002 }, "geometry": { "type": "MultiPoint", "coordinates": [ [ -123.332984196548537, 48.426479721088256 ] ] } },
{ "type": "Feature", "properties": { "OBJECTID": 1216, "StreetName1": "JUBILEE AVE", "StreetName2": "OAK BAY AVE", "Intersection": "OAK BAY AVE & JUBILEE AVE", "Jurisdiction": "COV", "POINT_X": 475466.5691, "POINT_Y": 5363754.9586999994 }, "geometry": { "type": "MultiPoint", "coordinates": [ [ -123.331644010258131, 48.426470949383067 ] ] } },
{ "type": "Feature", "properties": { "OBJECTID": 1217, "StreetName1": "BEVERLEY PL", "StreetName2": "OAK BAY AVE", "Intersection": "OAK BAY AVE & BEVERLEY PL", "Jurisdiction": "COV", "POINT_X": 475490.99710000027, "POINT_Y": 5363754.6124000009 }, "geometry": { "type": "MultiPoint", "coordinates": [ [ -123.33131379204039, 48.426468785099289 ] ] } },
{ "type": "Feature", "properties": { "OBJECTID": 1218, "StreetName1": "BANK ST", "StreetName2": "OAK BAY AVE", "Intersection": "OAK BAY AVE & BANK ST", "Jurisdiction": "COV", "POINT_X": 475658.51884999988, "POINT_Y": 5363752.8849000009 }, "geometry": { "type": "MultiPoint", "coordinates": [ [ -123.329193324061194, 48.426459994902622 ], [ -123.328905211381496, 48.42645948726058 ] ] } },
{ "type": "Feature", "properties": { "OBJECTID": 1219, "StreetName1": "CLARE ST", "StreetName2": "OAK BAY AVE", "Intersection": "OAK BAY AVE & CLARE ST", "Jurisdiction": "COV", "POINT_X": 475721.58619999979, "POINT_Y": 5363752.4467999991 }, "geometry": { "type": "MultiPoint", "coordinates": [ [ -123.328196748790788, 48.426458234371005 ] ] } },
{ "type": "Feature", "properties": { "OBJECTID": 1220, "StreetName1": "FELL ST", "StreetName2": "OAK BAY AVE", "Intersection": "OAK BAY AVE & FELL ST", "Jurisdiction": "COV", "POINT_X": 475769.73280000035, "POINT_Y": 5363752.1124000009 }, "geometry": { "type": "MultiPoint", "coordinates": [ [ -123.327545922539827, 48.426457080275654 ] ] } },
{ "type": "Feature", "properties": { "OBJECTID": 1221, "StreetName1": "CHAMBERLAIN ST", "StreetName2": "OAK BAY AVE", "Intersection": "OAK BAY AVE & CHAMBERLAIN ST", "Jurisdiction": "COV", "POINT_X": 475809.9104000004, "POINT_Y": 5363751.8328000009 }, "geometry": { "type": "MultiPoint", "coordinates": [ [ -123.327002817982006, 48.426456109450335 ] ] } },
{ "type": "Feature", "properties": { "OBJECTID": 1222, "StreetName1": "DAVIE ST", "StreetName2": "OAK BAY AVE", "Intersection": "OAK BAY AVE & DAVIE ST", "Jurisdiction": "COV", "POINT_X": 475883.46970000013, "POINT_Y": 5363751.3226999994 }, "geometry": { "type": "MultiPoint", "coordinates": [ [ -123.326185705097004, 48.426454657167334 ], [ -123.325831241343451, 48.426454025803523 ] ] } },
{ "type": "Feature", "properties": { "OBJECTID": 1223, "StreetName1": "AMPHION ST", "StreetName2": "OAK BAY AVE", "Intersection": "OAK BAY AVE & AMPHION ST", "Jurisdiction": "COV", "POINT_X": 476058.7371, "POINT_Y": 5363750.1075499998 }, "geometry": { "type": "MultiPoint", "coordinates": [ [ -123.3238143744979, 48.426450412849739 ], [ -123.323464185024335, 48.426449781059496 ] ] } },
{ "type": "Feature", "properties": { "OBJECTID": 1224, "StreetName1": "FOUL BAY RD", "StreetName2": "OAK BAY AVE", "Intersection": "OAK BAY AVE & FOUL BAY RD", "Jurisdiction": "COV", "POINT_X": 476124.346, "POINT_Y": 5363749.6526999995 }, "geometry": { "type": "MultiPoint", "coordinates": [ [ -123.32275240536373, 48.42644849587785 ] ] } },
{ "type": "Feature", "properties": { "OBJECTID": 1225, "StreetName1": "GOSWORTH RD", "StreetName2": "OAKLAND AVE", "Intersection": "OAKLAND AVE & GOSWORTH RD", "Jurisdiction": "COV", "POINT_X": 474619.68450000044, "POINT_Y": 5365816.1076999996 }, "geometry": { "type": "MultiPoint", "coordinates": [ [ -123.343216373946646, 48.444980187464537 ] ] } },
{ "type": "Feature", "properties": { "OBJECTID": 1226, "StreetName1": "DONCASTER DR", "StreetName2": "OAKLAND AVE", "Intersection": "OAKLAND AVE & DONCASTER DR", "Jurisdiction": "COV", "POINT_X": 474854.7882000003, "POINT_Y": 5365937.1654000003 }, "geometry": { "type": "MultiPoint", "coordinates": [ [ -123.340044550701521, 48.446078699496709 ] ] } },
{ "type": "Feature", "properties": { "OBJECTID": 1227, "StreetName1": "HEYWOOD AVE", "StreetName2": "OLIPHANT AVE", "Intersection": "OLIPHANT AVE & HEYWOOD AVE", "Jurisdiction": "COV", "POINT_X": 473319.99380000029, "POINT_Y": 5362369.7204 }, "geometry": { "type": "MultiPoint", "coordinates": [ [ -123.360571466229956, 48.413921581510998 ] ] } },
{ "type": "Feature", "properties": { "OBJECTID": 1228, "StreetName1": "COOK ST", "StreetName2": "OLIPHANT AVE", "Intersection": "OLIPHANT AVE & COOK ST", "Jurisdiction": "COV", "POINT_X": 473594.658, "POINT_Y": 5362355.6848000009 }, "geometry": { "type": "MultiPoint", "coordinates": [ [ -123.356858817855638, 48.413806883346851 ] ] } },
{ "type": "Feature", "properties": { "OBJECTID": 1229, "StreetName1": "GEORGE ST", "StreetName2": "OLIVE ST", "Intersection": "OLIVE ST & GEORGE ST", "Jurisdiction": "COV", "POINT_X": 474147.3158, "POINT_Y": 5361709.9378999993 }, "geometry": { "type": "MultiPoint", "coordinates": [ [ -123.349350510826127, 48.408020422408683 ] ] } },
{ "type": "Feature", "properties": { "OBJECTID": 1230, "StreetName1": "MAY ST", "StreetName2": "OLIVE ST", "Intersection": "OLIVE ST & MAY ST", "Jurisdiction": "COV", "POINT_X": 474207.79729999974, "POINT_Y": 5362070.9796999991 }, "geometry": { "type": "MultiPoint", "coordinates": [ [ -123.348555464649436, 48.41127096883028 ] ] } },
{ "type": "Feature", "properties": { "OBJECTID": 1231, "StreetName1": "DALLAS RD", "StreetName2": "OLYMPIA AVE", "Intersection": "OLYMPIA AVE & DALLAS RD", "Jurisdiction": "COV", "POINT_X": 472554.18460000027, "POINT_Y": 5361825.8911000006 }, "geometry": { "type": "MultiPoint", "coordinates": [ [ -123.370884886232318, 48.408996207105673 ] ] } },
{ "type": "Feature", "properties": { "OBJECTID": 1232, "StreetName1": "BATTERY ST", "StreetName2": "OLYMPIA AVE", "Intersection": "OLYMPIA AVE & BATTERY ST", "Jurisdiction": "COV", "POINT_X": 472596.3449, "POINT_Y": 5361975.8516000006 }, "geometry": { "type": "MultiPoint", "coordinates": [ [ -123.37032499050332, 48.410347139897326 ] ] } },
{ "type": "Feature", "properties": { "OBJECTID": 1233, "StreetName1": "DALLAS RD", "StreetName2": "ONTARIO ST", "Intersection": "ONTARIO ST & DALLAS RD", "Jurisdiction": "COV", "POINT_X": 471525.09179999959, "POINT_Y": 5363230.4321999997 }, "geometry": { "type": "MultiPoint", "coordinates": [ [ -123.384885849375479, 48.421586262705361 ] ] } },
{ "type": "Feature", "properties": { "OBJECTID": 1234, "StreetName1": "MONTREAL ST", "StreetName2": "ONTARIO ST", "Intersection": "ONTARIO ST & MONTREAL ST", "Jurisdiction": "COV", "POINT_X": 471824.1512000002, "POINT_Y": 5363012.9451000001 }, "geometry": { "type": "MultiPoint", "coordinates": [ [ -123.380829200088883, 48.419643126237347 ] ] } },
{ "type": "Feature", "properties": { "OBJECTID": 1235, "StreetName1": "DENMAN ST", "StreetName2": "OREGON AVE", "Intersection": "OREGON AVE & DENMAN ST", "Jurisdiction": "COV", "POINT_X": 474626.16089999955, "POINT_Y": 5364458.8663 }, "geometry": { "type": "MultiPoint", "coordinates": [ [ -123.343046579138871, 48.432770248856791 ] ] } },
{ "type": "Feature", "properties": { "OBJECTID": 1236, "StreetName1": "BAY ST", "StreetName2": "OREGON AVE", "Intersection": "OREGON AVE & BAY ST", "Jurisdiction": "COV", "POINT_X": 474633.9051000001, "POINT_Y": 5364640.8637000006 }, "geometry": { "type": "MultiPoint", "coordinates": [ [ -123.342952905158739, 48.4344078722078 ] ] } },
{ "type": "Feature", "properties": { "OBJECTID": 1237, "StreetName1": "FORT ST", "StreetName2": "ORMOND ST", "Intersection": "ORMOND ST & FORT ST", "Jurisdiction": "COV", "POINT_X": 474120.99239999987, "POINT_Y": 5363369.2161999997 }, "geometry": { "type": "MultiPoint", "coordinates": [ [ -123.349808587315437, 48.422946817619462 ] ] } },
{ "type": "Feature", "properties": { "OBJECTID": 1238, "StreetName1": "COOK ST", "StreetName2": "OSCAR ST", "Intersection": "OSCAR ST & COOK ST", "Jurisdiction": "COV", "POINT_X": 473661.47790000029, "POINT_Y": 5362588.0581 }, "geometry": { "type": "MultiPoint", "coordinates": [ [ -123.355970420019375, 48.415900194445818 ] ] } },
{ "type": "Feature", "properties": { "OBJECTID": 1239, "StreetName1": "CHESTER AVE", "StreetName2": "OSCAR ST", "Intersection": "OSCAR ST & CHESTER AVE", "Jurisdiction": "COV", "POINT_X": 473797.65755000047, "POINT_Y": 5362566.3903000001 }, "geometry": { "type": "MultiPoint", "coordinates": [ [ -123.354577173079079, 48.415754954466969 ], [ -123.353680199395214, 48.415666927117044 ] ] } },
{ "type": "Feature", "properties": { "OBJECTID": 1240, "StreetName1": "LINDEN AVE", "StreetName2": "OSCAR ST", "Intersection": "OSCAR ST & LINDEN AVE", "Jurisdiction": "COV", "POINT_X": 473921.93740000017, "POINT_Y": 5362546.0315000005 }, "geometry": { "type": "MultiPoint", "coordinates": [ [ -123.352447863587045, 48.415532943150886 ] ] } },
{ "type": "Feature", "properties": { "OBJECTID": 1241, "StreetName1": "CEDAR HILL RD", "StreetName2": "OSWALD RD", "Intersection": "OSWALD RD & CEDAR HILL RD", "Jurisdiction": "COV", "POINT_X": 474447.4984, "POINT_Y": 5365942.3147999998 }, "geometry": { "type": "MultiPoint", "coordinates": [ [ -123.345552390975797, 48.446108619972108 ] ] } },
{ "type": "Feature", "properties": { "OBJECTID": 1242, "StreetName1": "DALLAS RD", "StreetName2": "OSWEGO ST", "Intersection": "OSWEGO ST & DALLAS RD", "Jurisdiction": "COV", "POINT_X": 471721.21040000021, "POINT_Y": 5362407.3496000003 }, "geometry": { "type": "MultiPoint", "coordinates": [ [ -123.382179639502453, 48.414190375382972 ] ] } },
{ "type": "Feature", "properties": { "OBJECTID": 1243, "StreetName1": "NIAGARA ST", "StreetName2": "OSWEGO ST", "Intersection": "OSWEGO ST & NIAGARA ST", "Jurisdiction": "COV", "POINT_X": 471868.95220000017, "POINT_Y": 5362610.7208999991 }, "geometry": { "type": "MultiPoint", "coordinates": [ [ -123.380196717820198, 48.41602658601257 ] ] } },
{ "type": "Feature", "properties": { "OBJECTID": 1244, "StreetName1": "BECKLEY AVE", "StreetName2": "OSWEGO ST", "Intersection": "OSWEGO ST & BECKLEY AVE", "Jurisdiction": "COV", "POINT_X": 471896.5641000001, "POINT_Y": 5362648.1546 }, "geometry": { "type": "MultiPoint", "coordinates": [ [ -123.379826069400366, 48.41636458446748 ] ] } },
{ "type": "Feature", "properties": { "OBJECTID": 1245, "StreetName1": "ONTARIO ST", "StreetName2": "OSWEGO ST", "Intersection": "OSWEGO ST & ONTARIO ST", "Jurisdiction": "COV", "POINT_X": 472045.8723, "POINT_Y": 5362851.5156999994 }, "geometry": { "type": "MultiPoint", "coordinates": [ [ -123.37782180816194, 48.41820073202998 ] ] } },
{ "type": "Feature", "properties": { "OBJECTID": 1246, "StreetName1": "MICHIGAN ST", "StreetName2": "OSWEGO ST", "Intersection": "OSWEGO ST & MICHIGAN ST", "Jurisdiction": "COV", "POINT_X": 472100.7303, "POINT_Y": 5362926.861 }, "geometry": { "type": "MultiPoint", "coordinates": [ [ -123.377085419022393, 48.418880995492884 ] ] } },
{ "type": "Feature", "properties": { "OBJECTID": 1247, "StreetName1": "KINGSTON ST", "StreetName2": "OSWEGO ST", "Intersection": "OSWEGO ST & KINGSTON ST", "Jurisdiction": "COV", "POINT_X": 472211.06269999966, "POINT_Y": 5363078.3743999992 }, "geometry": { "type": "MultiPoint", "coordinates": [ [ -123.375604305461138, 48.420248937567408 ] ] } },
{ "type": "Feature", "properties": { "OBJECTID": 1248, "StreetName1": "BELLEVILLE ST", "StreetName2": "OSWEGO ST", "Intersection": "OSWEGO ST & BELLEVILLE ST", "Jurisdiction": "COV", "POINT_X": 472318.91150000039, "POINT_Y": 5363229.1077999994 }, "geometry": { "type": "MultiPoint", "coordinates": [ [ -123.374156628968763, 48.421609734174005 ] ] } },
{ "type": "Feature", "properties": { "OBJECTID": 1249, "StreetName1": "COOK ST", "StreetName2": "OXFORD ST", "Intersection": "OXFORD ST & COOK ST", "Jurisdiction": "COV", "POINT_X": 473604.30389999971, "POINT_Y": 5362387.9882999994 }, "geometry": { "type": "MultiPoint", "coordinates": [ [ -123.356730498047725, 48.414097901519511 ] ] } },
{ "type": "Feature", "properties": { "OBJECTID": 1250, "StreetName1": "CHESTER AVE", "StreetName2": "OXFORD ST", "Intersection": "OXFORD ST & CHESTER AVE", "Jurisdiction": "COV", "POINT_X": 473794.91569999978, "POINT_Y": 5362354.8461000007 }, "geometry": { "type": "MultiPoint", "coordinates": [ [ -123.354152522567006, 48.413807699134509 ] ] } },
{ "type": "Feature", "properties": { "OBJECTID": 1251, "StreetName1": "LINDEN AVE", "StreetName2": "OXFORD ST", "Intersection": "OXFORD ST & LINDEN AVE", "Jurisdiction": "COV", "POINT_X": 473887.254, "POINT_Y": 5362338.7903000005 }, "geometry": { "type": "MultiPoint", "coordinates": [ [ -123.352903681249018, 48.413667089091049 ] ] } },
{ "type": "Feature", "properties": { "OBJECTID": 1252, "StreetName1": "HOWE ST", "StreetName2": "OXFORD ST", "Intersection": "OXFORD ST & HOWE ST", "Jurisdiction": "COV", "POINT_X": 474068.13949999958, "POINT_Y": 5362306.6242999993 }, "geometry": { "type": "MultiPoint", "coordinates": [ [ -123.35045724747151, 48.413385182856167 ] ] } },
{ "type": "Feature", "properties": { "OBJECTID": 1253, "StreetName1": "MOSS ST", "StreetName2": "OXFORD ST", "Intersection": "OXFORD ST & MOSS ST", "Jurisdiction": "COV", "POINT_X": 474151.96729999967, "POINT_Y": 5362291.7171999998 }, "geometry": { "type": "MultiPoint", "coordinates": [ [ -123.349323505277809, 48.413254517692508 ] ] } },
{ "type": "Feature", "properties": { "OBJECTID": 1254, "StreetName1": "DALLAS RD", "StreetName2": "PADDON AVE", "Intersection": "PADDON AVE & DALLAS RD", "Jurisdiction": "COV", "POINT_X": 472463.7752, "POINT_Y": 5361871.4661999997 }, "geometry": { "type": "MultiPoint", "coordinates": [ [ -123.37210953470948, 48.409402272642055 ] ] } },
{ "type": "Feature", "properties": { "OBJECTID": 1255, "StreetName1": "BATTERY ST", "StreetName2": "PADDON AVE", "Intersection": "PADDON AVE & BATTERY ST", "Jurisdiction": "COV", "POINT_X": 472546.0093, "POINT_Y": 5362013.0902999993 }, "geometry": { "type": "MultiPoint", "coordinates": [ [ -123.371007605501632, 48.410679961318181 ] ] } },
{ "type": "Feature", "properties": { "OBJECTID": 1256, "StreetName1": "COOK ST", "StreetName2": "PAKINGTON ST", "Intersection": "PAKINGTON ST & COOK ST", "Jurisdiction": "COV", "POINT_X": 473690.77610000037, "POINT_Y": 5362732.799000001 }, "geometry": { "type": "MultiPoint", "coordinates": [ [ -123.355583554117459, 48.417203559765625 ] ] } },
{ "type": "Feature", "properties": { "OBJECTID": 1257, "StreetName1": "JOHNSON ST", "StreetName2": "PANDORA AVE", "Intersection": "PANDORA AVE & JOHNSON ST", "Jurisdiction": "COV", "POINT_X": 472545.01460000034, "POINT_Y": 5363954.8807999995 }, "geometry": { "type": "MultiPoint", "coordinates": [ [ -123.371148190756784, 48.428148923984779 ] ] } },
{ "type": "Feature", "properties": { "OBJECTID": 1258, "StreetName1": "FAN TAN ALLEY", "StreetName2": "PANDORA AVE", "Intersection": "PANDORA AVE & FAN TAN ALLEY", "Jurisdiction": "COV", "POINT_X": 472785.33860000037, "POINT_Y": 5363995.6678 }, "geometry": { "type": "MultiPoint", "coordinates": [ [ -123.367902239613485, 48.428526289034259 ] ] } },
{ "type": "Feature", "properties": { "OBJECTID": 1259, "StreetName1": "GOVERNMENT ST", "StreetName2": "PANDORA AVE", "Intersection": "PANDORA AVE & GOVERNMENT ST", "Jurisdiction": "COV", "POINT_X": 472848.1338, "POINT_Y": 5363996.7591999993 }, "geometry": { "type": "MultiPoint", "coordinates": [ [ -123.367053464557301, 48.428538818317222 ] ] } },
{ "type": "Feature", "properties": { "OBJECTID": 1261, "StreetName1": "BROAD ST", "StreetName2": "PANDORA AVE", "Intersection": "PANDORA AVE & BROAD ST", "Jurisdiction": "COV", "POINT_X": 472940.02390000038, "POINT_Y": 5363955.2928999998 }, "geometry": { "type": "MultiPoint", "coordinates": [ [ -123.365808645254219, 48.428169729127973 ] ] } },
{ "type": "Feature", "properties": { "OBJECTID": 1262, "StreetName1": "DOUGLAS ST", "StreetName2": "PANDORA AVE", "Intersection": "PANDORA AVE & DOUGLAS ST", "Jurisdiction": "COV", "POINT_X": 473036.66249999963, "POINT_Y": 5363939.5163000003 }, "geometry": { "type": "MultiPoint", "coordinates": [ [ -123.364501308833155, 48.428031942820418 ] ] } },
{ "type": "Feature", "properties": { "OBJECTID": 1263, "StreetName1": "BLANSHARD ST", "StreetName2": "PANDORA AVE", "Intersection": "PANDORA AVE & BLANSHARD ST", "Jurisdiction": "COV", "POINT_X": 473246.08519999962, "POINT_Y": 5363905.5414000005 }, "geometry": { "type": "MultiPoint", "coordinates": [ [ -123.361668255735509, 48.427735225295436 ] ] } },
{ "type": "Feature", "properties": { "OBJECTID": 1264, "StreetName1": "AMELIA ST", "StreetName2": "PANDORA AVE", "Intersection": "PANDORA AVE & AMELIA ST", "Jurisdiction": "COV", "POINT_X": 473334.79310000036, "POINT_Y": 5363892.3573000003 }, "geometry": { "type": "MultiPoint", "coordinates": [ [ -123.360468309173967, 48.427620379126694 ] ] } },
{ "type": "Feature", "properties": { "OBJECTID": 1265, "StreetName1": "COOK ST", "StreetName2": "PANDORA AVE", "Intersection": "PANDORA AVE & COOK ST", "Jurisdiction": "COV", "POINT_X": 473865.01484999969, "POINT_Y": 5363807.5764000006 }, "geometry": { "type": "MultiPoint", "coordinates": [ [ -123.353318900972766, 48.426574658159439 ], [ -123.353313255211987, 48.426808163515474 ], [ -123.353272637351495, 48.42718511984085 ] ] } },
{ "type": "Feature", "properties": { "OBJECTID": 1266, "StreetName1": "CHAMBERS ST", "StreetName2": "PANDORA AVE", "Intersection": "PANDORA AVE & CHAMBERS ST", "Jurisdiction": "COV", "POINT_X": 474076.2051500004, "POINT_Y": 5363794.5271000005 }, "geometry": { "type": "MultiPoint", "coordinates": [ [ -123.350514047575402, 48.426496407619581 ], [ -123.350366442191884, 48.427046036301476 ] ] } },
{ "type": "Feature", "properties": { "OBJECTID": 1267, "StreetName1": "CAMOSUN ST", "StreetName2": "PANDORA AVE", "Intersection": "PANDORA AVE & CAMOSUN ST", "Jurisdiction": "COV", "POINT_X": 474320.71040000021, "POINT_Y": 5363810.1097 }, "geometry": { "type": "MultiPoint", "coordinates": [ [ -123.347136161735492, 48.426921426048018 ] ] } },
{ "type": "Feature", "properties": { "OBJECTID": 1268, "StreetName1": "FERNWOOD RD", "StreetName2": "PANDORA AVE", "Intersection": "PANDORA AVE & FERNWOOD RD", "Jurisdiction": "COV", "POINT_X": 474451.31130000018, "POINT_Y": 5363800.5627999995 }, "geometry": { "type": "MultiPoint", "coordinates": [ [ -123.345370209358947, 48.426840850694148 ] ] } },
{ "type": "Feature", "properties": { "OBJECTID": 1269, "StreetName1": "HARRISON ST", "StreetName2": "PANDORA AVE", "Intersection": "PANDORA AVE & HARRISON ST", "Jurisdiction": "COV", "POINT_X": 474573.86, "POINT_Y": 5363794.9421999995 }, "geometry": { "type": "MultiPoint", "coordinates": [ [ -123.343713344220191, 48.42679524555988 ] ] } },
{ "type": "Feature", "properties": { "OBJECTID": 1270, "StreetName1": "BEGBIE ST", "StreetName2": "PANDORA AVE", "Intersection": "PANDORA AVE & BEGBIE ST", "Jurisdiction": "COV", "POINT_X": 474610.53469999973, "POINT_Y": 5363793.6693999991 }, "geometry": { "type": "MultiPoint", "coordinates": [ [ -123.343217525609717, 48.426785274654563 ] ] } },
{ "type": "Feature", "properties": { "OBJECTID": 1271, "StreetName1": "BEGBIE ST", "StreetName2": "PANDORA AVE", "Intersection": "PANDORA AVE & BEGBIE ST", "Jurisdiction": "COV", "POINT_X": 474651.02720000036, "POINT_Y": 5363792.2641000003 }, "geometry": { "type": "MultiPoint", "coordinates": [ [ -123.342670092984207, 48.426774263280855 ] ] } },
{ "type": "Feature", "properties": { "OBJECTID": 1272, "StreetName1": "JOHNSON ST", "StreetName2": "PANDORA AVE", "Intersection": "PANDORA AVE & JOHNSON ST", "Jurisdiction": "COV", "POINT_X": 474697.81070000026, "POINT_Y": 5363785.254000001 }, "geometry": { "type": "MultiPoint", "coordinates": [ [ -123.342037285181888, 48.426713079314545 ] ] } },
{ "type": "Feature", "properties": { "OBJECTID": 1273, "StreetName1": "ELFORD ST", "StreetName2": "PANDORA AVE", "Intersection": "PANDORA AVE & ELFORD ST", "Jurisdiction": "COV", "POINT_X": 474754.15539999958, "POINT_Y": 5363779.4657000005 }, "geometry": { "type": "MultiPoint", "coordinates": [ [ -123.341275311569547, 48.426663266975254 ] ] } },
{ "type": "Feature", "properties": { "OBJECTID": 1274, "StreetName1": "BELMONT AVE", "StreetName2": "PANDORA AVE", "Intersection": "PANDORA AVE & BELMONT AVE", "Jurisdiction": "COV", "POINT_X": 474984.42459999956, "POINT_Y": 5363765.2182999998 }, "geometry": { "type": "MultiPoint", "coordinates": [ [ -123.338161858857944, 48.426544281183929 ] ] } },
{ "type": "Feature", "properties": { "OBJECTID": 1275, "StreetName1": "FORT ST", "StreetName2": "PANDORA AVE", "Intersection": "PANDORA AVE & FORT ST", "Jurisdiction": "COV", "POINT_X": 475074.36330000032, "POINT_Y": 5363763.7492999993 }, "geometry": { "type": "MultiPoint", "coordinates": [ [ -123.336946051788814, 48.426534631675452 ] ] } },
{ "type": "Feature", "properties": { "OBJECTID": 1276, "StreetName1": "HEYWOOD AVE", "StreetName2": "PARK BLVD", "Intersection": "PARK BLVD & HEYWOOD AVE", "Jurisdiction": "COV", "POINT_X": 473317.2368000001, "POINT_Y": 5362251.424000001 }, "geometry": { "type": "MultiPoint", "coordinates": [ [ -123.360601198404211, 48.412857227850068 ] ] } },
{ "type": "Feature", "properties": { "OBJECTID": 1277, "StreetName1": "NURSERY RD", "StreetName2": "PARK BLVD", "Intersection": "PARK BLVD & NURSERY RD", "Jurisdiction": "COV", "POINT_X": 473517.51960000023, "POINT_Y": 5362246.7335000001 }, "geometry": { "type": "MultiPoint", "coordinates": [ [ -123.357894371683955, 48.412823480397712 ] ] } },
{ "type": "Feature", "properties": { "OBJECTID": 1278, "StreetName1": "COOK ST", "StreetName2": "PARK BLVD", "Intersection": "PARK BLVD & COOK ST", "Jurisdiction": "COV", "POINT_X": 473562.54509999976, "POINT_Y": 5362248.1396999992 }, "geometry": { "type": "MultiPoint", "coordinates": [ [ -123.357286006536441, 48.412838021955118 ] ] } },
{ "type": "Feature", "properties": { "OBJECTID": 1279, "StreetName1": "MICHIGAN ST", "StreetName2": "PARRY ST", "Intersection": "PARRY ST & MICHIGAN ST", "Jurisdiction": "COV", "POINT_X": 472509.47439999972, "POINT_Y": 5362715.3370999992 }, "geometry": { "type": "MultiPoint", "coordinates": [ [ -123.371547326680087, 48.416996024697497 ] ] } },
{ "type": "Feature", "properties": { "OBJECTID": 1280, "StreetName1": "HOLLYWOOD CRES", "StreetName2": "PASSMORE ST", "Intersection": "PASSMORE ST & HOLLYWOOD CRES", "Jurisdiction": "COV", "POINT_X": 475200.25939999986, "POINT_Y": 5361878.1974 }, "geometry": { "type": "MultiPoint", "coordinates": [ [ -123.335132775108377, 48.409576467897288 ] ] } },
{ "type": "Feature", "properties": { "OBJECTID": 1281, "StreetName1": "KIMTA RD", "StreetName2": "PAUL KANE PL", "Intersection": "PAUL KANE PL & KIMTA RD", "Jurisdiction": "COV", "POINT_X": 471850.4216, "POINT_Y": 5363903.0404000003 }, "geometry": { "type": "MultiPoint", "coordinates": [ [ -123.380533917119351, 48.427651885427061 ] ] } },
{ "type": "Feature", "properties": { "OBJECTID": 1282, "StreetName1": "BELMONT AVE", "StreetName2": "PEARL ST", "Intersection": "PEARL ST & BELMONT AVE", "Jurisdiction": "COV", "POINT_X": 474933.52570000011, "POINT_Y": 5365487.0259000007 }, "geometry": { "type": "MultiPoint", "coordinates": [ [ -123.338952885667709, 48.442032236267856 ] ] } },
{ "type": "Feature", "properties": { "OBJECTID": 1283, "StreetName1": "DONCASTER DR", "StreetName2": "PEARL ST", "Intersection": "PEARL ST & DONCASTER DR", "Jurisdiction": "COV", "POINT_X": 475090.1201, "POINT_Y": 5365482.4999000002 }, "geometry": { "type": "MultiPoint", "coordinates": [ [ -123.33683525467201, 48.441997735679394 ] ] } },
{ "type": "Feature", "properties": { "OBJECTID": 1284, "StreetName1": "FORT ST", "StreetName2": "PEMBERTON RD", "Intersection": "PEMBERTON RD & FORT ST", "Jurisdiction": "COV", "POINT_X": 474692.40490000043, "POINT_Y": 5363568.4748999998 }, "geometry": { "type": "MultiPoint", "coordinates": [ [ -123.342097268114614, 48.424762639789265 ] ] } },
{ "type": "Feature", "properties": { "OBJECTID": 1285, "StreetName1": "CARBERRY GDNS", "StreetName2": "PEMBERTON RD", "Intersection": "PEMBERTON RD & CARBERRY GDNS", "Jurisdiction": "COV", "POINT_X": 474763.76939999964, "POINT_Y": 5363453.372 }, "geometry": { "type": "MultiPoint", "coordinates": [ [ -123.341125724314793, 48.423729996189408 ] ] } },
{ "type": "Feature", "properties": { "OBJECTID": 1286, "StreetName1": "ANGUS RD", "StreetName2": "PEMBERTON RD", "Intersection": "PEMBERTON RD & ANGUS RD", "Jurisdiction": "COV", "POINT_X": 474805.0044, "POINT_Y": 5363216.2307999991 }, "geometry": { "type": "MultiPoint", "coordinates": [ [ -123.340554121515439, 48.421598238540135 ] ] } },
{ "type": "Feature", "properties": { "OBJECTID": 1287, "StreetName1": "GOVERNMENT ST", "StreetName2": "PEMBROKE ST", "Intersection": "PEMBROKE ST & GOVERNMENT ST", "Jurisdiction": "COV", "POINT_X": 472837.92190000042, "POINT_Y": 5364462.485 }, "geometry": { "type": "MultiPoint", "coordinates": [ [ -123.367221693690112, 48.432728198818367 ] ] } },
{ "type": "Feature", "properties": { "OBJECTID": 1288, "StreetName1": "DOUGLAS ST", "StreetName2": "PEMBROKE ST", "Intersection": "PEMBROKE ST & DOUGLAS ST", "Jurisdiction": "COV", "POINT_X": 473031.57060000021, "POINT_Y": 5364466.2139 }, "geometry": { "type": "MultiPoint", "coordinates": [ [ -123.364604035044238, 48.432770069409713 ] ] } },
{ "type": "Feature", "properties": { "OBJECTID": 1289, "StreetName1": "BLANSHARD ST", "StreetName2": "PEMBROKE ST", "Intersection": "PEMBROKE ST & BLANSHARD ST", "Jurisdiction": "COV", "POINT_X": 473226.57010000024, "POINT_Y": 5364436.6204499993 }, "geometry": { "type": "MultiPoint", "coordinates": [ [ -123.362257033553448, 48.432817487361781 ], [ -123.36178077478651, 48.432472615669219 ], [ -123.361674932493912, 48.432206830141652 ] ] } },
{ "type": "Feature", "properties": { "OBJECTID": 1290, "StreetName1": "DOWLER PL", "StreetName2": "PEMBROKE ST", "Intersection": "PEMBROKE ST & DOWLER PL", "Jurisdiction": "COV", "POINT_X": 473266.0887000002, "POINT_Y": 5364430.1144999992 }, "geometry": { "type": "MultiPoint", "coordinates": [ [ -123.361431324049306, 48.432455308650368 ] ] } },
{ "type": "Feature", "properties": { "OBJECTID": 1291, "StreetName1": "COOK ST", "StreetName2": "PEMBROKE ST", "Intersection": "PEMBROKE ST & COOK ST", "Jurisdiction": "COV", "POINT_X": 473912.27979999967, "POINT_Y": 5364367.3223000001 }, "geometry": { "type": "MultiPoint", "coordinates": [ [ -123.352691720942559, 48.431917514176547 ] ] } },
{ "type": "Feature", "properties": { "OBJECTID": 1292, "StreetName1": "CAMERON ST", "StreetName2": "PEMBROKE ST", "Intersection": "PEMBROKE ST & CAMERON ST", "Jurisdiction": "COV", "POINT_X": 474049.00779999979, "POINT_Y": 5364353.2926000003 }, "geometry": { "type": "MultiPoint", "coordinates": [ [ -123.350842479713549, 48.431796948355064 ] ] } },
{ "type": "Feature", "properties": { "OBJECTID": 1293, "StreetName1": "CHAMBERS ST", "StreetName2": "PEMBROKE ST", "Intersection": "PEMBROKE ST & CHAMBERS ST", "Jurisdiction": "COV", "POINT_X": 474130.39659999963, "POINT_Y": 5364344.9411999993 }, "geometry": { "type": "MultiPoint", "coordinates": [ [ -123.349741703226954, 48.431725165500509 ] ] } },
{ "type": "Feature", "properties": { "OBJECTID": 1294, "StreetName1": "FERNWOOD RD", "StreetName2": "PEMBROKE ST", "Intersection": "PEMBROKE ST & FERNWOOD RD", "Jurisdiction": "COV", "POINT_X": 474471.2604, "POINT_Y": 5364304.0163000003 }, "geometry": { "type": "MultiPoint", "coordinates": [ [ -123.345131220470165, 48.431370903337402 ] ] } },
{ "type": "Feature", "properties": { "OBJECTID": 1295, "StreetName1": "OREGON AVE", "StreetName2": "PEMBROKE ST", "Intersection": "PEMBROKE ST & OREGON AVE", "Jurisdiction": "COV", "POINT_X": 474620.0197000001, "POINT_Y": 5364298.6493999995 }, "geometry": { "type": "MultiPoint", "coordinates": [ [ -123.343119896572034, 48.431328634549381 ] ] } },
{ "type": "Feature", "properties": { "OBJECTID": 1296, "StreetName1": "BELMONT AVE", "StreetName2": "PEMBROKE ST", "Intersection": "PEMBROKE ST & BELMONT AVE", "Jurisdiction": "COV", "POINT_X": 474892.43415000004, "POINT_Y": 5364286.6741500003 }, "geometry": { "type": "MultiPoint", "coordinates": [ [ -123.339810965227741, 48.431239950128969 ], [ -123.339062140820275, 48.431223693533994 ] ] } },
{ "type": "Feature", "properties": { "OBJECTID": 1297, "StreetName1": "FORBES ST", "StreetName2": "PEMBROKE ST", "Intersection": "PEMBROKE ST & FORBES ST", "Jurisdiction": "COV", "POINT_X": 474965.10369999986, "POINT_Y": 5364283.981000001 }, "geometry": { "type": "MultiPoint", "coordinates": [ [ -123.33845401277425, 48.431210487408173 ] ] } },
{ "type": "Feature", "properties": { "OBJECTID": 1298, "StreetName1": "LYDIA ST", "StreetName2": "PEMBROKE ST", "Intersection": "PEMBROKE ST & LYDIA ST", "Jurisdiction": "COV", "POINT_X": 475265.99959999975, "POINT_Y": 5364271.8585000001 }, "geometry": { "type": "MultiPoint", "coordinates": [ [ -123.334385652931772, 48.431113320634125 ] ] } },
{ "type": "Feature", "properties": { "OBJECTID": 1299, "StreetName1": "BEGBIE ST", "StreetName2": "PEMBROKE ST", "Intersection": "PEMBROKE ST & BEGBIE ST", "Jurisdiction": "COV", "POINT_X": 475426.37195000029, "POINT_Y": 5364239.4935000008 }, "geometry": { "type": "MultiPoint", "coordinates": [ [ -123.332520566053518, 48.430705108761302 ], [ -123.331910980298716, 48.430951755878823 ] ] } },
{ "type": "Feature", "properties": { "OBJECTID": 1300, "StreetName1": "BIRCH ST", "StreetName2": "PEMBROKE ST", "Intersection": "PEMBROKE ST & BIRCH ST", "Jurisdiction": "COV", "POINT_X": 475485.82980000041, "POINT_Y": 5364249.1842999998 }, "geometry": { "type": "MultiPoint", "coordinates": [ [ -123.331412568961355, 48.430917932259675 ] ] } },
{ "type": "Feature", "properties": { "OBJECTID": 1301, "StreetName1": "HEYWOOD AVE", "StreetName2": "PENDERGAST ST", "Intersection": "PENDERGAST ST & HEYWOOD AVE", "Jurisdiction": "COV", "POINT_X": 473324.8666000003, "POINT_Y": 5362578.8092999998 }, "geometry": { "type": "MultiPoint", "coordinates": [ [ -123.360518914549644, 48.415802826220975 ] ] } },
{ "type": "Feature", "properties": { "OBJECTID": 1302, "StreetName1": "COOK ST", "StreetName2": "PENDERGAST ST", "Intersection": "PENDERGAST ST & COOK ST", "Jurisdiction": "COV", "POINT_X": 473647.04970000032, "POINT_Y": 5362537.5694999993 }, "geometry": { "type": "MultiPoint", "coordinates": [ [ -123.356162235295557, 48.415445377456109 ] ] } },
{ "type": "Feature", "properties": { "OBJECTID": 1303, "StreetName1": "KINGSTON ST", "StreetName2": "PENDRAY ST", "Intersection": "PENDRAY ST & KINGSTON ST", "Jurisdiction": "COV", "POINT_X": 472092.96079999954, "POINT_Y": 5363165.4441 }, "geometry": { "type": "MultiPoint", "coordinates": [ [ -123.377206304232431, 48.421027024136926 ] ] } },
{ "type": "Feature", "properties": { "OBJECTID": 1304, "StreetName1": "CROSS ST", "StreetName2": "PENDRAY ST", "Intersection": "PENDRAY ST & CROSS ST", "Jurisdiction": "COV", "POINT_X": 472157.706, "POINT_Y": 5363246.7888999991 }, "geometry": { "type": "MultiPoint", "coordinates": [ [ -123.376336630635109, 48.421761694057885 ] ] } },
{ "type": "Feature", "properties": { "OBJECTID": 1305, "StreetName1": "BELLEVILLE ST", "StreetName2": "PENDRAY ST", "Intersection": "PENDRAY ST & BELLEVILLE ST", "Jurisdiction": "COV", "POINT_X": 472237.42059999984, "POINT_Y": 5363293.7707000002 }, "geometry": { "type": "MultiPoint", "coordinates": [ [ -123.375262328893626, 48.422187876473167 ] ] } },
{ "type": "Feature", "properties": { "OBJECTID": 1306, "StreetName1": "LANGHAM CRT", "StreetName2": "PENTRELEW PL", "Intersection": "PENTRELEW PL & LANGHAM CRT", "Jurisdiction": "COV", "POINT_X": 474136.23039999977, "POINT_Y": 5363159.8981999997 }, "geometry": { "type": "MultiPoint", "coordinates": [ [ -123.349589713792227, 48.421064344209888 ] ] } },
{ "type": "Feature", "properties": { "OBJECTID": 1307, "StreetName1": "FORT ST", "StreetName2": "PENTRELEW PL", "Intersection": "PENTRELEW PL & FORT ST", "Jurisdiction": "COV", "POINT_X": 474223.87949999981, "POINT_Y": 5363381.6015000008 }, "geometry": { "type": "MultiPoint", "coordinates": [ [ -123.348418702789019, 48.423062459216013 ] ] } },
{ "type": "Feature", "properties": { "OBJECTID": 1308, "StreetName1": "HUMBOLDT ST", "StreetName2": "PENWILL ST", "Intersection": "PENWILL ST & HUMBOLDT ST", "Jurisdiction": "COV", "POINT_X": 472978.46630000044, "POINT_Y": 5363213.6264999993 }, "geometry": { "type": "MultiPoint", "coordinates": [ [ -123.36524118639953, 48.421499099301073 ] ] } },
{ "type": "Feature", "properties": { "OBJECTID": 1309, "StreetName1": "FAIRFIELD RD", "StreetName2": "PENWILL ST", "Intersection": "PENWILL ST & FAIRFIELD RD", "Jurisdiction": "COV", "POINT_X": 473045.69039999973, "POINT_Y": 5363261.4965000004 }, "geometry": { "type": "MultiPoint", "coordinates": [ [ -123.364335674790297, 48.421932634525078 ] ] } },
{ "type": "Feature", "properties": { "OBJECTID": 1310, "StreetName1": "DALLAS RD", "StreetName2": "PILOT ST", "Intersection": "PILOT ST & DALLAS RD", "Jurisdiction": "COV", "POINT_X": 471662.43429999985, "POINT_Y": 5362462.7491999995 }, "geometry": { "type": "MultiPoint", "coordinates": [ [ -123.382977674562824, 48.414686127863831 ] ] } },
{ "type": "Feature", "properties": { "OBJECTID": 1311, "StreetName1": "NIAGARA ST", "StreetName2": "PILOT ST", "Intersection": "PILOT ST & NIAGARA ST", "Jurisdiction": "COV", "POINT_X": 471802.393, "POINT_Y": 5362658.2087999992 }, "geometry": { "type": "MultiPoint", "coordinates": [ [ -123.38109941512208, 48.41645082745459 ] ] } },
{ "type": "Feature", "properties": { "OBJECTID": 1312, "StreetName1": "DOMINION RD", "StreetName2": "PINE ST", "Intersection": "PINE ST & DOMINION RD", "Jurisdiction": "COV", "POINT_X": 470867.3842000002, "POINT_Y": 5364837.1974999998 }, "geometry": { "type": "MultiPoint", "coordinates": [ [ -123.393886991107607, 48.436011129870067 ] ] } },
{ "type": "Feature", "properties": { "OBJECTID": 1313, "StreetName1": "MCCASKILL ST", "StreetName2": "PINE ST", "Intersection": "PINE ST & MCCASKILL ST", "Jurisdiction": "COV", "POINT_X": 470984.18269999977, "POINT_Y": 5364875.3268 }, "geometry": { "type": "MultiPoint", "coordinates": [ [ -123.392310559435501, 48.436359546112357 ] ] } },
{ "type": "Feature", "properties": { "OBJECTID": 1314, "StreetName1": "CRAIGFLOWER RD", "StreetName2": "PINE ST", "Intersection": "PINE ST & CRAIGFLOWER RD", "Jurisdiction": "COV", "POINT_X": 471255.19479999971, "POINT_Y": 5364960.1278000008 }, "geometry": { "type": "MultiPoint", "coordinates": [ [ -123.388652368284951, 48.437134873352534 ] ] } },
{ "type": "Feature", "properties": { "OBJECTID": 1315, "StreetName1": "HILLSIDE AVE", "StreetName2": "PLEASANT ST", "Intersection": "PLEASANT ST & HILLSIDE AVE", "Jurisdiction": "COV", "POINT_X": 472134.58469999954, "POINT_Y": 5364871.5125999991 }, "geometry": { "type": "MultiPoint", "coordinates": [ [ -123.376757165739278, 48.436377203107007 ] ] } },
{ "type": "Feature", "properties": { "OBJECTID": 1316, "StreetName1": "JOHN ST", "StreetName2": "PLEASANT ST", "Intersection": "PLEASANT ST & JOHN ST", "Jurisdiction": "COV", "POINT_X": 472146.42360000033, "POINT_Y": 5364780.317 }, "geometry": { "type": "MultiPoint", "coordinates": [ [ -123.376591043275297, 48.435557303350521 ] ] } },
{ "type": "Feature", "properties": { "OBJECTID": 1317, "StreetName1": "BAY ST", "StreetName2": "PLEASANT ST", "Intersection": "PLEASANT ST & BAY ST", "Jurisdiction": "COV", "POINT_X": 472159.87750000041, "POINT_Y": 5364687.3465 }, "geometry": { "type": "MultiPoint", "coordinates": [ [ -123.376402974587194, 48.434721507090224 ] ] } },
{ "type": "Feature", "properties": { "OBJECTID": 1318, "StreetName1": "MOSS ST", "StreetName2": "POINT ST", "Intersection": "POINT ST & MOSS ST", "Jurisdiction": "COV", "POINT_X": 474029.83980000019, "POINT_Y": 5361557.3311000001 }, "geometry": { "type": "MultiPoint", "coordinates": [ [ -123.350928433112358, 48.406642683537747 ] ] } },
{ "type": "Feature", "properties": { "OBJECTID": 1319, "StreetName1": "DOMINION RD", "StreetName2": "POWDERLY AVE", "Intersection": "POWDERLY AVE & DOMINION RD", "Jurisdiction": "COV", "POINT_X": 470887.70710000023, "POINT_Y": 5365006.4071999993 }, "geometry": { "type": "MultiPoint", "coordinates": [ [ -123.393623992424594, 48.437534329219936 ] ] } },
{ "type": "Feature", "properties": { "OBJECTID": 1320, "StreetName1": "MICHIGAN ST", "StreetName2": "POWELL ST", "Intersection": "POWELL ST & MICHIGAN ST", "Jurisdiction": "COV", "POINT_X": 472563.09549999982, "POINT_Y": 5362720.8367999997 }, "geometry": { "type": "MultiPoint", "coordinates": [ [ -123.370823017561904, 48.417047839494103 ] ] } },
{ "type": "Feature", "properties": { "OBJECTID": 1321, "StreetName1": "GOVERNMENT ST", "StreetName2": "PRINCESS AVE", "Intersection": "PRINCESS AVE & GOVERNMENT ST", "Jurisdiction": "COV", "POINT_X": 472835.88750000019, "POINT_Y": 5364555.0245999992 }, "geometry": { "type": "MultiPoint", "coordinates": [ [ -123.367255195927754, 48.433560627045864 ] ] } },
{ "type": "Feature", "properties": { "OBJECTID": 1322, "StreetName1": "DOUGLAS ST", "StreetName2": "PRINCESS AVE", "Intersection": "PRINCESS AVE & DOUGLAS ST", "Jurisdiction": "COV", "POINT_X": 473030.3569, "POINT_Y": 5364542.563 }, "geometry": { "type": "MultiPoint", "coordinates": [ [ -123.364625357303993, 48.433456878679173 ] ] } },
{ "type": "Feature", "properties": { "OBJECTID": 1323, "StreetName1": "DOWLER PL", "StreetName2": "PRINCESS AVE", "Intersection": "PRINCESS AVE & DOWLER PL", "Jurisdiction": "COV", "POINT_X": 473275.30740000028, "POINT_Y": 5364520.0338000003 }, "geometry": { "type": "MultiPoint", "coordinates": [ [ -123.361312434193806, 48.433264643511137 ] ] } },
{ "type": "Feature", "properties": { "OBJECTID": 1324, "StreetName1": "COOK ST", "StreetName2": "PRINCESS AVE", "Intersection": "PRINCESS AVE & COOK ST", "Jurisdiction": "COV", "POINT_X": 473920.87210000027, "POINT_Y": 5364460.1778999995 }, "geometry": { "type": "MultiPoint", "coordinates": [ [ -123.352581344398516, 48.432753230413326 ] ] } },
{ "type": "Feature", "properties": { "OBJECTID": 1325, "StreetName1": "CHAMBERS ST", "StreetName2": "PRINCESS AVE", "Intersection": "PRINCESS AVE & CHAMBERS ST", "Jurisdiction": "COV", "POINT_X": 474140.77460000012, "POINT_Y": 5364442.2627000008 }, "geometry": { "type": "MultiPoint", "coordinates": [ [ -123.349607413821289, 48.432601129146299 ] ] } },
{ "type": "Feature", "properties": { "OBJECTID": 1326, "StreetName1": "HILLSIDE AVE", "StreetName2": "PRIOR ST", "Intersection": "PRIOR ST & HILLSIDE AVE", "Jurisdiction": "COV", "POINT_X": 473733.16860000044, "POINT_Y": 5365260.0793999992 }, "geometry": { "type": "MultiPoint", "coordinates": [ [ -123.355169030868112, 48.43994160441715 ] ] } },
{ "type": "Feature", "properties": { "OBJECTID": 1327, "StreetName1": "KINGS RD", "StreetName2": "PRIOR ST", "Intersection": "PRIOR ST & KINGS RD", "Jurisdiction": "COV", "POINT_X": 473785.5208000001, "POINT_Y": 5365048.8092999998 }, "geometry": { "type": "MultiPoint", "coordinates": [ [ -123.35444796814447, 48.438043132339814 ] ] } },
{ "type": "Feature", "properties": { "OBJECTID": 1328, "StreetName1": "BAY ST", "StreetName2": "PRIOR ST", "Intersection": "PRIOR ST & BAY ST", "Jurisdiction": "COV", "POINT_X": 473858.30279999971, "POINT_Y": 5364715.2958000004 }, "geometry": { "type": "MultiPoint", "coordinates": [ [ -123.353443126095087, 48.435045761522304 ] ] } },
{ "type": "Feature", "properties": { "OBJECTID": 1329, "StreetName1": "MOSS ST", "StreetName2": "PURCELL PL", "Intersection": "PURCELL PL & MOSS ST", "Jurisdiction": "COV", "POINT_X": 474324.93319999985, "POINT_Y": 5363322.1033999994 }, "geometry": { "type": "MultiPoint", "coordinates": [ [ -123.347049190188059, 48.422531320538951 ] ] } },
{ "type": "Feature", "properties": { "OBJECTID": 1330, "StreetName1": "ACADEMY CLOSE", "StreetName2": "QUADRA ST", "Intersection": "QUADRA ST & ACADEMY CLOSE", "Jurisdiction": "COV", "POINT_X": 473203.8871, "POINT_Y": 5362807.7983999997 }, "geometry": { "type": "MultiPoint", "coordinates": [ [ -123.362168502077608, 48.417857758763489 ] ] } },
{ "type": "Feature", "properties": { "OBJECTID": 1331, "StreetName1": "CONVENT PL", "StreetName2": "QUADRA ST", "Intersection": "QUADRA ST & CONVENT PL", "Jurisdiction": "COV", "POINT_X": 473246.7187000001, "POINT_Y": 5362873.5298999995 }, "geometry": { "type": "MultiPoint", "coordinates": [ [ -123.361593832436782, 48.418450922842759 ] ] } },
{ "type": "Feature", "properties": { "OBJECTID": 1332, "StreetName1": "HUMBOLDT ST", "StreetName2": "QUADRA ST", "Intersection": "QUADRA ST & HUMBOLDT ST", "Jurisdiction": "COV", "POINT_X": 473266.81120000035, "POINT_Y": 5362925.09 }, "geometry": { "type": "MultiPoint", "coordinates": [ [ -123.361325568989812, 48.418915628553115 ] ] } },
{ "type": "Feature", "properties": { "OBJECTID": 1333, "StreetName1": "FINLAYSON ST", "StreetName2": "QUADRA ST", "Intersection": "QUADRA ST & FINLAYSON ST", "Jurisdiction": "COV", "POINT_X": 473293.6316, "POINT_Y": 5365967.2224000003 }, "geometry": { "type": "MultiPoint", "coordinates": [ [ -123.361156987850052, 48.446284788775884 ] ] } },
{ "type": "Feature", "properties": { "OBJECTID": 1334, "StreetName1": "FAIRFIELD RD", "StreetName2": "QUADRA ST", "Intersection": "QUADRA ST & FAIRFIELD RD", "Jurisdiction": "COV", "POINT_X": 473326.57959999982, "POINT_Y": 5363008.435000001 }, "geometry": { "type": "MultiPoint", "coordinates": [ [ -123.360523092126286, 48.419667962972667 ] ] } },
{ "type": "Feature", "properties": { "OBJECTID": 1335, "StreetName1": "BURDETT AVE", "StreetName2": "QUADRA ST", "Intersection": "QUADRA ST & BURDETT AVE", "Jurisdiction": "COV", "POINT_X": 473343.7285000002, "POINT_Y": 5363239.88 }, "geometry": { "type": "MultiPoint", "coordinates": [ [ -123.360306033462891, 48.421750848661567 ] ] } },
{ "type": "Feature", "properties": { "OBJECTID": 1336, "StreetName1": "COURTNEY ST", "StreetName2": "QUADRA ST", "Intersection": "QUADRA ST & COURTNEY ST", "Jurisdiction": "COV", "POINT_X": 473355.6632000003, "POINT_Y": 5363307.7734999992 }, "geometry": { "type": "MultiPoint", "coordinates": [ [ -123.360149040135099, 48.422362147047657 ] ] } },
{ "type": "Feature", "properties": { "OBJECTID": 1337, "StreetName1": "BROUGHTON ST", "StreetName2": "QUADRA ST", "Intersection": "QUADRA ST & BROUGHTON ST", "Jurisdiction": "COV", "POINT_X": 473372.27049999963, "POINT_Y": 5363400.7888999991 }, "geometry": { "type": "MultiPoint", "coordinates": [ [ -123.359930482856328, 48.42319964799362 ] ] } },
{ "type": "Feature", "properties": { "OBJECTID": 1338, "StreetName1": "MEARES ST", "StreetName2": "QUADRA ST", "Intersection": "QUADRA ST & MEARES ST", "Jurisdiction": "COV", "POINT_X": 473378.37739999965, "POINT_Y": 5363436.0945999995 }, "geometry": { "type": "MultiPoint", "coordinates": [ [ -123.359850182313238, 48.423517528378355 ] ] } },
{ "type": "Feature", "properties": { "OBJECTID": 1339, "StreetName1": "FORT ST", "StreetName2": "QUADRA ST", "Intersection": "QUADRA ST & FORT ST", "Jurisdiction": "COV", "POINT_X": 473388.0115, "POINT_Y": 5363491.7920999993 }, "geometry": { "type": "MultiPoint", "coordinates": [ [ -123.3597235000789, 48.424019009374348 ] ] } },
{ "type": "Feature", "properties": { "OBJECTID": 1340, "StreetName1": "MARKET ST", "StreetName2": "QUADRA ST", "Intersection": "QUADRA ST & MARKET ST", "Jurisdiction": "COV", "POINT_X": 473417.74990000017, "POINT_Y": 5365301.2453000005 }, "geometry": { "type": "MultiPoint", "coordinates": [ [ -123.359436333735545, 48.440298704975959 ] ] } },
{ "type": "Feature", "properties": { "OBJECTID": 1341, "StreetName1": "HILLSIDE AVE", "StreetName2": "QUADRA ST", "Intersection": "QUADRA ST & HILLSIDE AVE", "Jurisdiction": "COV", "POINT_X": 473435.86909999978, "POINT_Y": 5365204.4366999995 }, "geometry": { "type": "MultiPoint", "coordinates": [ [ -123.359185207283744, 48.439428548844518 ] ] } },
{ "type": "Feature", "properties": { "OBJECTID": 1342, "StreetName1": "JOHNSON ST", "StreetName2": "QUADRA ST", "Intersection": "QUADRA ST & JOHNSON ST", "Jurisdiction": "COV", "POINT_X": 473437.212, "POINT_Y": 5363776.9035 }, "geometry": { "type": "MultiPoint", "coordinates": [ [ -123.359076549023698, 48.426586045998626 ] ] } },
{ "type": "Feature", "properties": { "OBJECTID": 1343, "StreetName1": "PANDORA AVE", "StreetName2": "QUADRA ST", "Intersection": "QUADRA ST & PANDORA AVE", "Jurisdiction": "COV", "POINT_X": 473444.9012, "POINT_Y": 5363865.3882500008 }, "geometry": { "type": "MultiPoint", "coordinates": [ [ -123.359028590457669, 48.427498213279591 ], [ -123.358927847576922, 48.427266604937302 ] ] } },
{ "type": "Feature", "properties": { "OBJECTID": 1344, "StreetName1": "MASON ST", "StreetName2": "QUADRA ST", "Intersection": "QUADRA ST & MASON ST", "Jurisdiction": "COV", "POINT_X": 473445.60219999962, "POINT_Y": 5363941.6246000007 }, "geometry": { "type": "MultiPoint", "coordinates": [ [ -123.358973573448893, 48.428068286674197 ] ] } },
{ "type": "Feature", "properties": { "OBJECTID": 1345, "StreetName1": "CORMORANT ST", "StreetName2": "QUADRA ST", "Intersection": "QUADRA ST & CORMORANT ST", "Jurisdiction": "COV", "POINT_X": 473449.43030000012, "POINT_Y": 5363993.8228999991 }, "geometry": { "type": "MultiPoint", "coordinates": [ [ -123.358925133661472, 48.428538041604931 ] ] } },
{ "type": "Feature", "properties": { "OBJECTID": 1346, "StreetName1": "BALMORAL RD", "StreetName2": "QUADRA ST", "Intersection": "QUADRA ST & BALMORAL RD", "Jurisdiction": "COV", "POINT_X": 473454.6445000004, "POINT_Y": 5364052.9132000003 }, "geometry": { "type": "MultiPoint", "coordinates": [ [ -123.358858392498078, 48.429069857661425 ] ] } },
{ "type": "Feature", "properties": { "OBJECTID": 1347, "StreetName1": "NORTH PARK ST", "StreetName2": "QUADRA ST", "Intersection": "QUADRA ST & NORTH PARK ST", "Jurisdiction": "COV", "POINT_X": 473462.41579999961, "POINT_Y": 5364144.7772000004 }, "geometry": { "type": "MultiPoint", "coordinates": [ [ -123.358759158553084, 48.429896624598086 ] ] } },
{ "type": "Feature", "properties": { "OBJECTID": 1348, "StreetName1": "CALEDONIA AVE", "StreetName2": "QUADRA ST", "Intersection": "QUADRA ST & CALEDONIA AVE", "Jurisdiction": "COV", "POINT_X": 473472.54320000019, "POINT_Y": 5364242.6205000002 }, "geometry": { "type": "MultiPoint", "coordinates": [ [ -123.358628449559632, 48.430777282381541 ] ] } },
{ "type": "Feature", "properties": { "OBJECTID": 1349, "StreetName1": "KINGS RD", "StreetName2": "QUADRA ST", "Intersection": "QUADRA ST & KINGS RD", "Jurisdiction": "COV", "POINT_X": 473475.87650000025, "POINT_Y": 5364990.5439 }, "geometry": { "type": "MultiPoint", "coordinates": [ [ -123.358630739120443, 48.43750598744387 ] ] } },
{ "type": "Feature", "properties": { "OBJECTID": 1350, "StreetName1": "GREEN ST", "StreetName2": "QUADRA ST", "Intersection": "QUADRA ST & GREEN ST", "Jurisdiction": "COV", "POINT_X": 473480.1234, "POINT_Y": 5364324.7188000008 }, "geometry": { "type": "MultiPoint", "coordinates": [ [ -123.358531174032706, 48.431516185356266 ] ] } },
{ "type": "Feature", "properties": { "OBJECTID": 1351, "StreetName1": "PEMBROKE ST", "StreetName2": "QUADRA ST", "Intersection": "QUADRA ST & PEMBROKE ST", "Jurisdiction": "COV", "POINT_X": 473487.70349999983, "POINT_Y": 5364406.8172999993 }, "geometry": { "type": "MultiPoint", "coordinates": [ [ -123.358433897108497, 48.432255089955547 ] ] } },
{ "type": "Feature", "properties": { "OBJECTID": 1352, "StreetName1": "PRINCESS AVE", "StreetName2": "QUADRA ST", "Intersection": "QUADRA ST & PRINCESS AVE", "Jurisdiction": "COV", "POINT_X": 473496.45409999974, "POINT_Y": 5364499.6231999993 }, "geometry": { "type": "MultiPoint", "coordinates": [ [ -123.358321470874259, 48.433090370966802 ] ] } },
{ "type": "Feature", "properties": { "OBJECTID": 1353, "StreetName1": "EMPRESS AVE", "StreetName2": "QUADRA ST", "Intersection": "QUADRA ST & EMPRESS AVE", "Jurisdiction": "COV", "POINT_X": 473514.2971000001, "POINT_Y": 5364688.1289000008 }, "geometry": { "type": "MultiPoint", "coordinates": [ [ -123.358092169610018, 48.434786981175087 ] ] } },
{ "type": "Feature", "properties": { "OBJECTID": 1354, "StreetName1": "BAY ST", "StreetName2": "QUADRA ST", "Intersection": "QUADRA ST & BAY ST", "Jurisdiction": "COV", "POINT_X": 473519.64460000023, "POINT_Y": 5364744.9818999991 }, "geometry": { "type": "MultiPoint", "coordinates": [ [ -123.358023468363143, 48.435298674334227 ] ] } },
{ "type": "Feature", "properties": { "OBJECTID": 1355, "StreetName1": "BANK ST", "StreetName2": "QUAMICHAN ST", "Intersection": "QUAMICHAN ST & BANK ST", "Jurisdiction": "COV", "POINT_X": 475682.16160000023, "POINT_Y": 5363237.8787999991 }, "geometry": { "type": "MultiPoint", "coordinates": [ [ -123.328699807990944, 48.421827467869825 ] ] } },
{ "type": "Feature", "properties": { "OBJECTID": 1356, "StreetName1": "MADDISON ST", "StreetName2": "QUAMICHAN ST", "Intersection": "QUAMICHAN ST & MADDISON ST", "Jurisdiction": "COV", "POINT_X": 475764.09729999956, "POINT_Y": 5363192.0571999997 }, "geometry": { "type": "MultiPoint", "coordinates": [ [ -123.327589719036411, 48.42141839750721 ] ] } },
{ "type": "Feature", "properties": { "OBJECTID": 1357, "StreetName1": "LAWNDALE AVE", "StreetName2": "QUAMICHAN ST", "Intersection": "QUAMICHAN ST & LAWNDALE AVE", "Jurisdiction": "COV", "POINT_X": 475853.3694000002, "POINT_Y": 5363141.9367999993 }, "geometry": { "type": "MultiPoint", "coordinates": [ [ -123.326380243325076, 48.420970924014675 ] ] } },
{ "type": "Feature", "properties": { "OBJECTID": 1358, "StreetName1": "COWICHAN ST", "StreetName2": "QUAMICHAN ST", "Intersection": "QUAMICHAN ST & COWICHAN ST", "Jurisdiction": "COV", "POINT_X": 475958.7257000003, "POINT_Y": 5363122.9006999992 }, "geometry": { "type": "MultiPoint", "coordinates": [ [ -123.324955183195769, 48.420803698036899 ] ] } },
{ "type": "Feature", "properties": { "OBJECTID": 1359, "StreetName1": "FOUL BAY RD", "StreetName2": "QUAMICHAN ST", "Intersection": "QUAMICHAN ST & FOUL BAY RD", "Jurisdiction": "COV", "POINT_X": 476075.13850000035, "POINT_Y": 5363121.813 }, "geometry": { "type": "MultiPoint", "coordinates": [ [ -123.323381720671392, 48.420798345109993 ] ] } },
{ "type": "Feature", "properties": { "OBJECTID": 1360, "StreetName1": "MONTREAL ST", "StreetName2": "QUEBEC ST", "Intersection": "QUEBEC ST & MONTREAL ST", "Jurisdiction": "COV", "POINT_X": 472044.00870000012, "POINT_Y": 5363317.2133000009 }, "geometry": { "type": "MultiPoint", "coordinates": [ [ -123.3778780452934, 48.422390219018652 ] ] } },
{ "type": "Feature", "properties": { "OBJECTID": 1361, "StreetName1": "PENDRAY ST", "StreetName2": "QUEBEC ST", "Intersection": "QUEBEC ST & PENDRAY ST", "Jurisdiction": "COV", "POINT_X": 472147.71210000012, "POINT_Y": 5363240.8987000007 }, "geometry": { "type": "MultiPoint", "coordinates": [ [ -123.376471315657938, 48.42170826203315 ] ] } },
{ "type": "Feature", "properties": { "OBJECTID": 1362, "StreetName1": "OSWEGO ST", "StreetName2": "QUEBEC ST", "Intersection": "QUEBEC ST & OSWEGO ST", "Jurisdiction": "COV", "POINT_X": 472267.85280000046, "POINT_Y": 5363152.3446999993 }, "geometry": { "type": "MultiPoint", "coordinates": [ [ -123.374841652673013, 48.420916901858291 ] ] } },
{ "type": "Feature", "properties": { "OBJECTID": 1363, "StreetName1": "MENZIES ST", "StreetName2": "QUEBEC ST", "Intersection": "QUEBEC ST & MENZIES ST", "Jurisdiction": "COV", "POINT_X": 472523.17989999987, "POINT_Y": 5363049.7016000003 }, "geometry": { "type": "MultiPoint", "coordinates": [ [ -123.371384011749896, 48.42000467946437 ] ] } },
{ "type": "Feature", "properties": { "OBJECTID": 1364, "StreetName1": "FAIRFIELD RD", "StreetName2": "QUEEN ANNE HTS", "Intersection": "QUEEN ANNE HTS & FAIRFIELD RD", "Jurisdiction": "COV", "POINT_X": 476007.1502, "POINT_Y": 5362560.7487000003 }, "geometry": { "type": "MultiPoint", "coordinates": [ [ -123.32426852725041, 48.415748208238547 ] ] } },
{ "type": "Feature", "properties": { "OBJECTID": 1365, "StreetName1": "GOVERNMENT ST", "StreetName2": "QUEENS AVE", "Intersection": "QUEENS AVE & GOVERNMENT ST", "Jurisdiction": "COV", "POINT_X": 472834.29310000036, "POINT_Y": 5364635.4919000007 }, "geometry": { "type": "MultiPoint", "coordinates": [ [ -123.367281968094119, 48.434284467856209 ] ] } },
{ "type": "Feature", "properties": { "OBJECTID": 1366, "StreetName1": "DOUGLAS ST", "StreetName2": "QUEENS AVE", "Intersection": "QUEENS AVE & DOUGLAS ST", "Jurisdiction": "COV", "POINT_X": 473027.11689999979, "POINT_Y": 5364622.6580999997 }, "geometry": { "type": "MultiPoint", "coordinates": [ [ -123.364674315271003, 48.43417730127873 ] ] } },
{ "type": "Feature", "properties": { "OBJECTID": 1367, "StreetName1": "BLANSHARD ST", "StreetName2": "QUEENS AVE", "Intersection": "QUEENS AVE & BLANSHARD ST", "Jurisdiction": "COV", "POINT_X": 473178.21430000011, "POINT_Y": 5364608.8897999991 }, "geometry": { "type": "MultiPoint", "coordinates": [ [ -123.362630719269319, 48.434059892296801 ] ] } },
{ "type": "Feature", "properties": { "OBJECTID": 1368, "StreetName1": "DOWLER PL", "StreetName2": "QUEENS AVE", "Intersection": "QUEENS AVE & DOWLER PL", "Jurisdiction": "COV", "POINT_X": 473284.72020000033, "POINT_Y": 5364611.8509 }, "geometry": { "type": "MultiPoint", "coordinates": [ [ -123.361191037575722, 48.434091059608029 ] ] } },
{ "type": "Feature", "properties": { "OBJECTID": 1369, "StreetName1": "QUADRA ST", "StreetName2": "QUEENS AVE", "Intersection": "QUEENS AVE & QUADRA ST", "Jurisdiction": "COV", "POINT_X": 473505.15759999957, "POINT_Y": 5364591.4267999995 }, "geometry": { "type": "MultiPoint", "coordinates": [ [ -123.358209614397268, 48.433916632752769 ] ] } },
{ "type": "Feature", "properties": { "OBJECTID": 1370, "StreetName1": "COOK ST", "StreetName2": "QUEENS AVE", "Intersection": "QUEENS AVE & COOK ST", "Jurisdiction": "COV", "POINT_X": 473930.3778, "POINT_Y": 5364551.6593999993 }, "geometry": { "type": "MultiPoint", "coordinates": [ [ -123.352458530508571, 48.433576622387683 ] ] } },
{ "type": "Feature", "properties": { "OBJECTID": 1371, "StreetName1": "CHAMBERS ST", "StreetName2": "QUEENS AVE", "Intersection": "QUEENS AVE & CHAMBERS ST", "Jurisdiction": "COV", "POINT_X": 474148.96040000021, "POINT_Y": 5364531.7871000003 }, "geometry": { "type": "MultiPoint", "coordinates": [ [ -123.349502275205609, 48.433406857156541 ] ] } },
{ "type": "Feature", "properties": { "OBJECTID": 1372, "StreetName1": "MARKET ST", "StreetName2": "QUESNEL ST", "Intersection": "QUESNEL ST & MARKET ST", "Jurisdiction": "COV", "POINT_X": 472952.905, "POINT_Y": 5365211.7240999993 }, "geometry": { "type": "MultiPoint", "coordinates": [ [ -123.365715633714672, 48.439473542199494 ] ] } },
{ "type": "Feature", "properties": { "OBJECTID": 1373, "StreetName1": "BEAVEN ST", "StreetName2": "QUIXOTE LANE", "Intersection": "QUIXOTE LANE & BEAVEN ST", "Jurisdiction": "COV", "POINT_X": 475745.05420000013, "POINT_Y": 5362374.1413000003 }, "geometry": { "type": "MultiPoint", "coordinates": [ [ -123.32779979386315, 48.414059379527039 ] ] } },
{ "type": "Feature", "properties": { "OBJECTID": 1374, "StreetName1": "EVANS ST", "StreetName2": "RAYNOR AVE", "Intersection": "RAYNOR AVE & EVANS ST", "Jurisdiction": "COV", "POINT_X": 471061.10620000027, "POINT_Y": 5364799.707 }, "geometry": { "type": "MultiPoint", "coordinates": [ [ -123.391265351074836, 48.435682788993653 ] ] } },
{ "type": "Feature", "properties": { "OBJECTID": 1375, "StreetName1": "FULLERTON AVE", "StreetName2": "RAYNOR AVE", "Intersection": "RAYNOR AVE & FULLERTON AVE", "Jurisdiction": "COV", "POINT_X": 471190.8267000001, "POINT_Y": 5364841.605 }, "geometry": { "type": "MultiPoint", "coordinates": [ [ -123.389514469770006, 48.436065665151297 ] ] } },
{ "type": "Feature", "properties": { "OBJECTID": 1376, "StreetName1": "CRAIGFLOWER RD", "StreetName2": "RAYNOR AVE", "Intersection": "RAYNOR AVE & CRAIGFLOWER RD", "Jurisdiction": "COV", "POINT_X": 471310.2544, "POINT_Y": 5364880.376 }, "geometry": { "type": "MultiPoint", "coordinates": [ [ -123.387902503987576, 48.436419914320808 ] ] } },
{ "type": "Feature", "properties": { "OBJECTID": 1377, "StreetName1": "MARY ST", "StreetName2": "RAYNOR AVE", "Intersection": "RAYNOR AVE & MARY ST", "Jurisdiction": "COV", "POINT_X": 471444.8618000001, "POINT_Y": 5364888.853 }, "geometry": { "type": "MultiPoint", "coordinates": [ [ -123.386083223487489, 48.436502295853501 ] ] } },
{ "type": "Feature", "properties": { "OBJECTID": 1378, "StreetName1": "CATHERINE ST", "StreetName2": "RAYNOR AVE", "Intersection": "RAYNOR AVE & CATHERINE ST", "Jurisdiction": "COV", "POINT_X": 471536.9616, "POINT_Y": 5364887.802 }, "geometry": { "type": "MultiPoint", "coordinates": [ [ -123.384837983634782, 48.436497011490459 ] ] } },
{ "type": "Feature", "properties": { "OBJECTID": 1379, "StreetName1": "ARTHUR CURRIE LANE", "StreetName2": "RAYNOR AVE", "Intersection": "RAYNOR AVE & ARTHUR CURRIE LANE", "Jurisdiction": "COV", "POINT_X": 471644.63219999988, "POINT_Y": 5364895.315 }, "geometry": { "type": "MultiPoint", "coordinates": [ [ -123.383382809954483, 48.436569459476992 ] ] } },
{ "type": "Feature", "properties": { "OBJECTID": 1380, "StreetName1": "ALSTON ST", "StreetName2": "RAYNOR AVE", "Intersection": "RAYNOR AVE & ALSTON ST", "Jurisdiction": "COV", "POINT_X": 471650.94689999986, "POINT_Y": 5364883.2683000006 }, "geometry": { "type": "MultiPoint", "coordinates": [ [ -123.383296621271811, 48.436461368142261 ] ] } },
{ "type": "Feature", "properties": { "OBJECTID": 1381, "StreetName1": "PANDORA AVE", "StreetName2": "REBECCA ST", "Intersection": "REBECCA ST & PANDORA AVE", "Jurisdiction": "COV", "POINT_X": 473975.34310000017, "POINT_Y": 5363830.9299 }, "geometry": { "type": "MultiPoint", "coordinates": [ [ -123.351805882483802, 48.427094554163411 ] ] } },
{ "type": "Feature", "properties": { "OBJECTID": 1382, "StreetName1": "MASON ST", "StreetName2": "REBECCA ST", "Intersection": "REBECCA ST & MASON ST", "Jurisdiction": "COV", "POINT_X": 473980.90469999984, "POINT_Y": 5363893.6896000002 }, "geometry": { "type": "MultiPoint", "coordinates": [ [ -123.351734600655476, 48.427659391942548 ] ] } },
{ "type": "Feature", "properties": { "OBJECTID": 1383, "StreetName1": "NANAIMO ST", "StreetName2": "REDBRICK ST", "Intersection": "REDBRICK ST & NANAIMO ST", "Jurisdiction": "COV", "POINT_X": 472734.06709999964, "POINT_Y": 5365745.2795000002 }, "geometry": { "type": "MultiPoint", "coordinates": [ [ -123.368709188975927, 48.444264129119169 ] ] } },
{ "type": "Feature", "properties": { "OBJECTID": 1384, "StreetName1": "BLANSHARD ST", "StreetName2": "REDBRICK ST", "Intersection": "REDBRICK ST & BLANSHARD ST", "Jurisdiction": "COV", "POINT_X": 472922.8268, "POINT_Y": 5365798.4190999996 }, "geometry": { "type": "MultiPoint", "coordinates": [ [ -123.366160242662929, 48.444750338341585 ] ] } },
{ "type": "Feature", "properties": { "OBJECTID": 1385, "StreetName1": "LEIGHTON RD", "StreetName2": "REDFERN ST", "Intersection": "REDFERN ST & LEIGHTON RD", "Jurisdiction": "COV", "POINT_X": 475964.16760000028, "POINT_Y": 5363969.0661999993 }, "geometry": { "type": "MultiPoint", "coordinates": [ [ -123.324930151216179, 48.428416327985921 ] ] } },
{ "type": "Feature", "properties": { "OBJECTID": 1386, "StreetName1": "OAK BAY AVE", "StreetName2": "REDFERN ST", "Intersection": "REDFERN ST & OAK BAY AVE", "Jurisdiction": "COV", "POINT_X": 475972.8151000001, "POINT_Y": 5363750.7033000002 }, "geometry": { "type": "MultiPoint", "coordinates": [ [ -123.324942842111625, 48.426452439045683 ], [ -123.324658634707561, 48.426451929535929 ] ] } },
{ "type": "Feature", "properties": { "OBJECTID": 1387, "StreetName1": "BRIGHTON AVE", "StreetName2": "REDFERN ST", "Intersection": "REDFERN ST & BRIGHTON AVE", "Jurisdiction": "COV", "POINT_X": 476000.99474999995, "POINT_Y": 5363499.2424 }, "geometry": { "type": "MultiPoint", "coordinates": [ [ -123.324553283321649, 48.424191247904822 ], [ -123.324257579313027, 48.424190796826018 ] ] } },
{ "type": "Feature", "properties": { "OBJECTID": 1388, "StreetName1": "BRIGHTON CRES", "StreetName2": "REDFERN ST", "Intersection": "REDFERN ST & BRIGHTON CRES", "Jurisdiction": "COV", "POINT_X": 476014.81769999955, "POINT_Y": 5363373.1887999997 }, "geometry": { "type": "MultiPoint", "coordinates": [ [ -123.324211379781332, 48.423057523285927 ] ] } },
{ "type": "Feature", "properties": { "OBJECTID": 1389, "StreetName1": "QUAMICHAN ST", "StreetName2": "REDFERN ST", "Intersection": "REDFERN ST & QUAMICHAN ST", "Jurisdiction": "COV", "POINT_X": 476015.938, "POINT_Y": 5363122.5135999992 }, "geometry": { "type": "MultiPoint", "coordinates": [ [ -123.324181896828435, 48.420802396594503 ] ] } },
{ "type": "Feature", "properties": { "OBJECTID": 1390, "StreetName1": "HAWES RD", "StreetName2": "REDFERN ST", "Intersection": "REDFERN ST & HAWES RD", "Jurisdiction": "COV", "POINT_X": 476018.50519999955, "POINT_Y": 5363212.1415999997 }, "geometry": { "type": "MultiPoint", "coordinates": [ [ -123.3241523260197, 48.421608821990759 ] ] } },
{ "type": "Feature", "properties": { "OBJECTID": 1391, "StreetName1": "GLASGOW ST", "StreetName2": "REED ST", "Intersection": "REED ST & GLASGOW ST", "Jurisdiction": "COV", "POINT_X": 473174.62050000019, "POINT_Y": 5366125.2493999992 }, "geometry": { "type": "MultiPoint", "coordinates": [ [ -123.362776429357083, 48.447701386118744 ] ] } },
{ "type": "Feature", "properties": { "OBJECTID": 1392, "StreetName1": "RAYNOR AVE", "StreetName2": "REGATTA LANDING", "Intersection": "REGATTA LANDING & RAYNOR AVE", "Jurisdiction": "COV", "POINT_X": 471699.511, "POINT_Y": 5364863.4879000001 }, "geometry": { "type": "MultiPoint", "coordinates": [ [ -123.382638709685921, 48.436285602725583 ] ] } },
{ "type": "Feature", "properties": { "OBJECTID": 1393, "StreetName1": "CENTRAL SPUR RD", "StreetName2": "REGATTA LANDING", "Intersection": "REGATTA LANDING & CENTRAL SPUR RD", "Jurisdiction": "COV", "POINT_X": 471767.181, "POINT_Y": 5364873.8171999995 }, "geometry": { "type": "MultiPoint", "coordinates": [ [ -123.381724526300943, 48.43638156658389 ] ] } },
{ "type": "Feature", "properties": { "OBJECTID": 1394, "StreetName1": "BELMONT AVE", "StreetName2": "REGENTS PL", "Intersection": "REGENTS PL & BELMONT AVE", "Jurisdiction": "COV", "POINT_X": 474993.78490000032, "POINT_Y": 5363461.2114000004 }, "geometry": { "type": "MultiPoint", "coordinates": [ [ -123.338017197756969, 48.423809696707991 ] ] } },
{ "type": "Feature", "properties": { "OBJECTID": 1395, "StreetName1": "LAUREL LANE", "StreetName2": "REGENTS PL", "Intersection": "REGENTS PL & LAUREL LANE", "Jurisdiction": "COV", "POINT_X": 475055.53610000014, "POINT_Y": 5363412.5167999994 }, "geometry": { "type": "MultiPoint", "coordinates": [ [ -123.337179641478485, 48.423374071002129 ] ] } },
{ "type": "Feature", "properties": { "OBJECTID": 1396, "StreetName1": "NIAGARA ST", "StreetName2": "RENDALL ST", "Intersection": "RENDALL ST & NIAGARA ST", "Jurisdiction": "COV", "POINT_X": 472007.65259999968, "POINT_Y": 5362508.5314000007 }, "geometry": { "type": "MultiPoint", "coordinates": [ [ -123.378315450876059, 48.415113432825471 ] ] } },
{ "type": "Feature", "properties": { "OBJECTID": 1397, "StreetName1": "BECKLEY AVE", "StreetName2": "RENDALL ST", "Intersection": "RENDALL ST & BECKLEY AVE", "Jurisdiction": "COV", "POINT_X": 472034.922, "POINT_Y": 5362546.0965 }, "geometry": { "type": "MultiPoint", "coordinates": [ [ -123.377949433928947, 48.415452592205384 ] ] } },
{ "type": "Feature", "properties": { "OBJECTID": 1398, "StreetName1": "POWDERLY AVE", "StreetName2": "RENO ST", "Intersection": "RENO ST & POWDERLY AVE", "Jurisdiction": "COV", "POINT_X": 471002.51630000025, "POINT_Y": 5365042.4278999995 }, "geometry": { "type": "MultiPoint", "coordinates": [ [ -123.392074261490563, 48.437863680694917 ] ] } },
{ "type": "Feature", "properties": { "OBJECTID": 1399, "StreetName1": "BELTON AVE", "StreetName2": "RENO ST", "Intersection": "RENO ST & BELTON AVE", "Jurisdiction": "COV", "POINT_X": 471029.98070000019, "POINT_Y": 5364955.0605999995 }, "geometry": { "type": "MultiPoint", "coordinates": [ [ -123.391696897157118, 48.437078963686425 ] ] } },
{ "type": "Feature", "properties": { "OBJECTID": 1400, "StreetName1": "MOSS ST", "StreetName2": "REVERCOMB PL", "Intersection": "REVERCOMB PL & MOSS ST", "Jurisdiction": "COV", "POINT_X": 474276.1026999997, "POINT_Y": 5363019.9992999993 }, "geometry": { "type": "MultiPoint", "coordinates": [ [ -123.347690653644023, 48.419811491041784 ] ] } },
{ "type": "Feature", "properties": { "OBJECTID": 1401, "StreetName1": "COOK ST", "StreetName2": "RICHARDSON ST", "Intersection": "RICHARDSON ST & COOK ST", "Jurisdiction": "COV", "POINT_X": 473736.59929999989, "POINT_Y": 5363002.9563999996 }, "geometry": { "type": "MultiPoint", "coordinates": [ [ -123.354981187896996, 48.419635904167826 ] ] } },
{ "type": "Feature", "properties": { "OBJECTID": 1402, "StreetName1": "LINDEN AVE", "StreetName2": "RICHARDSON ST", "Intersection": "RICHARDSON ST & LINDEN AVE", "Jurisdiction": "COV", "POINT_X": 473990.65230000019, "POINT_Y": 5362961.0391000006 }, "geometry": { "type": "MultiPoint", "coordinates": [ [ -123.351544972441033, 48.419269342245364 ] ] } },
{ "type": "Feature", "properties": { "OBJECTID": 1403, "StreetName1": "HARBINGER AVE", "StreetName2": "RICHARDSON ST", "Intersection": "RICHARDSON ST & HARBINGER AVE", "Jurisdiction": "COV", "POINT_X": 474094.0954, "POINT_Y": 5362943.6641000006 }, "geometry": { "type": "MultiPoint", "coordinates": [ [ -123.350145838998486, 48.419117293126973 ] ] } },
{ "type": "Feature", "properties": { "OBJECTID": 1404, "StreetName1": "CORNWALL ST", "StreetName2": "RICHARDSON ST", "Intersection": "RICHARDSON ST & CORNWALL ST", "Jurisdiction": "COV", "POINT_X": 474184.7862999998, "POINT_Y": 5362928.431 }, "geometry": { "type": "MultiPoint", "coordinates": [ [ -123.34891919392642, 48.418983973809823 ] ] } },
{ "type": "Feature", "properties": { "OBJECTID": 1405, "StreetName1": "MOSS ST", "StreetName2": "RICHARDSON ST", "Intersection": "RICHARDSON ST & MOSS ST", "Jurisdiction": "COV", "POINT_X": 474258.345, "POINT_Y": 5362916.0754000004 }, "geometry": { "type": "MultiPoint", "coordinates": [ [ -123.347924276079667, 48.418875828572503 ] ] } },
{ "type": "Feature", "properties": { "OBJECTID": 1406, "StreetName1": "MINTO ST", "StreetName2": "RICHARDSON ST", "Intersection": "RICHARDSON ST & MINTO ST", "Jurisdiction": "COV", "POINT_X": 474414.2528, "POINT_Y": 5362780.8537000008 }, "geometry": { "type": "MultiPoint", "coordinates": [ [ -123.345808906891804, 48.417665676442105 ] ] } },
{ "type": "Feature", "properties": { "OBJECTID": 1407, "StreetName1": "CARNSEW ST", "StreetName2": "RICHARDSON ST", "Intersection": "RICHARDSON ST & CARNSEW ST", "Jurisdiction": "COV", "POINT_X": 474477.64659999963, "POINT_Y": 5362684.2167000007 }, "geometry": { "type": "MultiPoint", "coordinates": [ [ -123.345028914794511, 48.416855008549952 ] ] } },
{ "type": "Feature", "properties": { "OBJECTID": 1408, "StreetName1": "KIPLING ST", "StreetName2": "RICHARDSON ST", "Intersection": "RICHARDSON ST & KIPLING ST", "Jurisdiction": "COV", "POINT_X": 474547.67690000031, "POINT_Y": 5362663.764 }, "geometry": { "type": "MultiPoint", "coordinates": [ [ -123.343998594931548, 48.416617699144403 ] ] } },
{ "type": "Feature", "properties": { "OBJECTID": 1409, "StreetName1": "ARNOLD AVE", "StreetName2": "RICHARDSON ST", "Intersection": "RICHARDSON ST & ARNOLD AVE", "Jurisdiction": "COV", "POINT_X": 474764.65089999977, "POINT_Y": 5362627.2206999995 }, "geometry": { "type": "MultiPoint", "coordinates": [ [ -123.341064086610871, 48.416297670742388 ] ] } },
{ "type": "Feature", "properties": { "OBJECTID": 1410, "StreetName1": "ARMINE PL", "StreetName2": "RICHARDSON ST", "Intersection": "RICHARDSON ST & ARMINE PL", "Jurisdiction": "COV", "POINT_X": 475550.76719999965, "POINT_Y": 5362811.0167999994 }, "geometry": { "type": "MultiPoint", "coordinates": [ [ -123.330450838998559, 48.417982169580362 ] ] } },
{ "type": "Feature", "properties": { "OBJECTID": 1411, "StreetName1": "GONZALES AVE", "StreetName2": "RICHARDSON ST", "Intersection": "RICHARDSON ST & GONZALES AVE", "Jurisdiction": "COV", "POINT_X": 475606.5778000001, "POINT_Y": 5362881.7018 }, "geometry": { "type": "MultiPoint", "coordinates": [ [ -123.329700673839483, 48.418620242368505 ] ] } },
{ "type": "Feature", "properties": { "OBJECTID": 1412, "StreetName1": "MADDISON ST", "StreetName2": "RICHARDSON ST", "Intersection": "RICHARDSON ST & MADDISON ST", "Jurisdiction": "COV", "POINT_X": 475643.48819999956, "POINT_Y": 5362949.2772000004 }, "geometry": { "type": "MultiPoint", "coordinates": [ [ -123.329205750838582, 48.419229604584778 ] ] } },
{ "type": "Feature", "properties": { "OBJECTID": 1413, "StreetName1": "LAWNDALE AVE", "StreetName2": "RICHARDSON ST", "Intersection": "RICHARDSON ST & LAWNDALE AVE", "Jurisdiction": "COV", "POINT_X": 475778.018, "POINT_Y": 5362994.7436999995 }, "geometry": { "type": "MultiPoint", "coordinates": [ [ -123.327390169812247, 48.419643825894411 ] ] } },
{ "type": "Feature", "properties": { "OBJECTID": 1414, "StreetName1": "MOSS PARK GDNS", "StreetName2": "RICHARDSON ST", "Intersection": "RICHARDSON ST & MOSS PARK GDNS", "Jurisdiction": "COV", "POINT_X": 475846.33690000046, "POINT_Y": 5363018.2957000006 }, "geometry": { "type": "MultiPoint", "coordinates": [ [ -123.326468170075728, 48.419858332023736 ] ] } },
{ "type": "Feature", "properties": { "OBJECTID": 1415, "StreetName1": "COWICHAN ST", "StreetName2": "RICHARDSON ST", "Intersection": "RICHARDSON ST & COWICHAN ST", "Jurisdiction": "COV", "POINT_X": 475917.24749999959, "POINT_Y": 5363042.7413 }, "geometry": { "type": "MultiPoint", "coordinates": [ [ -123.32551118574375, 48.420080969033847 ] ] } },
{ "type": "Feature", "properties": { "OBJECTID": 1416, "StreetName1": "FOUL BAY RD", "StreetName2": "RICHARDSON ST", "Intersection": "RICHARDSON ST & FOUL BAY RD", "Jurisdiction": "COV", "POINT_X": 476072.45210000034, "POINT_Y": 5363068.4816999994 }, "geometry": { "type": "MultiPoint", "coordinates": [ [ -123.323414985680785, 48.420318454275659 ] ] } },
{ "type": "Feature", "properties": { "OBJECTID": 1417, "StreetName1": "GONZALES AVE", "StreetName2": "RICHMOND AVE", "Intersection": "RICHMOND AVE & GONZALES AVE", "Jurisdiction": "COV", "POINT_X": 475409.5334000001, "POINT_Y": 5362971.0579000004 }, "geometry": { "type": "MultiPoint", "coordinates": [ [ -123.3323689908988, 48.419416462453135 ] ] } },
{ "type": "Feature", "properties": { "OBJECTID": 1418, "StreetName1": "RICHARDSON ST", "StreetName2": "RICHMOND AVE", "Intersection": "RICHMOND AVE & RICHARDSON ST", "Jurisdiction": "COV", "POINT_X": 475473.491, "POINT_Y": 5362768.9803999998 }, "geometry": { "type": "MultiPoint", "coordinates": [ [ -123.331492763683499, 48.417600990219078 ] ] } },
{ "type": "Feature", "properties": { "OBJECTID": 1419, "StreetName1": "CHANDLER AVE", "StreetName2": "RICHMOND AVE", "Intersection": "RICHMOND AVE & CHANDLER AVE", "Jurisdiction": "COV", "POINT_X": 475506.32, "POINT_Y": 5362668.1711999997 }, "geometry": { "type": "MultiPoint", "coordinates": [ [ -123.331043196880259, 48.416695349507307 ] ] } },
{ "type": "Feature", "properties": { "OBJECTID": 1420, "StreetName1": "CRESCENT RD", "StreetName2": "RICHMOND AVE", "Intersection": "RICHMOND AVE & CRESCENT RD", "Jurisdiction": "COV", "POINT_X": 475518.62239999976, "POINT_Y": 5362098.0617999993 }, "geometry": { "type": "MultiPoint", "coordinates": [ [ -123.330843657947725, 48.411566903340692 ] ] } },
{ "type": "Feature", "properties": { "OBJECTID": 1421, "StreetName1": "LILLIAN RD", "StreetName2": "RICHMOND AVE", "Intersection": "RICHMOND AVE & LILLIAN RD", "Jurisdiction": "COV", "POINT_X": 475534.5806499999, "POINT_Y": 5362278.284 }, "geometry": { "type": "MultiPoint", "coordinates": [ [ -123.330831688136783, 48.413188918888892 ], [ -123.330445355525782, 48.413188825249321 ] ] } },
{ "type": "Feature", "properties": { "OBJECTID": 1422, "StreetName1": "OAK SHADE LANE", "StreetName2": "RICHMOND AVE", "Intersection": "RICHMOND AVE & OAK SHADE LANE", "Jurisdiction": "COV", "POINT_X": 475540.26439999975, "POINT_Y": 5363278.0106000006 }, "geometry": { "type": "MultiPoint", "coordinates": [ [ -123.330620026626505, 48.422183014205537 ] ] } },
{ "type": "Feature", "properties": { "OBJECTID": 1423, "StreetName1": "FAIRFIELD RD", "StreetName2": "RICHMOND AVE", "Intersection": "RICHMOND AVE & FAIRFIELD RD", "Jurisdiction": "COV", "POINT_X": 475545.19890000019, "POINT_Y": 5362534.8571000006 }, "geometry": { "type": "MultiPoint", "coordinates": [ [ -123.330509990197243, 48.415497515161007 ] ] } },
{ "type": "Feature", "properties": { "OBJECTID": 1424, "StreetName1": "QUAMICHAN ST", "StreetName2": "RICHMOND AVE", "Intersection": "RICHMOND AVE & QUAMICHAN ST", "Jurisdiction": "COV", "POINT_X": 475557.09080000035, "POINT_Y": 5363307.8592000008 }, "geometry": { "type": "MultiPoint", "coordinates": [ [ -123.330394340339538, 48.422452196576423 ] ] } },
{ "type": "Feature", "properties": { "OBJECTID": 1425, "StreetName1": "OAK BAY AVE", "StreetName2": "RICHMOND AVE", "Intersection": "RICHMOND AVE & OAK BAY AVE", "Jurisdiction": "COV", "POINT_X": 475569.00069999974, "POINT_Y": 5363753.5067999996 }, "geometry": { "type": "MultiPoint", "coordinates": [ [ -123.330259337902447, 48.426461869613675 ] ] } },
{ "type": "Feature", "properties": { "OBJECTID": 1426, "StreetName1": "LEIGHTON RD", "StreetName2": "RICHMOND AVE", "Intersection": "RICHMOND AVE & LEIGHTON RD", "Jurisdiction": "COV", "POINT_X": 475570.25569999963, "POINT_Y": 5363968.7844999991 }, "geometry": { "type": "MultiPoint", "coordinates": [ [ -123.330254922069216, 48.428398635259377 ] ] } },
{ "type": "Feature", "properties": { "OBJECTID": 1427, "StreetName1": "GREEN OAKS TERR", "StreetName2": "RICHMOND AVE", "Intersection": "RICHMOND AVE & GREEN OAKS TERR", "Jurisdiction": "COV", "POINT_X": 475575.34460000042, "POINT_Y": 5363539.0636 }, "geometry": { "type": "MultiPoint", "coordinates": [ [ -123.330161090517933, 48.424532905526334 ] ] } },
{ "type": "Feature", "properties": { "OBJECTID": 1428, "StreetName1": "BRIGHTON AVE", "StreetName2": "RICHMOND AVE", "Intersection": "RICHMOND AVE & BRIGHTON AVE", "Jurisdiction": "COV", "POINT_X": 475576.45040000044, "POINT_Y": 5363501.6852000002 }, "geometry": { "type": "MultiPoint", "coordinates": [ [ -123.330143965955514, 48.424196678462721 ] ] } },
{ "type": "Feature", "properties": { "OBJECTID": 1429, "StreetName1": "FORT ST", "StreetName2": "RICHMOND AVE", "Intersection": "RICHMOND AVE & FORT ST", "Jurisdiction": "COV", "POINT_X": 475577.0603, "POINT_Y": 5364096.5482000001 }, "geometry": { "type": "MultiPoint", "coordinates": [ [ -123.330170385219517, 48.429548307898472 ] ] } },
{ "type": "Feature", "properties": { "OBJECTID": 1430, "StreetName1": "FORT ST", "StreetName2": "RICHMOND RD", "Intersection": "RICHMOND RD & FORT ST", "Jurisdiction": "COV", "POINT_X": 475577.0603, "POINT_Y": 5364096.5482000001 }, "geometry": { "type": "MultiPoint", "coordinates": [ [ -123.330170385219517, 48.429548307898472 ] ] } },
{ "type": "Feature", "properties": { "OBJECTID": 1431, "StreetName1": "BIRCH ST", "StreetName2": "RICHMOND RD", "Intersection": "RICHMOND RD & BIRCH ST", "Jurisdiction": "COV", "POINT_X": 475585.96310000028, "POINT_Y": 5364121.2952999994 }, "geometry": { "type": "MultiPoint", "coordinates": [ [ -123.330051478803156, 48.429771287017928 ] ] } },
{ "type": "Feature", "properties": { "OBJECTID": 1432, "StreetName1": "PEMBROKE ST", "StreetName2": "RICHMOND RD", "Intersection": "RICHMOND RD & PEMBROKE ST", "Jurisdiction": "COV", "POINT_X": 475604.09279999975, "POINT_Y": 5364237.4313999992 }, "geometry": { "type": "MultiPoint", "coordinates": [ [ -123.329813161357592, 48.430816792046301 ] ] } },
{ "type": "Feature", "properties": { "OBJECTID": 1433, "StreetName1": "CORONATION AVE", "StreetName2": "RICHMOND RD", "Intersection": "RICHMOND RD & CORONATION AVE", "Jurisdiction": "COV", "POINT_X": 475617.35170000046, "POINT_Y": 5364322.3655999992 }, "geometry": { "type": "MultiPoint", "coordinates": [ [ -123.329638865120316, 48.431581404296175 ] ] } },
{ "type": "Feature", "properties": { "OBJECTID": 1434, "StreetName1": "DENMAN ST", "StreetName2": "RICHMOND RD", "Intersection": "RICHMOND RD & DENMAN ST", "Jurisdiction": "COV", "POINT_X": 475629.08349999972, "POINT_Y": 5364402.1704999991 }, "geometry": { "type": "MultiPoint", "coordinates": [ [ -123.329484909857854, 48.432299812061345 ] ] } },
{ "type": "Feature", "properties": { "OBJECTID": 1435, "StreetName1": "BAY ST", "StreetName2": "RICHMOND RD", "Intersection": "RICHMOND RD & BAY ST", "Jurisdiction": "COV", "POINT_X": 475650.43759999983, "POINT_Y": 5364555.6741000004 }, "geometry": { "type": "MultiPoint", "coordinates": [ [ -123.329205150174928, 48.433681611597912 ] ] } },
{ "type": "Feature", "properties": { "OBJECTID": 1436, "StreetName1": "EMERSON ST", "StreetName2": "RICHMOND RD", "Intersection": "RICHMOND RD & EMERSON ST", "Jurisdiction": "COV", "POINT_X": 475663.373, "POINT_Y": 5364644.0013999995 }, "geometry": { "type": "MultiPoint", "coordinates": [ [ -123.329035405828918, 48.434476735618205 ] ] } },
{ "type": "Feature", "properties": { "OBJECTID": 1437, "StreetName1": "ADANAC ST", "StreetName2": "RICHMOND RD", "Intersection": "RICHMOND RD & ADANAC ST", "Jurisdiction": "COV", "POINT_X": 475675.45579999965, "POINT_Y": 5364725.921 }, "geometry": { "type": "MultiPoint", "coordinates": [ [ -123.328876810951954, 48.435214180405573 ] ] } },
{ "type": "Feature", "properties": { "OBJECTID": 1438, "StreetName1": "HAULTAIN ST", "StreetName2": "RICHMOND RD", "Intersection": "RICHMOND RD & HAULTAIN ST", "Jurisdiction": "COV", "POINT_X": 475687.10039999988, "POINT_Y": 5364804.8686999995 }, "geometry": { "type": "MultiPoint", "coordinates": [ [ -123.328723963395106, 48.435924871702866 ] ] } },
{ "type": "Feature", "properties": { "OBJECTID": 1439, "StreetName1": "CARRICK ST", "StreetName2": "RICHMOND RD", "Intersection": "RICHMOND RD & CARRICK ST", "Jurisdiction": "COV", "POINT_X": 475702.5071, "POINT_Y": 5364910.0196000002 }, "geometry": { "type": "MultiPoint", "coordinates": [ [ -123.328521768293385, 48.436871441162864 ] ] } },
{ "type": "Feature", "properties": { "OBJECTID": 1440, "StreetName1": "KINGS RD", "StreetName2": "RICHMOND RD", "Intersection": "RICHMOND RD & KINGS RD", "Jurisdiction": "COV", "POINT_X": 475718.24430000037, "POINT_Y": 5365017.4266999997 }, "geometry": { "type": "MultiPoint", "coordinates": [ [ -123.328315228127181, 48.437838320444286 ] ] } },
{ "type": "Feature", "properties": { "OBJECTID": 1441, "StreetName1": "NEWTON ST", "StreetName2": "RICHMOND RD", "Intersection": "RICHMOND RD & NEWTON ST", "Jurisdiction": "COV", "POINT_X": 475732.34960000031, "POINT_Y": 5365119.9341000002 }, "geometry": { "type": "MultiPoint", "coordinates": [ [ -123.328130460387655, 48.438761056884069 ] ] } },
{ "type": "Feature", "properties": { "OBJECTID": 1442, "StreetName1": "PEMBROKE ST", "StreetName2": "RIDGE RD", "Intersection": "RIDGE RD & PEMBROKE ST", "Jurisdiction": "COV", "POINT_X": 474369.92949999962, "POINT_Y": 5364318.0956999995 }, "geometry": { "type": "MultiPoint", "coordinates": [ [ -123.346501920475106, 48.431493449967675 ] ] } },
{ "type": "Feature", "properties": { "OBJECTID": 1443, "StreetName1": "CENTRE RD", "StreetName2": "RIDGE RD", "Intersection": "RIDGE RD & CENTRE RD", "Jurisdiction": "COV", "POINT_X": 474376.679, "POINT_Y": 5364390.7548999991 }, "geometry": { "type": "MultiPoint", "coordinates": [ [ -123.346415120522067, 48.432147391827861 ] ] } },
{ "type": "Feature", "properties": { "OBJECTID": 1444, "StreetName1": "DENMAN ST", "StreetName2": "RIDGE RD", "Intersection": "RIDGE RD & DENMAN ST", "Jurisdiction": "COV", "POINT_X": 474383.9041, "POINT_Y": 5364468.5363999996 }, "geometry": { "type": "MultiPoint", "coordinates": [ [ -123.346322201983568, 48.432847434868364 ] ] } },
{ "type": "Feature", "properties": { "OBJECTID": 1445, "StreetName1": "MENZIES ST", "StreetName2": "RITHET ST", "Intersection": "RITHET ST & MENZIES ST", "Jurisdiction": "COV", "POINT_X": 472136.0373, "POINT_Y": 5362268.1583999991 }, "geometry": { "type": "MultiPoint", "coordinates": [ [ -123.376564476511859, 48.41295664629628 ] ] } },
{ "type": "Feature", "properties": { "OBJECTID": 1446, "StreetName1": "CAPTAIN ST", "StreetName2": "ROBERT ST", "Intersection": "ROBERT ST & CAPTAIN ST", "Jurisdiction": "COV", "POINT_X": 471237.9391000001, "POINT_Y": 5363963.644 }, "geometry": { "type": "MultiPoint", "coordinates": [ [ -123.388817261121559, 48.42816941812027 ] ] } },
{ "type": "Feature", "properties": { "OBJECTID": 1447, "StreetName1": "MILNE ST", "StreetName2": "ROBERT ST", "Intersection": "ROBERT ST & MILNE ST", "Jurisdiction": "COV", "POINT_X": 471237.9391000001, "POINT_Y": 5363996.3205999993 }, "geometry": { "type": "MultiPoint", "coordinates": [ [ -123.388819503657743, 48.428463386836732 ] ] } },
{ "type": "Feature", "properties": { "OBJECTID": 1448, "StreetName1": "ESQUIMALT RD", "StreetName2": "ROBERT ST", "Intersection": "ROBERT ST & ESQUIMALT RD", "Jurisdiction": "COV", "POINT_X": 471238.64769999962, "POINT_Y": 5364228.1205000002 }, "geometry": { "type": "MultiPoint", "coordinates": [ [ -123.388825833714563, 48.43054876176798 ] ] } },
{ "type": "Feature", "properties": { "OBJECTID": 1449, "StreetName1": "HOLLYWOOD CRES", "StreetName2": "ROBERTSON ST", "Intersection": "ROBERTSON ST & HOLLYWOOD CRES", "Jurisdiction": "COV", "POINT_X": 475461.96120000025, "POINT_Y": 5361873.5924500003 }, "geometry": { "type": "MultiPoint", "coordinates": [ [ -123.331602422309729, 48.410276536091807 ], [ -123.331589986996889, 48.408814034237786 ] ] } },
{ "type": "Feature", "properties": { "OBJECTID": 1450, "StreetName1": "CRESCENT RD", "StreetName2": "ROBERTSON ST", "Intersection": "ROBERTSON ST & CRESCENT RD", "Jurisdiction": "COV", "POINT_X": 475463.41330000013, "POINT_Y": 5362049.1469000001 }, "geometry": { "type": "MultiPoint", "coordinates": [ [ -123.331586850707922, 48.411124698328187 ] ] } },
{ "type": "Feature", "properties": { "OBJECTID": 1451, "StreetName1": "LILLIAN RD", "StreetName2": "ROBERTSON ST", "Intersection": "ROBERTSON ST & LILLIAN RD", "Jurisdiction": "COV", "POINT_X": 475464.68290000036, "POINT_Y": 5362279.3164000008 }, "geometry": { "type": "MultiPoint", "coordinates": [ [ -123.33158315743276, 48.413195442053834 ] ] } },
{ "type": "Feature", "properties": { "OBJECTID": 1452, "StreetName1": "FAIRFIELD RD", "StreetName2": "ROBERTSON ST", "Intersection": "ROBERTSON ST & FAIRFIELD RD", "Jurisdiction": "COV", "POINT_X": 475467.66150000039, "POINT_Y": 5362501.6755 }, "geometry": { "type": "MultiPoint", "coordinates": [ [ -123.331555911620811, 48.41519598622569 ] ] } },
{ "type": "Feature", "properties": { "OBJECTID": 1453, "StreetName1": "RICHARDSON ST", "StreetName2": "ROBLEDA CRES", "Intersection": "ROBLEDA CRES & RICHARDSON ST", "Jurisdiction": "COV", "POINT_X": 474356.4291000003, "POINT_Y": 5362881.7971000001 }, "geometry": { "type": "MultiPoint", "coordinates": [ [ -123.346596557789667, 48.418571448986739 ] ] } },
{ "type": "Feature", "properties": { "OBJECTID": 1454, "StreetName1": "GORGE RD E", "StreetName2": "ROCK BAY AVE", "Intersection": "ROCK BAY AVE & GORGE RD E", "Jurisdiction": "COV", "POINT_X": 472590.11539999954, "POINT_Y": 5365221.9025999997 }, "geometry": { "type": "MultiPoint", "coordinates": [ [ -123.37062142788669, 48.439549418482251 ] ] } },
{ "type": "Feature", "properties": { "OBJECTID": 1455, "StreetName1": "ELLICE ST", "StreetName2": "ROCK BAY AVE", "Intersection": "ROCK BAY AVE & ELLICE ST", "Jurisdiction": "COV", "POINT_X": 472597.79320000019, "POINT_Y": 5365189.9208000004 }, "geometry": { "type": "MultiPoint", "coordinates": [ [ -123.370515527030847, 48.439262034620633 ] ] } },
{ "type": "Feature", "properties": { "OBJECTID": 1456, "StreetName1": "DAVID ST", "StreetName2": "ROCK BAY AVE", "Intersection": "ROCK BAY AVE & DAVID ST", "Jurisdiction": "COV", "POINT_X": 472622.82720000017, "POINT_Y": 5365101.967 }, "geometry": { "type": "MultiPoint", "coordinates": [ [ -123.370171305302733, 48.43847186426887 ] ] } },
{ "type": "Feature", "properties": { "OBJECTID": 1457, "StreetName1": "HILLSIDE AVE", "StreetName2": "ROCK BAY AVE", "Intersection": "ROCK BAY AVE & HILLSIDE AVE", "Jurisdiction": "COV", "POINT_X": 472648.00719999988, "POINT_Y": 5365014.1240999997 }, "geometry": { "type": "MultiPoint", "coordinates": [ [ -123.369825127620899, 48.437682696786148 ] ] } },
{ "type": "Feature", "properties": { "OBJECTID": 1458, "StreetName1": "JOHN ST", "StreetName2": "ROCK BAY AVE", "Intersection": "ROCK BAY AVE & JOHN ST", "Jurisdiction": "COV", "POINT_X": 472673.24629999977, "POINT_Y": 5364926.076 }, "geometry": { "type": "MultiPoint", "coordinates": [ [ -123.369478148314158, 48.436891684648231 ] ] } },
{ "type": "Feature", "properties": { "OBJECTID": 1459, "StreetName1": "BAY ST", "StreetName2": "ROCK BAY AVE", "Intersection": "ROCK BAY AVE & BAY ST", "Jurisdiction": "COV", "POINT_X": 472703.47979999986, "POINT_Y": 5364815.8648000006 }, "geometry": { "type": "MultiPoint", "coordinates": [ [ -123.369062212972494, 48.435901501663807 ] ] } },
{ "type": "Feature", "properties": { "OBJECTID": 1460, "StreetName1": "QUADRA ST", "StreetName2": "ROCKLAND AVE", "Intersection": "ROCKLAND AVE & QUADRA ST", "Jurisdiction": "COV", "POINT_X": 473359.8526999997, "POINT_Y": 5363331.2378000002 }, "geometry": { "type": "MultiPoint", "coordinates": [ [ -123.360093905635082, 48.422573417207246 ] ] } },
{ "type": "Feature", "properties": { "OBJECTID": 1461, "StreetName1": "COOK ST", "StreetName2": "ROCKLAND AVE", "Intersection": "ROCKLAND AVE & COOK ST", "Jurisdiction": "COV", "POINT_X": 473782.2921000002, "POINT_Y": 5363274.5253 }, "geometry": { "type": "MultiPoint", "coordinates": [ [ -123.354380615574755, 48.422080937447568 ] ] } },
{ "type": "Feature", "properties": { "OBJECTID": 1462, "StreetName1": "LINDEN AVE", "StreetName2": "ROCKLAND AVE", "Intersection": "ROCKLAND AVE & LINDEN AVE", "Jurisdiction": "COV", "POINT_X": 474031.61930000037, "POINT_Y": 5363205.658 }, "geometry": { "type": "MultiPoint", "coordinates": [ [ -123.351006443623831, 48.421471711528973 ] ] } },
{ "type": "Feature", "properties": { "OBJECTID": 1463, "StreetName1": "LANGHAM CRT", "StreetName2": "ROCKLAND AVE", "Intersection": "ROCKLAND AVE & LANGHAM CRT", "Jurisdiction": "COV", "POINT_X": 474136.23039999977, "POINT_Y": 5363159.8981999997 }, "geometry": { "type": "MultiPoint", "coordinates": [ [ -123.349589713792227, 48.421064344209888 ] ] } },
{ "type": "Feature", "properties": { "OBJECTID": 1464, "StreetName1": "MOSS ST", "StreetName2": "ROCKLAND AVE", "Intersection": "ROCKLAND AVE & MOSS ST", "Jurisdiction": "COV", "POINT_X": 474293.56560000032, "POINT_Y": 5363132.8692000005 }, "geometry": { "type": "MultiPoint", "coordinates": [ [ -123.347461555637523, 48.420827622313212 ] ] } },
{ "type": "Feature", "properties": { "OBJECTID": 1465, "StreetName1": "GILLESPIE PL", "StreetName2": "ROCKLAND AVE", "Intersection": "ROCKLAND AVE & GILLESPIE PL", "Jurisdiction": "COV", "POINT_X": 474357.19710000046, "POINT_Y": 5363121.6053999998 }, "geometry": { "type": "MultiPoint", "coordinates": [ [ -123.346600844110924, 48.420728882755817 ] ] } },
{ "type": "Feature", "properties": { "OBJECTID": 1466, "StreetName1": "ROBLEDA CRES", "StreetName2": "ROCKLAND AVE", "Intersection": "ROCKLAND AVE & ROBLEDA CRES", "Jurisdiction": "COV", "POINT_X": 474467.01609999966, "POINT_Y": 5363028.4554999992 }, "geometry": { "type": "MultiPoint", "coordinates": [ [ -123.34511089638643, 48.419895333562003 ] ] } },
{ "type": "Feature", "properties": { "OBJECTID": 1467, "StreetName1": "LOTBINIERE AVE", "StreetName2": "ROCKLAND AVE", "Intersection": "ROCKLAND AVE & LOTBINIERE AVE", "Jurisdiction": "COV", "POINT_X": 474581.67470000032, "POINT_Y": 5362994.4606 }, "geometry": { "type": "MultiPoint", "coordinates": [ [ -123.343559175133535, 48.419594140192842 ] ] } },
{ "type": "Feature", "properties": { "OBJECTID": 1468, "StreetName1": "JOAN CRES", "StreetName2": "ROCKLAND AVE", "Intersection": "ROCKLAND AVE & JOAN CRES", "Jurisdiction": "COV", "POINT_X": 474663.89520000014, "POINT_Y": 5363021.5714999996 }, "geometry": { "type": "MultiPoint", "coordinates": [ [ -123.342449574235914, 48.41984135218469 ] ] } },
{ "type": "Feature", "properties": { "OBJECTID": 1469, "StreetName1": "PEMBERTON RD", "StreetName2": "ROCKLAND AVE", "Intersection": "ROCKLAND AVE & PEMBERTON RD", "Jurisdiction": "COV", "POINT_X": 474859.45129999984, "POINT_Y": 5363034.1465000007 }, "geometry": { "type": "MultiPoint", "coordinates": [ [ -123.339807305039358, 48.419962316785799 ] ] } },
{ "type": "Feature", "properties": { "OBJECTID": 1470, "StreetName1": "PIERMONT PL", "StreetName2": "ROCKLAND AVE", "Intersection": "ROCKLAND AVE & PIERMONT PL", "Jurisdiction": "COV", "POINT_X": 475108.4019, "POINT_Y": 5363101.8455999997 }, "geometry": { "type": "MultiPoint", "coordinates": [ [ -123.336446642670495, 48.420581249842385 ] ] } },
{ "type": "Feature", "properties": { "OBJECTID": 1471, "StreetName1": "GONZALES AVE", "StreetName2": "ROCKLAND AVE", "Intersection": "ROCKLAND AVE & GONZALES AVE", "Jurisdiction": "COV", "POINT_X": 475132.30680000037, "POINT_Y": 5363110.8846000005 }, "geometry": { "type": "MultiPoint", "coordinates": [ [ -123.336124089149479, 48.420663512242342 ] ] } },
{ "type": "Feature", "properties": { "OBJECTID": 1472, "StreetName1": "DEREEN PL", "StreetName2": "ROCKLAND AVE", "Intersection": "ROCKLAND AVE & DEREEN PL", "Jurisdiction": "COV", "POINT_X": 475210.862, "POINT_Y": 5363164.9345999993 }, "geometry": { "type": "MultiPoint", "coordinates": [ [ -123.335065560508809, 48.421152862544588 ] ] } },
{ "type": "Feature", "properties": { "OBJECTID": 1473, "StreetName1": "PATLY PL", "StreetName2": "ROCKLAND AVE", "Intersection": "ROCKLAND AVE & PATLY PL", "Jurisdiction": "COV", "POINT_X": 475228.19859999977, "POINT_Y": 5363196.0463999994 }, "geometry": { "type": "MultiPoint", "coordinates": [ [ -123.334833081122682, 48.421433437899765 ] ] } },
{ "type": "Feature", "properties": { "OBJECTID": 1474, "StreetName1": "ALGOA PL", "StreetName2": "ROCKLAND AVE", "Intersection": "ROCKLAND AVE & ALGOA PL", "Jurisdiction": "COV", "POINT_X": 475247.57880000025, "POINT_Y": 5363230.8246 }, "geometry": { "type": "MultiPoint", "coordinates": [ [ -123.334573194500507, 48.421747077384026 ] ] } },
{ "type": "Feature", "properties": { "OBJECTID": 1475, "StreetName1": "OAK SHADE LANE", "StreetName2": "ROCKLAND AVE", "Intersection": "ROCKLAND AVE & OAK SHADE LANE", "Jurisdiction": "COV", "POINT_X": 475325.4626000002, "POINT_Y": 5363339.8823000006 }, "geometry": { "type": "MultiPoint", "coordinates": [ [ -123.333526940715615, 48.422731256771272 ] ] } },
{ "type": "Feature", "properties": { "OBJECTID": 1476, "StreetName1": "LYMAN DUFF LANE", "StreetName2": "ROCKLAND AVE", "Intersection": "ROCKLAND AVE & LYMAN DUFF LANE", "Jurisdiction": "COV", "POINT_X": 475362.43159999978, "POINT_Y": 5363359.5269000009 }, "geometry": { "type": "MultiPoint", "coordinates": [ [ -123.333028414895111, 48.422909434068728 ] ] } },
{ "type": "Feature", "properties": { "OBJECTID": 1477, "StreetName1": "CYRIL CLOSE", "StreetName2": "ROCKLAND AVE", "Intersection": "ROCKLAND AVE & CYRIL CLOSE", "Jurisdiction": "COV", "POINT_X": 475393.55819999985, "POINT_Y": 5363547.3201000001 }, "geometry": { "type": "MultiPoint", "coordinates": [ [ -123.33261872327499, 48.42460010790365 ] ] } },
{ "type": "Feature", "properties": { "OBJECTID": 1478, "StreetName1": "GREEN OAKS TERR", "StreetName2": "ROCKLAND AVE", "Intersection": "ROCKLAND AVE & GREEN OAKS TERR", "Jurisdiction": "COV", "POINT_X": 475393.737, "POINT_Y": 5363504.97 }, "geometry": { "type": "MultiPoint", "coordinates": [ [ -123.332613820536068, 48.424219117783743 ] ] } },
{ "type": "Feature", "properties": { "OBJECTID": 1479, "StreetName1": "OAK BAY AVE", "StreetName2": "ROCKLAND AVE", "Intersection": "ROCKLAND AVE & OAK BAY AVE", "Jurisdiction": "COV", "POINT_X": 475413.78639999963, "POINT_Y": 5363755.7069000006 }, "geometry": { "type": "MultiPoint", "coordinates": [ [ -123.332357527982012, 48.426475622017854 ] ] } },
{ "type": "Feature", "properties": { "OBJECTID": 1480, "StreetName1": "ROCKLAND AVE", "StreetName2": "ROCKLAND PL", "Intersection": "ROCKLAND PL & ROCKLAND AVE", "Jurisdiction": "COV", "POINT_X": 474897.49419999961, "POINT_Y": 5363032.6039000005 }, "geometry": { "type": "MultiPoint", "coordinates": [ [ -123.339293045570059, 48.419949956187445 ] ] } },
{ "type": "Feature", "properties": { "OBJECTID": 1481, "StreetName1": "FOUL BAY RD", "StreetName2": "ROMNEY RD", "Intersection": "ROMNEY RD & FOUL BAY RD", "Jurisdiction": "COV", "POINT_X": 475961.03980000038, "POINT_Y": 5362857.8215999994 }, "geometry": { "type": "MultiPoint", "coordinates": [ [ -123.324908709072176, 48.418419033251254 ] ] } },
{ "type": "Feature", "properties": { "OBJECTID": 1482, "StreetName1": "BAY ST", "StreetName2": "ROSEBERRY AVE", "Intersection": "ROSEBERRY AVE & BAY ST", "Jurisdiction": "COV", "POINT_X": 474581.00540000014, "POINT_Y": 5364645.3997000009 }, "geometry": { "type": "MultiPoint", "coordinates": [ [ -123.343668346244456, 48.43444654607265 ] ] } },
{ "type": "Feature", "properties": { "OBJECTID": 1483, "StreetName1": "HAULTAIN ST", "StreetName2": "ROSEBERRY AVE", "Intersection": "ROSEBERRY AVE & HAULTAIN ST", "Jurisdiction": "COV", "POINT_X": 474585.84140000027, "POINT_Y": 5364841.109 }, "geometry": { "type": "MultiPoint", "coordinates": [ [ -123.343614839367334, 48.436207408930599 ] ] } },
{ "type": "Feature", "properties": { "OBJECTID": 1484, "StreetName1": "KINGS RD", "StreetName2": "ROSEBERRY AVE", "Intersection": "ROSEBERRY AVE & KINGS RD", "Jurisdiction": "COV", "POINT_X": 474590.8427, "POINT_Y": 5365058.8923000004 }, "geometry": { "type": "MultiPoint", "coordinates": [ [ -123.343560433245713, 48.438166863044316 ] ] } },
{ "type": "Feature", "properties": { "OBJECTID": 1485, "StreetName1": "HILLSIDE AVE", "StreetName2": "ROSS LANE", "Intersection": "ROSS LANE & HILLSIDE AVE", "Jurisdiction": "COV", "POINT_X": 472999.51020000037, "POINT_Y": 5365122.1541000009 }, "geometry": { "type": "MultiPoint", "coordinates": [ [ -123.365079729825212, 48.438669743096973 ] ] } },
{ "type": "Feature", "properties": { "OBJECTID": 1486, "StreetName1": "HILL ST", "StreetName2": "ROSS LANE", "Intersection": "ROSS LANE & HILL ST", "Jurisdiction": "COV", "POINT_X": 473040.26570000034, "POINT_Y": 5365011.0669 }, "geometry": { "type": "MultiPoint", "coordinates": [ [ -123.364521550100974, 48.437672114272871 ] ] } },
{ "type": "Feature", "properties": { "OBJECTID": 1487, "StreetName1": "KINGS RD", "StreetName2": "ROSS LANE", "Intersection": "ROSS LANE & KINGS RD", "Jurisdiction": "COV", "POINT_X": 473076.63879999984, "POINT_Y": 5364916.0194000006 }, "geometry": { "type": "MultiPoint", "coordinates": [ [ -123.36402367261212, 48.43681859336769 ] ] } },
{ "type": "Feature", "properties": { "OBJECTID": 1488, "StreetName1": "PASSMORE ST", "StreetName2": "ROSS ST", "Intersection": "ROSS ST & PASSMORE ST", "Jurisdiction": "COV", "POINT_X": 475203.16019999981, "POINT_Y": 5362019.0228000004 }, "geometry": { "type": "MultiPoint", "coordinates": [ [ -123.335101901455431, 48.410843502069646 ] ] } },
{ "type": "Feature", "properties": { "OBJECTID": 1489, "StreetName1": "BEECHWOOD AVE", "StreetName2": "ROSS ST", "Intersection": "ROSS ST & BEECHWOOD AVE", "Jurisdiction": "COV", "POINT_X": 475371.96349999961, "POINT_Y": 5362020.5750999991 }, "geometry": { "type": "MultiPoint", "coordinates": [ [ -123.33282094565098, 48.410864087532254 ] ] } },
{ "type": "Feature", "properties": { "OBJECTID": 1490, "StreetName1": "CRESCENT RD", "StreetName2": "ROSS ST", "Intersection": "ROSS ST & CRESCENT RD", "Jurisdiction": "COV", "POINT_X": 475463.41330000013, "POINT_Y": 5362049.1469000001 }, "geometry": { "type": "MultiPoint", "coordinates": [ [ -123.331586850707922, 48.411124698328187 ] ] } },
{ "type": "Feature", "properties": { "OBJECTID": 1491, "StreetName1": "ESQUIMALT RD", "StreetName2": "ROTHWELL ST", "Intersection": "ROTHWELL ST & ESQUIMALT RD", "Jurisdiction": "COV", "POINT_X": 470885.57359999977, "POINT_Y": 5364335.9615000002 }, "geometry": { "type": "MultiPoint", "coordinates": [ [ -123.39360624646369, 48.431502705386976 ] ] } },
{ "type": "Feature", "properties": { "OBJECTID": 1492, "StreetName1": "ROCKLAND AVE", "StreetName2": "ROYAL TERR", "Intersection": "ROYAL TERR & ROCKLAND AVE", "Jurisdiction": "COV", "POINT_X": 474489.6897, "POINT_Y": 5363015.2443000004 }, "geometry": { "type": "MultiPoint", "coordinates": [ [ -123.344803649148076, 48.419777399445792 ] ] } },
{ "type": "Feature", "properties": { "OBJECTID": 1493, "StreetName1": "MANOR RD", "StreetName2": "ROYAL TERR", "Intersection": "ROYAL TERR & MANOR RD", "Jurisdiction": "COV", "POINT_X": 474509.24519999977, "POINT_Y": 5363125.0222999994 }, "geometry": { "type": "MultiPoint", "coordinates": [ [ -123.344546022851318, 48.420765793943843 ] ] } },
{ "type": "Feature", "properties": { "OBJECTID": 1494, "StreetName1": "CRAIGDARROCH RD", "StreetName2": "ROYAL TERR", "Intersection": "ROYAL TERR & CRAIGDARROCH RD", "Jurisdiction": "COV", "POINT_X": 474524.78330000024, "POINT_Y": 5363216.8543999996 }, "geometry": { "type": "MultiPoint", "coordinates": [ [ -123.344341595073459, 48.421592577435 ] ] } },
{ "type": "Feature", "properties": { "OBJECTID": 1495, "StreetName1": "CHAMBERS ST", "StreetName2": "RUDLIN ST", "Intersection": "RUDLIN ST & CHAMBERS ST", "Jurisdiction": "COV", "POINT_X": 474070.24490000028, "POINT_Y": 5363753.3664999995 }, "geometry": { "type": "MultiPoint", "coordinates": [ [ -123.350518265053282, 48.426400681516085 ] ] } },
{ "type": "Feature", "properties": { "OBJECTID": 1496, "StreetName1": "CAMOSUN ST", "StreetName2": "RUDLIN ST", "Intersection": "RUDLIN ST & CAMOSUN ST", "Jurisdiction": "COV", "POINT_X": 474308.7304999996, "POINT_Y": 5363733.0384 }, "geometry": { "type": "MultiPoint", "coordinates": [ [ -123.347293373380722, 48.426227576935958 ] ] } },
{ "type": "Feature", "properties": { "OBJECTID": 1497, "StreetName1": "FERNWOOD RD", "StreetName2": "RUDLIN ST", "Intersection": "RUDLIN ST & FERNWOOD RD", "Jurisdiction": "COV", "POINT_X": 474448.04619999975, "POINT_Y": 5363721.3221000005 }, "geometry": { "type": "MultiPoint", "coordinates": [ [ -123.345409513856595, 48.426127840887574 ] ] } },
{ "type": "Feature", "properties": { "OBJECTID": 1498, "StreetName1": "COWICHAN ST", "StreetName2": "RUNNYMEDE AVE", "Intersection": "RUNNYMEDE AVE & COWICHAN ST", "Jurisdiction": "COV", "POINT_X": 475917.24749999959, "POINT_Y": 5363042.7413 }, "geometry": { "type": "MultiPoint", "coordinates": [ [ -123.32551118574375, 48.420080969033847 ] ] } },
{ "type": "Feature", "properties": { "OBJECTID": 1499, "StreetName1": "FOUL BAY RD", "StreetName2": "RUNNYMEDE AVE", "Intersection": "RUNNYMEDE AVE & FOUL BAY RD", "Jurisdiction": "COV", "POINT_X": 476029.56940000039, "POINT_Y": 5362941.9387999997 }, "geometry": { "type": "MultiPoint", "coordinates": [ [ -123.323987335558385, 48.419178395387277 ] ] } },
{ "type": "Feature", "properties": { "OBJECTID": 1500, "StreetName1": "FAIRFIELD RD", "StreetName2": "RUPERT TERR", "Intersection": "RUPERT TERR & FAIRFIELD RD", "Jurisdiction": "COV", "POINT_X": 473171.80730000045, "POINT_Y": 5363145.0275999997 }, "geometry": { "type": "MultiPoint", "coordinates": [ [ -123.362623633065184, 48.420890224554924 ] ] } },
{ "type": "Feature", "properties": { "OBJECTID": 1501, "StreetName1": "QUADRA ST", "StreetName2": "RUPERT TERR", "Intersection": "RUPERT TERR & QUADRA ST", "Jurisdiction": "COV", "POINT_X": 473327.43620000035, "POINT_Y": 5363197.4708999991 }, "geometry": { "type": "MultiPoint", "coordinates": [ [ -123.360523540511295, 48.421368632000181 ] ] } },
{ "type": "Feature", "properties": { "OBJECTID": 1502, "StreetName1": "LANGFORD ST", "StreetName2": "RUSSELL ST", "Intersection": "RUSSELL ST & LANGFORD ST", "Jurisdiction": "COV", "POINT_X": 471356.85670000035, "POINT_Y": 5364722.834000001 }, "geometry": { "type": "MultiPoint", "coordinates": [ [ -123.387261681149724, 48.435004741767123 ] ] } },
{ "type": "Feature", "properties": { "OBJECTID": 1503, "StreetName1": "RAYNOR AVE", "StreetName2": "RUSSELL ST", "Intersection": "RUSSELL ST & RAYNOR AVE", "Jurisdiction": "COV", "POINT_X": 471357.45689999964, "POINT_Y": 5364889.9484000001 }, "geometry": { "type": "MultiPoint", "coordinates": [ [ -123.387264992578167, 48.436508179798359 ] ] } },
{ "type": "Feature", "properties": { "OBJECTID": 1504, "StreetName1": "FRONT ST", "StreetName2": "RUSSELL ST", "Intersection": "RUSSELL ST & FRONT ST", "Jurisdiction": "COV", "POINT_X": 471358.57469999976, "POINT_Y": 5364687.7177000009 }, "geometry": { "type": "MultiPoint", "coordinates": [ [ -123.387236054148559, 48.434688903221463 ] ] } },
{ "type": "Feature", "properties": { "OBJECTID": 1505, "StreetName1": "EDWARD ST", "StreetName2": "RUSSELL ST", "Intersection": "RUSSELL ST & EDWARD ST", "Jurisdiction": "COV", "POINT_X": 471359.66050000023, "POINT_Y": 5364588.0684999991 }, "geometry": { "type": "MultiPoint", "coordinates": [ [ -123.387214562891728, 48.43379247860544 ] ] } },
{ "type": "Feature", "properties": { "OBJECTID": 1506, "StreetName1": "HENRY ST", "StreetName2": "RUSSELL ST", "Intersection": "RUSSELL ST & HENRY ST", "Jurisdiction": "COV", "POINT_X": 471361.1043999996, "POINT_Y": 5364406.5962000005 }, "geometry": { "type": "MultiPoint", "coordinates": [ [ -123.387182638782789, 48.432159964825949 ] ] } },
{ "type": "Feature", "properties": { "OBJECTID": 1507, "StreetName1": "MILNE ST", "StreetName2": "RUSSELL ST", "Intersection": "RUSSELL ST & MILNE ST", "Jurisdiction": "COV", "POINT_X": 471361.52919999976, "POINT_Y": 5363989.3820999991 }, "geometry": { "type": "MultiPoint", "coordinates": [ [ -123.387148383381572, 48.428406598686173 ] ] } },
{ "type": "Feature", "properties": { "OBJECTID": 1508, "StreetName1": "CRAIGFLOWER RD", "StreetName2": "RUSSELL ST", "Intersection": "RUSSELL ST & CRAIGFLOWER RD", "Jurisdiction": "COV", "POINT_X": 471361.64659999963, "POINT_Y": 5364794.2352000009 }, "geometry": { "type": "MultiPoint", "coordinates": [ [ -123.387201805638199, 48.435647306101046 ] ] } },
{ "type": "Feature", "properties": { "OBJECTID": 1509, "StreetName1": "DUNDAS ST", "StreetName2": "RUSSELL ST", "Intersection": "RUSSELL ST & DUNDAS ST", "Jurisdiction": "COV", "POINT_X": 471361.66210000031, "POINT_Y": 5364308.4682999998 }, "geometry": { "type": "MultiPoint", "coordinates": [ [ -123.387168392827078, 48.431277201857768 ] ] } },
{ "type": "Feature", "properties": { "OBJECTID": 1510, "StreetName1": "ESQUIMALT RD", "StreetName2": "RUSSELL ST", "Intersection": "RUSSELL ST & ESQUIMALT RD", "Jurisdiction": "COV", "POINT_X": 471362.0887000002, "POINT_Y": 5364216.2993000001 }, "geometry": { "type": "MultiPoint", "coordinates": [ [ -123.387156326916354, 48.430448040871333 ] ] } },
{ "type": "Feature", "properties": { "OBJECTID": 1511, "StreetName1": "REED ST", "StreetName2": "RUTLEDGE ST", "Intersection": "RUTLEDGE ST & REED ST", "Jurisdiction": "COV", "POINT_X": 473015.02550000045, "POINT_Y": 5366015.2150999997 }, "geometry": { "type": "MultiPoint", "coordinates": [ [ -123.364927504857235, 48.446704660998286 ] ] } },
{ "type": "Feature", "properties": { "OBJECTID": 1512, "StreetName1": "FINLAYSON ST", "StreetName2": "RUTLEDGE ST", "Intersection": "RUTLEDGE ST & FINLAYSON ST", "Jurisdiction": "COV", "POINT_X": 473032.68460000027, "POINT_Y": 5365916.9246999994 }, "geometry": { "type": "MultiPoint", "coordinates": [ [ -123.364682378641348, 48.445821167696216 ] ] } },
{ "type": "Feature", "properties": { "OBJECTID": 1513, "StreetName1": "MT STEPHEN AVE", "StreetName2": "RYAN ST", "Intersection": "RYAN ST & MT STEPHEN AVE", "Jurisdiction": "COV", "POINT_X": 474283.633, "POINT_Y": 5365293.9201999996 }, "geometry": { "type": "MultiPoint", "coordinates": [ [ -123.347728422498832, 48.440268776823665 ] ] } },
{ "type": "Feature", "properties": { "OBJECTID": 1514, "StreetName1": "CEDAR HILL RD", "StreetName2": "RYAN ST", "Intersection": "RYAN ST & CEDAR HILL RD", "Jurisdiction": "COV", "POINT_X": 474501.36830000021, "POINT_Y": 5365278.8057000004 }, "geometry": { "type": "MultiPoint", "coordinates": [ [ -123.344783539719842, 48.440141659584114 ] ] } },
{ "type": "Feature", "properties": { "OBJECTID": 1515, "StreetName1": "CEDAR HILL RD", "StreetName2": "RYAN ST", "Intersection": "RYAN ST & CEDAR HILL RD", "Jurisdiction": "COV", "POINT_X": 474509.09619999956, "POINT_Y": 5365294.3697999995 }, "geometry": { "type": "MultiPoint", "coordinates": [ [ -123.344679999605788, 48.440281992400287 ] ] } },
{ "type": "Feature", "properties": { "OBJECTID": 1516, "StreetName1": "IVY PL", "StreetName2": "RYAN ST", "Intersection": "RYAN ST & IVY PL", "Jurisdiction": "COV", "POINT_X": 474544.05240000039, "POINT_Y": 5365277.8476999998 }, "geometry": { "type": "MultiPoint", "coordinates": [ [ -123.344206358287011, 48.4401347687186 ] ] } },
{ "type": "Feature", "properties": { "OBJECTID": 1517, "StreetName1": "ROSEBERRY AVE", "StreetName2": "RYAN ST", "Intersection": "RYAN ST & ROSEBERRY AVE", "Jurisdiction": "COV", "POINT_X": 474595.82739999983, "POINT_Y": 5365276.6856999993 }, "geometry": { "type": "MultiPoint", "coordinates": [ [ -123.343506248397631, 48.440126406665783 ] ] } },
{ "type": "Feature", "properties": { "OBJECTID": 1518, "StreetName1": "AVEBURY AVE", "StreetName2": "RYAN ST", "Intersection": "RYAN ST & AVEBURY AVE", "Jurisdiction": "COV", "POINT_X": 474694.4358000001, "POINT_Y": 5365274.4699000008 }, "geometry": { "type": "MultiPoint", "coordinates": [ [ -123.342172850139917, 48.440110444542633 ] ] } },
{ "type": "Feature", "properties": { "OBJECTID": 1519, "StreetName1": "ASQUITH ST", "StreetName2": "RYAN ST", "Intersection": "RYAN ST & ASQUITH ST", "Jurisdiction": "COV", "POINT_X": 474792.97840000037, "POINT_Y": 5365272.2555 }, "geometry": { "type": "MultiPoint", "coordinates": [ [ -123.340840342388802, 48.440094476927605 ] ] } },
{ "type": "Feature", "properties": { "OBJECTID": 1520, "StreetName1": "BELMONT AVE", "StreetName2": "RYAN ST", "Intersection": "RYAN ST & BELMONT AVE", "Jurisdiction": "COV", "POINT_X": 474903.61475000007, "POINT_Y": 5365269.7634999994 }, "geometry": { "type": "MultiPoint", "coordinates": [ [ -123.339663602314161, 48.440080363434895 ], [ -123.339025001117136, 48.440072593248971 ] ] } },
{ "type": "Feature", "properties": { "OBJECTID": 1521, "StreetName1": "FORBES ST", "StreetName2": "RYAN ST", "Intersection": "RYAN ST & FORBES ST", "Jurisdiction": "COV", "POINT_X": 474971.10589999985, "POINT_Y": 5365268.23 }, "geometry": { "type": "MultiPoint", "coordinates": [ [ -123.338431676294434, 48.440065370113821 ] ] } },
{ "type": "Feature", "properties": { "OBJECTID": 1522, "StreetName1": "LIONEL ST", "StreetName2": "RYAN ST", "Intersection": "RYAN ST & LIONEL ST", "Jurisdiction": "COV", "POINT_X": 475044.98089999985, "POINT_Y": 5365266.5856 }, "geometry": { "type": "MultiPoint", "coordinates": [ [ -123.337432729970899, 48.440053509629053 ] ] } },
{ "type": "Feature", "properties": { "OBJECTID": 1523, "StreetName1": "KIMTA RD", "StreetName2": "SAGHALIE RD", "Intersection": "SAGHALIE RD & KIMTA RD", "Jurisdiction": "COV", "POINT_X": 471755.28050000034, "POINT_Y": 5364014.0210999995 }, "geometry": { "type": "MultiPoint", "coordinates": [ [ -123.381827459771927, 48.428646042681557 ] ] } },
{ "type": "Feature", "properties": { "OBJECTID": 1524, "StreetName1": "DALLAS RD", "StreetName2": "SAN JOSE AVE", "Intersection": "SAN JOSE AVE & DALLAS RD", "Jurisdiction": "COV", "POINT_X": 471782.49280000012, "POINT_Y": 5362362.9750999995 }, "geometry": { "type": "MultiPoint", "coordinates": [ [ -123.381348492204793, 48.413793915057497 ] ] } },
{ "type": "Feature", "properties": { "OBJECTID": 1525, "StreetName1": "NIAGARA ST", "StreetName2": "SAN JOSE AVE", "Intersection": "SAN JOSE AVE & NIAGARA ST", "Jurisdiction": "COV", "POINT_X": 471928.4309, "POINT_Y": 5362566.8466999996 }, "geometry": { "type": "MultiPoint", "coordinates": [ [ -123.379389964977989, 48.415634532029905 ] ] } },
{ "type": "Feature", "properties": { "OBJECTID": 1526, "StreetName1": "PEMBROKE ST", "StreetName2": "SAYWARD ST", "Intersection": "SAYWARD ST & PEMBROKE ST", "Jurisdiction": "COV", "POINT_X": 474545.4858, "POINT_Y": 5364301.4967999998 }, "geometry": { "type": "MultiPoint", "coordinates": [ [ -123.344127653310579, 48.43135124205412 ] ] } },
{ "type": "Feature", "properties": { "OBJECTID": 1527, "StreetName1": "DENMAN ST", "StreetName2": "SAYWARD ST", "Intersection": "SAYWARD ST & DENMAN ST", "Jurisdiction": "COV", "POINT_X": 474551.00970000029, "POINT_Y": 5364460.9883999992 }, "geometry": { "type": "MultiPoint", "coordinates": [ [ -123.344062665492871, 48.432786306931412 ] ] } },
{ "type": "Feature", "properties": { "OBJECTID": 1528, "StreetName1": "BAY ST", "StreetName2": "SCOTT ST", "Intersection": "SCOTT ST & BAY ST", "Jurisdiction": "COV", "POINT_X": 475216.22350000031, "POINT_Y": 5364594.3418000005 }, "geometry": { "type": "MultiPoint", "coordinates": [ [ -123.335077621937501, 48.434012537136766 ] ] } },
{ "type": "Feature", "properties": { "OBJECTID": 1529, "StreetName1": "HAULTAIN ST", "StreetName2": "SCOTT ST", "Intersection": "SCOTT ST & HAULTAIN ST", "Jurisdiction": "COV", "POINT_X": 475221.99490000028, "POINT_Y": 5364826.4943000004 }, "geometry": { "type": "MultiPoint", "coordinates": [ [ -123.335013327774547, 48.436101289344073 ] ] } },
{ "type": "Feature", "properties": { "OBJECTID": 1530, "StreetName1": "KINGS RD", "StreetName2": "SCOTT ST", "Intersection": "SCOTT ST & KINGS RD", "Jurisdiction": "COV", "POINT_X": 475226.94429999962, "POINT_Y": 5365044.3899000008 }, "geometry": { "type": "MultiPoint", "coordinates": [ [ -123.334959299281039, 48.438061748430897 ] ] } },
{ "type": "Feature", "properties": { "OBJECTID": 1531, "StreetName1": "RYAN ST", "StreetName2": "SCOTT ST", "Intersection": "SCOTT ST & RYAN ST", "Jurisdiction": "COV", "POINT_X": 475231.9364, "POINT_Y": 5365262.3882 }, "geometry": { "type": "MultiPoint", "coordinates": [ [ -123.33490469575645, 48.440023132436195 ] ] } },
{ "type": "Feature", "properties": { "OBJECTID": 1532, "StreetName1": "PEARL ST", "StreetName2": "SCOTT ST", "Intersection": "SCOTT ST & PEARL ST", "Jurisdiction": "COV", "POINT_X": 475238.01240000036, "POINT_Y": 5365483.7413999997 }, "geometry": { "type": "MultiPoint", "coordinates": [ [ -123.334835631048321, 48.44201474021407 ] ] } },
{ "type": "Feature", "properties": { "OBJECTID": 1533, "StreetName1": "MYRTLE AVE", "StreetName2": "SCOTT ST", "Intersection": "SCOTT ST & MYRTLE AVE", "Jurisdiction": "COV", "POINT_X": 475243.2257000003, "POINT_Y": 5365674.1591999996 }, "geometry": { "type": "MultiPoint", "coordinates": [ [ -123.334776397670652, 48.443728008086261 ] ] } },
{ "type": "Feature", "properties": { "OBJECTID": 1534, "StreetName1": "HILLSIDE AVE", "StreetName2": "SCOTT ST", "Intersection": "SCOTT ST & HILLSIDE AVE", "Jurisdiction": "COV", "POINT_X": 475247.02880000044, "POINT_Y": 5365829.0832000002 }, "geometry": { "type": "MultiPoint", "coordinates": [ [ -123.33473413133683, 48.445121905890666 ] ] } },
{ "type": "Feature", "properties": { "OBJECTID": 1535, "StreetName1": "MAITLAND ST", "StreetName2": "SEAFORTH ST", "Intersection": "SEAFORTH ST & MAITLAND ST", "Jurisdiction": "COV", "POINT_X": 471122.74610000011, "POINT_Y": 5364118.536 }, "geometry": { "type": "MultiPoint", "coordinates": [ [ -123.390385061715136, 48.429557601858413 ] ] } },
{ "type": "Feature", "properties": { "OBJECTID": 1536, "StreetName1": "ROBERT ST", "StreetName2": "SEAFORTH ST", "Intersection": "SEAFORTH ST & ROBERT ST", "Jurisdiction": "COV", "POINT_X": 471237.59329999983, "POINT_Y": 5364117.4486999996 }, "geometry": { "type": "MultiPoint", "coordinates": [ [ -123.388832491273845, 48.429553076450688 ] ] } },
{ "type": "Feature", "properties": { "OBJECTID": 1537, "StreetName1": "ARM ST", "StreetName2": "SELKIRK AVE", "Intersection": "SELKIRK AVE & ARM ST", "Jurisdiction": "COV", "POINT_X": 470919.6903, "POINT_Y": 5365420.9427000005 }, "geometry": { "type": "MultiPoint", "coordinates": [ [ -123.393220359508703, 48.441265086802915 ] ] } },
{ "type": "Feature", "properties": { "OBJECTID": 1538, "StreetName1": "BURLEITH CRES", "StreetName2": "SELKIRK AVE", "Intersection": "SELKIRK AVE & BURLEITH CRES", "Jurisdiction": "COV", "POINT_X": 471033.4289, "POINT_Y": 5365376.9735000003 }, "geometry": { "type": "MultiPoint", "coordinates": [ [ -123.392035575552526, 48.440959344662815 ], [ -123.391323337213905, 48.440790197960247 ] ] } },
{ "type": "Feature", "properties": { "OBJECTID": 1539, "StreetName1": "COVENTRY AVE", "StreetName2": "SELKIRK AVE", "Intersection": "SELKIRK AVE & COVENTRY AVE", "Jurisdiction": "COV", "POINT_X": 471161.33270000014, "POINT_Y": 5365264.6962000001 }, "geometry": { "type": "MultiPoint", "coordinates": [ [ -123.389942347031877, 48.439870566077182 ] ] } },
{ "type": "Feature", "properties": { "OBJECTID": 1540, "StreetName1": "BURTON AVE", "StreetName2": "SHAKESPEARE ST", "Intersection": "SHAKESPEARE ST & BURTON AVE", "Jurisdiction": "COV", "POINT_X": 474998.25719999988, "POINT_Y": 5366120.0006000008 }, "geometry": { "type": "MultiPoint", "coordinates": [ [ -123.338115426059744, 48.447729260944364 ] ] } },
{ "type": "Feature", "properties": { "OBJECTID": 1541, "StreetName1": "OAKLAND AVE", "StreetName2": "SHAKESPEARE ST", "Intersection": "SHAKESPEARE ST & OAKLAND AVE", "Jurisdiction": "COV", "POINT_X": 475042.78579999972, "POINT_Y": 5366033.9807999991 }, "geometry": { "type": "MultiPoint", "coordinates": [ [ -123.337508145821445, 48.44695716614379 ] ] } },
{ "type": "Feature", "properties": { "OBJECTID": 1542, "StreetName1": "EDGEWARE RD", "StreetName2": "SHAKESPEARE ST", "Intersection": "SHAKESPEARE ST & EDGEWARE RD", "Jurisdiction": "COV", "POINT_X": 475084.83260000031, "POINT_Y": 5365948.7223000005 }, "geometry": { "type": "MultiPoint", "coordinates": [ [ -123.336934489271059, 48.446191818649091 ] ] } },
{ "type": "Feature", "properties": { "OBJECTID": 1543, "StreetName1": "HAULTAIN ST", "StreetName2": "SHAKESPEARE ST", "Intersection": "SHAKESPEARE ST & HAULTAIN ST", "Jurisdiction": "COV", "POINT_X": 475134.81180000026, "POINT_Y": 5364828.4973000009 }, "geometry": { "type": "MultiPoint", "coordinates": [ [ -123.33619213953429, 48.436115871623443 ] ] } },
{ "type": "Feature", "properties": { "OBJECTID": 1544, "StreetName1": "BAY ST", "StreetName2": "SHAKESPEARE ST", "Intersection": "SHAKESPEARE ST & BAY ST", "Jurisdiction": "COV", "POINT_X": 475153.44949999958, "POINT_Y": 5364599.1997499987 }, "geometry": { "type": "MultiPoint", "coordinates": [ [ -123.33625993840586, 48.434069955334955 ], [ -123.335593188686772, 48.434037577224579 ] ] } },
{ "type": "Feature", "properties": { "OBJECTID": 1545, "StreetName1": "BEGBIE ST", "StreetName2": "SHAKESPEARE ST", "Intersection": "SHAKESPEARE ST & BEGBIE ST", "Jurisdiction": "COV", "POINT_X": 475154.49990000017, "POINT_Y": 5364085.1929000001 }, "geometry": { "type": "MultiPoint", "coordinates": [ [ -123.33588188507477, 48.42942962065036 ] ] } },
{ "type": "Feature", "properties": { "OBJECTID": 1546, "StreetName1": "GLADSTONE AVE", "StreetName2": "SHAKESPEARE ST", "Intersection": "SHAKESPEARE ST & GLADSTONE AVE", "Jurisdiction": "COV", "POINT_X": 475159.3289000001, "POINT_Y": 5364175.9477999993 }, "geometry": { "type": "MultiPoint", "coordinates": [ [ -123.335821986459052, 48.430246274648489 ] ] } },
{ "type": "Feature", "properties": { "OBJECTID": 1547, "StreetName1": "RYAN ST", "StreetName2": "SHAKESPEARE ST", "Intersection": "SHAKESPEARE ST & RYAN ST", "Jurisdiction": "COV", "POINT_X": 475160.40139999986, "POINT_Y": 5365263.9847999997 }, "geometry": { "type": "MultiPoint", "coordinates": [ [ -123.335871999539918, 48.440034677187256 ] ] } },
{ "type": "Feature", "properties": { "OBJECTID": 1548, "StreetName1": "LIONEL ST", "StreetName2": "SHAKESPEARE ST", "Intersection": "SHAKESPEARE ST & LIONEL ST", "Jurisdiction": "COV", "POINT_X": 475161.81670000032, "POINT_Y": 5365317.4057999998 }, "geometry": { "type": "MultiPoint", "coordinates": [ [ -123.33585603169449, 48.44051532654661 ] ] } },
{ "type": "Feature", "properties": { "OBJECTID": 1549, "StreetName1": "MORLEY ST", "StreetName2": "SHAKESPEARE ST", "Intersection": "SHAKESPEARE ST & MORLEY ST", "Jurisdiction": "COV", "POINT_X": 475164.07519999985, "POINT_Y": 5365399.6382 }, "geometry": { "type": "MultiPoint", "coordinates": [ [ -123.3358303712088, 48.441255206264493 ] ] } },
{ "type": "Feature", "properties": { "OBJECTID": 1550, "StreetName1": "PEMBROKE ST", "StreetName2": "SHAKESPEARE ST", "Intersection": "SHAKESPEARE ST & PEMBROKE ST", "Jurisdiction": "COV", "POINT_X": 475164.68379999977, "POINT_Y": 5364276.585000001 }, "geometry": { "type": "MultiPoint", "coordinates": [ [ -123.335755562369002, 48.431151853926472 ] ] } },
{ "type": "Feature", "properties": { "OBJECTID": 1551, "StreetName1": "PEARL ST", "StreetName2": "SHAKESPEARE ST", "Intersection": "SHAKESPEARE ST & PEARL ST", "Jurisdiction": "COV", "POINT_X": 475166.369, "POINT_Y": 5365485.2577 }, "geometry": { "type": "MultiPoint", "coordinates": [ [ -123.335804433584997, 48.44202555877186 ] ] } },
{ "type": "Feature", "properties": { "OBJECTID": 1552, "StreetName1": "MYRTLE AVE", "StreetName2": "SHAKESPEARE ST", "Intersection": "SHAKESPEARE ST & MYRTLE AVE", "Jurisdiction": "COV", "POINT_X": 475171.3092, "POINT_Y": 5365675.8875999991 }, "geometry": { "type": "MultiPoint", "coordinates": [ [ -123.335748938152562, 48.443740724413722 ] ] } },
{ "type": "Feature", "properties": { "OBJECTID": 1553, "StreetName1": "DENMAN ST", "StreetName2": "SHAKESPEARE ST", "Intersection": "SHAKESPEARE ST & DENMAN ST", "Jurisdiction": "COV", "POINT_X": 475171.4424000001, "POINT_Y": 5364436.7412 }, "geometry": { "type": "MultiPoint", "coordinates": [ [ -123.335673686705974, 48.432592942331681 ] ] } },
{ "type": "Feature", "properties": { "OBJECTID": 1554, "StreetName1": "HILLSIDE AVE", "StreetName2": "SHAKESPEARE ST", "Intersection": "SHAKESPEARE ST & HILLSIDE AVE", "Jurisdiction": "COV", "POINT_X": 475172.92569999956, "POINT_Y": 5365785.8728999998 }, "geometry": { "type": "MultiPoint", "coordinates": [ [ -123.335733601364453, 48.444730252729236 ] ] } },
{ "type": "Feature", "properties": { "OBJECTID": 1555, "StreetName1": "BAY ST", "StreetName2": "SHELBOURNE ST", "Intersection": "SHELBOURNE ST & BAY ST", "Jurisdiction": "COV", "POINT_X": 475319.53870000038, "POINT_Y": 5364587.4638 }, "geometry": { "type": "MultiPoint", "coordinates": [ [ -123.333680479072171, 48.433954718695631 ] ] } },
{ "type": "Feature", "properties": { "OBJECTID": 1556, "StreetName1": "ALBERT AVE", "StreetName2": "SHELBOURNE ST", "Intersection": "SHELBOURNE ST & ALBERT AVE", "Jurisdiction": "COV", "POINT_X": 475322.6431, "POINT_Y": 5364503.3902000003 }, "geometry": { "type": "MultiPoint", "coordinates": [ [ -123.333633558280653, 48.433198484584125 ] ] } },
{ "type": "Feature", "properties": { "OBJECTID": 1557, "StreetName1": "HAULTAIN ST", "StreetName2": "SHELBOURNE ST", "Intersection": "SHELBOURNE ST & HAULTAIN ST", "Jurisdiction": "COV", "POINT_X": 475325.70249999966, "POINT_Y": 5364820.3003000002 }, "geometry": { "type": "MultiPoint", "coordinates": [ [ -123.33361086284124, 48.436049639156622 ] ] } },
{ "type": "Feature", "properties": { "OBJECTID": 1558, "StreetName1": "KINGS RD", "StreetName2": "SHELBOURNE ST", "Intersection": "SHELBOURNE ST & KINGS RD", "Jurisdiction": "COV", "POINT_X": 475330.746, "POINT_Y": 5365040.2813000008 }, "geometry": { "type": "MultiPoint", "coordinates": [ [ -123.33355563098948, 48.438028862393871 ] ] } },
{ "type": "Feature", "properties": { "OBJECTID": 1559, "StreetName1": "RYAN ST", "StreetName2": "SHELBOURNE ST", "Intersection": "SHELBOURNE ST & RYAN ST", "Jurisdiction": "COV", "POINT_X": 475335.77969999984, "POINT_Y": 5365259.829 }, "geometry": { "type": "MultiPoint", "coordinates": [ [ -123.333500502230535, 48.440004186431864 ] ] } },
{ "type": "Feature", "properties": { "OBJECTID": 1560, "StreetName1": "BEGBIE ST", "StreetName2": "SHELBOURNE ST", "Intersection": "SHELBOURNE ST & BEGBIE ST", "Jurisdiction": "COV", "POINT_X": 475341.2363, "POINT_Y": 5364193.9736000001 }, "geometry": { "type": "MultiPoint", "coordinates": [ [ -123.333363988403136, 48.430415591115036 ] ] } },
{ "type": "Feature", "properties": { "OBJECTID": 1561, "StreetName1": "PEARL ST", "StreetName2": "SHELBOURNE ST", "Intersection": "SHELBOURNE ST & PEARL ST", "Jurisdiction": "COV", "POINT_X": 475341.8865, "POINT_Y": 5365481.1727000009 }, "geometry": { "type": "MultiPoint", "coordinates": [ [ -123.333430965629944, 48.441995709240238 ] ] } },
{ "type": "Feature", "properties": { "OBJECTID": 1562, "StreetName1": "MYRTLE AVE", "StreetName2": "SHELBOURNE ST", "Intersection": "SHELBOURNE ST & MYRTLE AVE", "Jurisdiction": "COV", "POINT_X": 475347.19840000011, "POINT_Y": 5365671.4513000008 }, "geometry": { "type": "MultiPoint", "coordinates": [ [ -123.333370343585074, 48.443707728074834 ] ] } },
{ "type": "Feature", "properties": { "OBJECTID": 1563, "StreetName1": "HILLSIDE AVE", "StreetName2": "SHELBOURNE ST", "Intersection": "SHELBOURNE ST & HILLSIDE AVE", "Jurisdiction": "COV", "POINT_X": 475352.36039999966, "POINT_Y": 5365892.2802000009 }, "geometry": { "type": "MultiPoint", "coordinates": [ [ -123.333313543142566, 48.445694581227102 ] ] } },
{ "type": "Feature", "properties": { "OBJECTID": 1564, "StreetName1": "NORTH DAIRY RD", "StreetName2": "SHELBOURNE ST", "Intersection": "SHELBOURNE ST & NORTH DAIRY RD", "Jurisdiction": "COV", "POINT_X": 475356.50409999955, "POINT_Y": 5366166.41 }, "geometry": { "type": "MultiPoint", "coordinates": [ [ -123.33327364648855, 48.448160906333698 ] ] } },
{ "type": "Feature", "properties": { "OBJECTID": 1565, "StreetName1": "DENMAN ST", "StreetName2": "SHELBOURNE ST", "Intersection": "SHELBOURNE ST & DENMAN ST", "Jurisdiction": "COV", "POINT_X": 475359.5532999998, "POINT_Y": 5364422.835000001 }, "geometry": { "type": "MultiPoint", "coordinates": [ [ -123.333129832901648, 48.432475227013896 ] ] } },
{ "type": "Feature", "properties": { "OBJECTID": 1566, "StreetName1": "PEMBROKE ST", "StreetName2": "SHELBOURNE ST", "Intersection": "SHELBOURNE ST & PEMBROKE ST", "Jurisdiction": "COV", "POINT_X": 475371.35779999953, "POINT_Y": 5364266.9487999994 }, "geometry": { "type": "MultiPoint", "coordinates": [ [ -123.332962904823603, 48.431073284763087 ], [ -123.332959270957289, 48.43107327728422 ] ] } },
{ "type": "Feature", "properties": { "OBJECTID": 1567, "StreetName1": "CORONATION AVE", "StreetName2": "SHELBOURNE ST", "Intersection": "SHELBOURNE ST & CORONATION AVE", "Jurisdiction": "COV", "POINT_X": 475376.121, "POINT_Y": 5364340.0955999997 }, "geometry": { "type": "MultiPoint", "coordinates": [ [ -123.332900995437768, 48.431731522058428 ] ] } },
{ "type": "Feature", "properties": { "OBJECTID": 1568, "StreetName1": "GRIFFITHS ST", "StreetName2": "SHERK ST", "Intersection": "SHERK ST & GRIFFITHS ST", "Jurisdiction": "COV", "POINT_X": 471126.10780000035, "POINT_Y": 5364627.8084999993 }, "geometry": { "type": "MultiPoint", "coordinates": [ [ -123.39037471163617, 48.434139323967194 ] ] } },
{ "type": "Feature", "properties": { "OBJECTID": 1569, "StreetName1": "FOUL BAY RD", "StreetName2": "SHOTBOLT RD", "Intersection": "SHOTBOLT RD & FOUL BAY RD", "Jurisdiction": "COV", "POINT_X": 475753.54949999973, "POINT_Y": 5362466.1394999996 }, "geometry": { "type": "MultiPoint", "coordinates": [ [ -123.327690307615526, 48.414887358075028 ] ] } },
{ "type": "Feature", "properties": { "OBJECTID": 1570, "StreetName1": "FAIRFIELD RD", "StreetName2": "SHOTBOLT RD", "Intersection": "SHOTBOLT RD & FAIRFIELD RD", "Jurisdiction": "COV", "POINT_X": 475861.2187000001, "POINT_Y": 5362546.3501999993 }, "geometry": { "type": "MultiPoint", "coordinates": [ [ -123.326239868896067, 48.415613099193394 ] ] } },
{ "type": "Feature", "properties": { "OBJECTID": 1571, "StreetName1": "DALLAS RD", "StreetName2": "SIMCOE ST", "Intersection": "SIMCOE ST & DALLAS RD", "Jurisdiction": "COV", "POINT_X": 471471.33320000023, "POINT_Y": 5363156.6512000002 }, "geometry": { "type": "MultiPoint", "coordinates": [ [ -123.385607420346702, 48.420920072557116 ] ] } },
{ "type": "Feature", "properties": { "OBJECTID": 1572, "StreetName1": "MONTREAL ST", "StreetName2": "SIMCOE ST", "Intersection": "SIMCOE ST & MONTREAL ST", "Jurisdiction": "COV", "POINT_X": 471776.7845000001, "POINT_Y": 5362935.2502999995 }, "geometry": { "type": "MultiPoint", "coordinates": [ [ -123.381464146066506, 48.418942037814197 ] ] } },
{ "type": "Feature", "properties": { "OBJECTID": 1573, "StreetName1": "OSWEGO ST", "StreetName2": "SIMCOE ST", "Intersection": "SIMCOE ST & OSWEGO ST", "Jurisdiction": "COV", "POINT_X": 471992.58, "POINT_Y": 5362778.3206999991 }, "geometry": { "type": "MultiPoint", "coordinates": [ [ -123.378537161248019, 48.417539878253955 ] ] } },
{ "type": "Feature", "properties": { "OBJECTID": 1574, "StreetName1": "RENDALL ST", "StreetName2": "SIMCOE ST", "Intersection": "SIMCOE ST & RENDALL ST", "Jurisdiction": "COV", "POINT_X": 472130.7098000003, "POINT_Y": 5362678.0479000006 }, "geometry": { "type": "MultiPoint", "coordinates": [ [ -123.37666370663284, 48.416643916281316 ] ] } },
{ "type": "Feature", "properties": { "OBJECTID": 1575, "StreetName1": "CROFT ST", "StreetName2": "SIMCOE ST", "Intersection": "SIMCOE ST & CROFT ST", "Jurisdiction": "COV", "POINT_X": 472210.39570000023, "POINT_Y": 5362620.2007999998 }, "geometry": { "type": "MultiPoint", "coordinates": [ [ -123.375582956560649, 48.41612702425607 ] ] } },
{ "type": "Feature", "properties": { "OBJECTID": 1576, "StreetName1": "MENZIES ST", "StreetName2": "SIMCOE ST", "Intersection": "SIMCOE ST & MENZIES ST", "Jurisdiction": "COV", "POINT_X": 472332.2867000001, "POINT_Y": 5362535.7566999998 }, "geometry": { "type": "MultiPoint", "coordinates": [ [ -123.373930103439221, 48.415372701175016 ] ] } },
{ "type": "Feature", "properties": { "OBJECTID": 1577, "StreetName1": "MEDANA ST", "StreetName2": "SIMCOE ST", "Intersection": "SIMCOE ST & MEDANA ST", "Jurisdiction": "COV", "POINT_X": 472385.2770999996, "POINT_Y": 5362496.4796999991 }, "geometry": { "type": "MultiPoint", "coordinates": [ [ -123.37321139503068, 48.415021676695716 ] ] } },
{ "type": "Feature", "properties": { "OBJECTID": 1578, "StreetName1": "CLARENCE ST", "StreetName2": "SIMCOE ST", "Intersection": "SIMCOE ST & CLARENCE ST", "Jurisdiction": "COV", "POINT_X": 472456.81830000039, "POINT_Y": 5362444.5613000002 }, "geometry": { "type": "MultiPoint", "coordinates": [ [ -123.372241170739855, 48.414557732545568 ] ] } },
{ "type": "Feature", "properties": { "OBJECTID": 1579, "StreetName1": "GOVERNMENT ST", "StreetName2": "SIMCOE ST", "Intersection": "SIMCOE ST & GOVERNMENT ST", "Jurisdiction": "COV", "POINT_X": 472598.03710000031, "POINT_Y": 5362340.4871999994 }, "geometry": { "type": "MultiPoint", "coordinates": [ [ -123.370325943740141, 48.41362760357373 ] ] } },
{ "type": "Feature", "properties": { "OBJECTID": 1580, "StreetName1": "CIRCLE DR", "StreetName2": "SIMCOE ST", "Intersection": "SIMCOE ST & CIRCLE DR", "Jurisdiction": "COV", "POINT_X": 472781.083, "POINT_Y": 5362209.0556000005 }, "geometry": { "type": "MultiPoint", "coordinates": [ [ -123.367843781257633, 48.412453132976466 ] ] } },
{ "type": "Feature", "properties": { "OBJECTID": 1581, "StreetName1": "SAGHALIE RD", "StreetName2": "SITKUM RD", "Intersection": "SITKUM RD & SAGHALIE RD", "Jurisdiction": "COV", "POINT_X": 471859.59130000044, "POINT_Y": 5364086.3263000008 }, "geometry": { "type": "MultiPoint", "coordinates": [ [ -123.380422273144433, 48.429301193002615 ] ] } },
{ "type": "Feature", "properties": { "OBJECTID": 1582, "StreetName1": "ESQUIMALT RD", "StreetName2": "SITKUM RD", "Intersection": "SITKUM RD & ESQUIMALT RD", "Jurisdiction": "COV", "POINT_X": 471877.54629999958, "POINT_Y": 5364149.6147000007 }, "geometry": { "type": "MultiPoint", "coordinates": [ [ -123.380183806851775, 48.429871357433036 ] ] } },
{ "type": "Feature", "properties": { "OBJECTID": 1583, "StreetName1": "CRAIGFLOWER RD", "StreetName2": "SKINNER ST", "Intersection": "SKINNER ST & CRAIGFLOWER RD", "Jurisdiction": "COV", "POINT_X": 471361.64659999963, "POINT_Y": 5364794.2352000009 }, "geometry": { "type": "MultiPoint", "coordinates": [ [ -123.387201805638199, 48.435647306101046 ] ] } },
{ "type": "Feature", "properties": { "OBJECTID": 1584, "StreetName1": "MARY ST", "StreetName2": "SKINNER ST", "Intersection": "SKINNER ST & MARY ST", "Jurisdiction": "COV", "POINT_X": 471445.39919999987, "POINT_Y": 5364788.2940999996 }, "geometry": { "type": "MultiPoint", "coordinates": [ [ -123.386069103661484, 48.435597662448401 ] ] } },
{ "type": "Feature", "properties": { "OBJECTID": 1585, "StreetName1": "CATHERINE ST", "StreetName2": "SKINNER ST", "Intersection": "SKINNER ST & CATHERINE ST", "Jurisdiction": "COV", "POINT_X": 471537.69089999981, "POINT_Y": 5364787.2342000008 }, "geometry": { "type": "MultiPoint", "coordinates": [ [ -123.384821290914203, 48.435592306482128 ] ] } },
{ "type": "Feature", "properties": { "OBJECTID": 1586, "StreetName1": "ALSTON ST", "StreetName2": "SKINNER ST", "Intersection": "SKINNER ST & ALSTON ST", "Jurisdiction": "COV", "POINT_X": 471645.4578, "POINT_Y": 5364784.8748000003 }, "geometry": { "type": "MultiPoint", "coordinates": [ [ -123.383364172911797, 48.435575943456129 ] ] } },
{ "type": "Feature", "properties": { "OBJECTID": 1587, "StreetName1": "LANGFORD ST", "StreetName2": "SKINNER ST", "Intersection": "SKINNER ST & LANGFORD ST", "Jurisdiction": "COV", "POINT_X": 471768.24660000019, "POINT_Y": 5364655.1800999995 }, "geometry": { "type": "MultiPoint", "coordinates": [ [ -123.381695385919215, 48.434414688745143 ] ] } },
{ "type": "Feature", "properties": { "OBJECTID": 1588, "StreetName1": "COOK ST", "StreetName2": "SLATER PL", "Intersection": "SLATER PL & COOK ST", "Jurisdiction": "COV", "POINT_X": 474097.42150000017, "POINT_Y": 5366307.3752999995 }, "geometry": { "type": "MultiPoint", "coordinates": [ [ -123.350308849706863, 48.44937850795791 ] ] } },
{ "type": "Feature", "properties": { "OBJECTID": 1589, "StreetName1": "HIGHVIEW ST", "StreetName2": "SLATER ST", "Intersection": "SLATER ST & HIGHVIEW ST", "Jurisdiction": "COV", "POINT_X": 473865.41930000018, "POINT_Y": 5366260.7978000008 }, "geometry": { "type": "MultiPoint", "coordinates": [ [ -123.353443363392245, 48.448949889547649 ] ] } },
{ "type": "Feature", "properties": { "OBJECTID": 1590, "StreetName1": "COOK ST", "StreetName2": "SLATER ST", "Intersection": "SLATER ST & COOK ST", "Jurisdiction": "COV", "POINT_X": 474097.42150000017, "POINT_Y": 5366307.3752999995 }, "geometry": { "type": "MultiPoint", "coordinates": [ [ -123.350308849706863, 48.44937850795791 ] ] } },
{ "type": "Feature", "properties": { "OBJECTID": 1591, "StreetName1": "QUAMICHAN ST", "StreetName2": "SOMENOS ST", "Intersection": "SOMENOS ST & QUAMICHAN ST", "Jurisdiction": "COV", "POINT_X": 475637.52570000011, "POINT_Y": 5363262.841 }, "geometry": { "type": "MultiPoint", "coordinates": [ [ -123.329304555773007, 48.422050312306972 ] ] } },
{ "type": "Feature", "properties": { "OBJECTID": 1592, "StreetName1": "FINLAYSON ST", "StreetName2": "SOMERSET ST", "Intersection": "SOMERSET ST & FINLAYSON ST", "Jurisdiction": "COV", "POINT_X": 473628.4616, "POINT_Y": 5366028.7204999998 }, "geometry": { "type": "MultiPoint", "coordinates": [ [ -123.356633152266255, 48.446852164648988 ] ] } },
{ "type": "Feature", "properties": { "OBJECTID": 1593, "StreetName1": "KIMTA RD", "StreetName2": "SONGHEES RD", "Intersection": "SONGHEES RD & KIMTA RD", "Jurisdiction": "COV", "POINT_X": 471888.16110000014, "POINT_Y": 5363881.6141 }, "geometry": { "type": "MultiPoint", "coordinates": [ [ -123.380022338780876, 48.427460813468947 ] ] } },
{ "type": "Feature", "properties": { "OBJECTID": 1594, "StreetName1": "KIMTA RD", "StreetName2": "SONGHEES RD", "Intersection": "SONGHEES RD & KIMTA RD", "Jurisdiction": "COV", "POINT_X": 472077.20579999965, "POINT_Y": 5363873.9288999997 }, "geometry": { "type": "MultiPoint", "coordinates": [ [ -123.377466436524173, 48.427400085531929 ] ] } },
{ "type": "Feature", "properties": { "OBJECTID": 1595, "StreetName1": "DALLAS RD", "StreetName2": "SOUTH TURNER ST", "Intersection": "SOUTH TURNER ST & DALLAS RD", "Jurisdiction": "COV", "POINT_X": 472261.42459999956, "POINT_Y": 5362019.4891999997 }, "geometry": { "type": "MultiPoint", "coordinates": [ [ -123.374853605850618, 48.410725064477312 ] ] } },
{ "type": "Feature", "properties": { "OBJECTID": 1596, "StreetName1": "RITHET ST", "StreetName2": "SOUTH TURNER ST", "Intersection": "SOUTH TURNER ST & RITHET ST", "Jurisdiction": "COV", "POINT_X": 472337.96520000044, "POINT_Y": 5362124.0991999991 }, "geometry": { "type": "MultiPoint", "coordinates": [ [ -123.37382621423771, 48.411669537367914 ] ] } },
{ "type": "Feature", "properties": { "OBJECTID": 1597, "StreetName1": "NIAGARA ST", "StreetName2": "SOUTH TURNER ST", "Intersection": "SOUTH TURNER ST & NIAGARA ST", "Jurisdiction": "COV", "POINT_X": 472406.06659999955, "POINT_Y": 5362218.9545000009 }, "geometry": { "type": "MultiPoint", "coordinates": [ [ -123.372912185691689, 48.412525874812722 ] ] } },
{ "type": "Feature", "properties": { "OBJECTID": 1598, "StreetName1": "SIMCOE ST", "StreetName2": "SOUTH TURNER ST", "Intersection": "SOUTH TURNER ST & SIMCOE ST", "Jurisdiction": "COV", "POINT_X": 472532.53060000017, "POINT_Y": 5362389.623 }, "geometry": { "type": "MultiPoint", "coordinates": [ [ -123.371214398678973, 48.414066793921506 ] ] } },
{ "type": "Feature", "properties": { "OBJECTID": 1599, "StreetName1": "DOUGLAS ST", "StreetName2": "SOUTHGATE ST", "Intersection": "SOUTHGATE ST & DOUGLAS ST", "Jurisdiction": "COV", "POINT_X": 472947.1414000001, "POINT_Y": 5362879.6604999993 }, "geometry": { "type": "MultiPoint", "coordinates": [ [ -123.365643020526107, 48.418493281742478 ] ] } },
{ "type": "Feature", "properties": { "OBJECTID": 1600, "StreetName1": "ARBUTUS WAY", "StreetName2": "SOUTHGATE ST", "Intersection": "SOUTHGATE ST & ARBUTUS WAY", "Jurisdiction": "COV", "POINT_X": 473173.24795, "POINT_Y": 5362779.3027 }, "geometry": { "type": "MultiPoint", "coordinates": [ [ -123.362590449744147, 48.417583526748849 ], [ -123.362571076356261, 48.417616668116338 ] ] } },
{ "type": "Feature", "properties": { "OBJECTID": 1601, "StreetName1": "QUADRA ST", "StreetName2": "SOUTHGATE ST", "Intersection": "SOUTHGATE ST & QUADRA ST", "Jurisdiction": "COV", "POINT_X": 473185.2747, "POINT_Y": 5362779.9232000001 }, "geometry": { "type": "MultiPoint", "coordinates": [ [ -123.362418263660246, 48.417606191710313 ] ] } },
{ "type": "Feature", "properties": { "OBJECTID": 1602, "StreetName1": "HEYWOOD AVE", "StreetName2": "SOUTHGATE ST", "Intersection": "SOUTHGATE ST & HEYWOOD AVE", "Jurisdiction": "COV", "POINT_X": 473327.39960000012, "POINT_Y": 5362687.4856000002 }, "geometry": { "type": "MultiPoint", "coordinates": [ [ -123.360491594689421, 48.416780624014486 ] ] } },
{ "type": "Feature", "properties": { "OBJECTID": 1603, "StreetName1": "COOK ST", "StreetName2": "SOUTHGATE ST", "Intersection": "SOUTHGATE ST & COOK ST", "Jurisdiction": "COV", "POINT_X": 473674.5082, "POINT_Y": 5362633.6553000007 }, "geometry": { "type": "MultiPoint", "coordinates": [ [ -123.355797186177355, 48.416310947883311 ] ] } },
{ "type": "Feature", "properties": { "OBJECTID": 1604, "StreetName1": "DOUGLAS ST", "StreetName2": "SPEED AVE", "Intersection": "SPEED AVE & DOUGLAS ST", "Jurisdiction": "COV", "POINT_X": 472516.77639999986, "POINT_Y": 5366006.5963000003 }, "geometry": { "type": "MultiPoint", "coordinates": [ [ -123.371664514826691, 48.446605561835746 ] ] } },
{ "type": "Feature", "properties": { "OBJECTID": 1605, "StreetName1": "PEMBROKE ST", "StreetName2": "SPRING RD", "Intersection": "SPRING RD & PEMBROKE ST", "Jurisdiction": "COV", "POINT_X": 474290.88350000046, "POINT_Y": 5364325.937000001 }, "geometry": { "type": "MultiPoint", "coordinates": [ [ -123.347570985071258, 48.43156077046639 ] ] } },
{ "type": "Feature", "properties": { "OBJECTID": 1606, "StreetName1": "PRINCESS AVE", "StreetName2": "SPRING RD", "Intersection": "SPRING RD & PRINCESS AVE", "Jurisdiction": "COV", "POINT_X": 474299.54839999974, "POINT_Y": 5364430.7547999993 }, "geometry": { "type": "MultiPoint", "coordinates": [ [ -123.347460277534609, 48.43250410104708 ] ] } },
{ "type": "Feature", "properties": { "OBJECTID": 1607, "StreetName1": "DENMAN ST", "StreetName2": "SPRING RD", "Intersection": "SPRING RD & DENMAN ST", "Jurisdiction": "COV", "POINT_X": 474303.45660000015, "POINT_Y": 5364473.2235000003 }, "geometry": { "type": "MultiPoint", "coordinates": [ [ -123.347410048028209, 48.432886323496497 ] ] } },
{ "type": "Feature", "properties": { "OBJECTID": 1608, "StreetName1": "QUEENS AVE", "StreetName2": "SPRING RD", "Intersection": "SPRING RD & QUEENS AVE", "Jurisdiction": "COV", "POINT_X": 474305.218, "POINT_Y": 5364516.5432999991 }, "geometry": { "type": "MultiPoint", "coordinates": [ [ -123.347388892508974, 48.43327611507808 ] ] } },
{ "type": "Feature", "properties": { "OBJECTID": 1609, "StreetName1": "FRONT ST", "StreetName2": "SPRINGFIELD ST", "Intersection": "SPRINGFIELD ST & FRONT ST", "Jurisdiction": "COV", "POINT_X": 471300.2686000001, "POINT_Y": 5364452.4415000007 }, "geometry": { "type": "MultiPoint", "coordinates": [ [ -123.38800819483599, 48.432569632939206 ] ] } },
{ "type": "Feature", "properties": { "OBJECTID": 1610, "StreetName1": "ESQUIMALT RD", "StreetName2": "SPRINGFIELD ST", "Intersection": "SPRINGFIELD ST & ESQUIMALT RD", "Jurisdiction": "COV", "POINT_X": 471313.62050000019, "POINT_Y": 5364220.9121000003 }, "geometry": { "type": "MultiPoint", "coordinates": [ [ -123.387811843736586, 48.43048733282199 ] ] } },
{ "type": "Feature", "properties": { "OBJECTID": 1611, "StreetName1": "DOUGLAS ST", "StreetName2": "SPRUCE AVE", "Intersection": "SPRUCE AVE & DOUGLAS ST", "Jurisdiction": "COV", "POINT_X": 472655.95959999971, "POINT_Y": 5365647.5530999992 }, "geometry": { "type": "MultiPoint", "coordinates": [ [ -123.36975896591737, 48.443381564254942 ] ] } },
{ "type": "Feature", "properties": { "OBJECTID": 1612, "StreetName1": "NANAIMO ST", "StreetName2": "SPRUCE AVE", "Intersection": "SPRUCE AVE & NANAIMO ST", "Jurisdiction": "COV", "POINT_X": 472789.40380000044, "POINT_Y": 5365703.7007 }, "geometry": { "type": "MultiPoint", "coordinates": [ [ -123.367958231980708, 48.443892468486595 ] ] } },
{ "type": "Feature", "properties": { "OBJECTID": 1613, "StreetName1": "QUADRA ST", "StreetName2": "SPRUCE AVE", "Intersection": "SPRUCE AVE & QUADRA ST", "Jurisdiction": "COV", "POINT_X": 473330.19890000019, "POINT_Y": 5365769.9264000002 }, "geometry": { "type": "MultiPoint", "coordinates": [ [ -123.360649943025109, 48.444511403739703 ] ] } },
{ "type": "Feature", "properties": { "OBJECTID": 1614, "StreetName1": "NIAGARA ST", "StreetName2": "ST ANDREWS ST", "Intersection": "ST ANDREWS ST & NIAGARA ST", "Jurisdiction": "COV", "POINT_X": 472560.5560999997, "POINT_Y": 5362109.9760999996 }, "geometry": { "type": "MultiPoint", "coordinates": [ [ -123.370817372719159, 48.411552213763628 ] ] } },
{ "type": "Feature", "properties": { "OBJECTID": 1615, "StreetName1": "BEACON ST", "StreetName2": "ST ANDREWS ST", "Intersection": "ST ANDREWS ST & BEACON ST", "Jurisdiction": "COV", "POINT_X": 472625.86409999989, "POINT_Y": 5362199.1436000001 }, "geometry": { "type": "MultiPoint", "coordinates": [ [ -123.369940672775684, 48.412357236644972 ] ] } },
{ "type": "Feature", "properties": { "OBJECTID": 1616, "StreetName1": "SIMCOE ST", "StreetName2": "ST ANDREWS ST", "Intersection": "ST ANDREWS ST & SIMCOE ST", "Jurisdiction": "COV", "POINT_X": 472683.1353000002, "POINT_Y": 5362278.7301000003 }, "geometry": { "type": "MultiPoint", "coordinates": [ [ -123.369171927395058, 48.413075710371999 ] ] } },
{ "type": "Feature", "properties": { "OBJECTID": 1617, "StreetName1": "MARIFIELD AVE", "StreetName2": "ST ANDREWS ST", "Intersection": "ST ANDREWS ST & MARIFIELD AVE", "Jurisdiction": "COV", "POINT_X": 472737.4271999998, "POINT_Y": 5362422.4756000005 }, "geometry": { "type": "MultiPoint", "coordinates": [ [ -123.368447592305429, 48.414371246854685 ] ] } },
{ "type": "Feature", "properties": { "OBJECTID": 1618, "StreetName1": "FORT ST", "StreetName2": "ST CHARLES ST", "Intersection": "ST CHARLES ST & FORT ST", "Jurisdiction": "COV", "POINT_X": 474896.64740000013, "POINT_Y": 5363654.1405999996 }, "geometry": { "type": "MultiPoint", "coordinates": [ [ -123.339341708325449, 48.425541493411707 ] ] } },
{ "type": "Feature", "properties": { "OBJECTID": 1619, "StreetName1": "MAUD ST", "StreetName2": "ST CHARLES ST", "Intersection": "ST CHARLES ST & MAUD ST", "Jurisdiction": "COV", "POINT_X": 474912.59740000032, "POINT_Y": 5363560.776000001 }, "geometry": { "type": "MultiPoint", "coordinates": [ [ -123.339120525330046, 48.424702187298564 ] ] } },
{ "type": "Feature", "properties": { "OBJECTID": 1620, "StreetName1": "REGENTS PL", "StreetName2": "ST CHARLES ST", "Intersection": "ST CHARLES ST & REGENTS PL", "Jurisdiction": "COV", "POINT_X": 474922.92250000034, "POINT_Y": 5363460.9261000007 }, "geometry": { "type": "MultiPoint", "coordinates": [ [ -123.338974990634128, 48.423804312567114 ] ] } },
{ "type": "Feature", "properties": { "OBJECTID": 1621, "StreetName1": "LAUREL LANE", "StreetName2": "ST CHARLES ST", "Intersection": "ST CHARLES ST & LAUREL LANE", "Jurisdiction": "COV", "POINT_X": 474923.03809999954, "POINT_Y": 5363413.3826000001 }, "geometry": { "type": "MultiPoint", "coordinates": [ [ -123.3389705840669, 48.423376598541346 ] ] } },
{ "type": "Feature", "properties": { "OBJECTID": 1622, "StreetName1": "SHASTA PL", "StreetName2": "ST CHARLES ST", "Intersection": "ST CHARLES ST & SHASTA PL", "Jurisdiction": "COV", "POINT_X": 474923.30829999968, "POINT_Y": 5363302.3849 }, "geometry": { "type": "MultiPoint", "coordinates": [ [ -123.338960292369563, 48.422378033469606 ] ] } },
{ "type": "Feature", "properties": { "OBJECTID": 1623, "StreetName1": "ANGUS RD", "StreetName2": "ST CHARLES ST", "Intersection": "ST CHARLES ST & ANGUS RD", "Jurisdiction": "COV", "POINT_X": 474923.51779999956, "POINT_Y": 5363216.2705000006 }, "geometry": { "type": "MultiPoint", "coordinates": [ [ -123.33895230991412, 48.421603325110659 ] ] } },
{ "type": "Feature", "properties": { "OBJECTID": 1624, "StreetName1": "BYWOOD PL", "StreetName2": "ST CHARLES ST", "Intersection": "ST CHARLES ST & BYWOOD PL", "Jurisdiction": "COV", "POINT_X": 474923.6217, "POINT_Y": 5363197.0995000005 }, "geometry": { "type": "MultiPoint", "coordinates": [ [ -123.338949758956304, 48.421430859891395 ] ] } },
{ "type": "Feature", "properties": { "OBJECTID": 1625, "StreetName1": "ROCKLAND AVE", "StreetName2": "ST CHARLES ST", "Intersection": "ST CHARLES ST & ROCKLAND AVE", "Jurisdiction": "COV", "POINT_X": 474948.514, "POINT_Y": 5363030.4530999996 }, "geometry": { "type": "MultiPoint", "coordinates": [ [ -123.33860336135875, 48.41993263792412 ] ] } },
{ "type": "Feature", "properties": { "OBJECTID": 1626, "StreetName1": "MONTGOMERY AVE", "StreetName2": "ST CHARLES ST", "Intersection": "ST CHARLES ST & MONTGOMERY AVE", "Jurisdiction": "COV", "POINT_X": 474984.03369999956, "POINT_Y": 5362932.8071 }, "geometry": { "type": "MultiPoint", "coordinates": [ [ -123.338117470968854, 48.419055589886426 ] ] } },
{ "type": "Feature", "properties": { "OBJECTID": 1627, "StreetName1": "DESPARD AVE", "StreetName2": "ST CHARLES ST", "Intersection": "ST CHARLES ST & DESPARD AVE", "Jurisdiction": "COV", "POINT_X": 475010.88069999963, "POINT_Y": 5362855.5601000004 }, "geometry": { "type": "MultiPoint", "coordinates": [ [ -123.337750024416778, 48.418361712671036 ] ] } },
{ "type": "Feature", "properties": { "OBJECTID": 1628, "StreetName1": "RICHARDSON ST", "StreetName2": "ST CHARLES ST", "Intersection": "ST CHARLES ST & RICHARDSON ST", "Jurisdiction": "COV", "POINT_X": 475025.18780000042, "POINT_Y": 5362615.5151000004 }, "geometry": { "type": "MultiPoint", "coordinates": [ [ -123.337542367359575, 48.416202745179817 ] ] } },
{ "type": "Feature", "properties": { "OBJECTID": 1629, "StreetName1": "PHILIPPA PL", "StreetName2": "ST CHARLES ST", "Intersection": "ST CHARLES ST & PHILIPPA PL", "Jurisdiction": "COV", "POINT_X": 475031.18319999985, "POINT_Y": 5362522.3596000001 }, "geometry": { "type": "MultiPoint", "coordinates": [ [ -123.337455796574446, 48.41536492077455 ] ] } },
{ "type": "Feature", "properties": { "OBJECTID": 1630, "StreetName1": "CHANDLER AVE", "StreetName2": "ST CHARLES ST", "Intersection": "ST CHARLES ST & CHANDLER AVE", "Jurisdiction": "COV", "POINT_X": 475035.21349999961, "POINT_Y": 5362459.7369 }, "geometry": { "type": "MultiPoint", "coordinates": [ [ -123.337397602522799, 48.414801702964695 ] ] } },
{ "type": "Feature", "properties": { "OBJECTID": 1631, "StreetName1": "BROOKE ST", "StreetName2": "ST CHARLES ST", "Intersection": "ST CHARLES ST & BROOKE ST", "Jurisdiction": "COV", "POINT_X": 475037.35039999988, "POINT_Y": 5362426.5331999995 }, "geometry": { "type": "MultiPoint", "coordinates": [ [ -123.33736674803086, 48.414503074551696 ] ] } },
{ "type": "Feature", "properties": { "OBJECTID": 1632, "StreetName1": "EARLE PL", "StreetName2": "ST CHARLES ST", "Intersection": "ST CHARLES ST & EARLE PL", "Jurisdiction": "COV", "POINT_X": 475043.7357000001, "POINT_Y": 5362332.1538999993 }, "geometry": { "type": "MultiPoint", "coordinates": [ [ -123.337274841319328, 48.413654255425591 ] ] } },
{ "type": "Feature", "properties": { "OBJECTID": 1633, "StreetName1": "FAIRFIELD RD", "StreetName2": "ST CHARLES ST", "Intersection": "ST CHARLES ST & FAIRFIELD RD", "Jurisdiction": "COV", "POINT_X": 475085.18169999972, "POINT_Y": 5362178.1084000003 }, "geometry": { "type": "MultiPoint", "coordinates": [ [ -123.337115917375101, 48.412217707445436 ], [ -123.336295279314086, 48.412322378039448 ] ] } },
{ "type": "Feature", "properties": { "OBJECTID": 1634, "StreetName1": "ROSS ST", "StreetName2": "ST CHARLES ST", "Intersection": "ST CHARLES ST & ROSS ST", "Jurisdiction": "COV", "POINT_X": 475114.66210000031, "POINT_Y": 5362019.309 }, "geometry": { "type": "MultiPoint", "coordinates": [ [ -123.336297797092854, 48.41084258792413 ] ] } },
{ "type": "Feature", "properties": { "OBJECTID": 1635, "StreetName1": "DALLAS RD", "StreetName2": "ST CHARLES ST", "Intersection": "ST CHARLES ST & DALLAS RD", "Jurisdiction": "COV", "POINT_X": 475115.07259999961, "POINT_Y": 5361935.9997000005 }, "geometry": { "type": "MultiPoint", "coordinates": [ [ -123.336287308118614, 48.410093121429774 ] ] } },
{ "type": "Feature", "properties": { "OBJECTID": 1636, "StreetName1": "PINEWOOD AVE", "StreetName2": "ST CHARLES ST", "Intersection": "ST CHARLES ST & PINEWOOD AVE", "Jurisdiction": "COV", "POINT_X": 475115.3032, "POINT_Y": 5362108.1075999998 }, "geometry": { "type": "MultiPoint", "coordinates": [ [ -123.3362944015485, 48.411641479708877 ] ] } },
{ "type": "Feature", "properties": { "OBJECTID": 1637, "StreetName1": "ROCKLAND AVE", "StreetName2": "ST FRANCIS WOOD", "Intersection": "ST FRANCIS WOOD & ROCKLAND AVE", "Jurisdiction": "COV", "POINT_X": 475389.05510000046, "POINT_Y": 5363450.1464000009 }, "geometry": { "type": "MultiPoint", "coordinates": [ [ -123.33267388518928, 48.423725721505676 ] ] } },
{ "type": "Feature", "properties": { "OBJECTID": 1638, "StreetName1": "OSWEGO ST", "StreetName2": "ST JAMES ST", "Intersection": "ST JAMES ST & OSWEGO ST", "Jurisdiction": "COV", "POINT_X": 471944.53980000038, "POINT_Y": 5362713.194 }, "geometry": { "type": "MultiPoint", "coordinates": [ [ -123.379182055667783, 48.416951839049936 ] ] } },
{ "type": "Feature", "properties": { "OBJECTID": 1639, "StreetName1": "RENDALL ST", "StreetName2": "ST JAMES ST", "Intersection": "ST JAMES ST & RENDALL ST", "Jurisdiction": "COV", "POINT_X": 472082.4020999996, "POINT_Y": 5362611.5024999995 }, "geometry": { "type": "MultiPoint", "coordinates": [ [ -123.37731213209959, 48.416043112499835 ] ] } },
{ "type": "Feature", "properties": { "OBJECTID": 1640, "StreetName1": "NIAGARA ST", "StreetName2": "ST LAWRENCE ST", "Intersection": "ST LAWRENCE ST & NIAGARA ST", "Jurisdiction": "COV", "POINT_X": 471508.63080000039, "POINT_Y": 5362871.5264999997 }, "geometry": { "type": "MultiPoint", "coordinates": [ [ -123.385083945139357, 48.418356686445179 ] ] } },
{ "type": "Feature", "properties": { "OBJECTID": 1641, "StreetName1": "LADYSMITH ST", "StreetName2": "ST LAWRENCE ST", "Intersection": "ST LAWRENCE ST & LADYSMITH ST", "Jurisdiction": "COV", "POINT_X": 471571.0389, "POINT_Y": 5362957.2095999997 }, "geometry": { "type": "MultiPoint", "coordinates": [ [ -123.384246311142164, 48.419130339117082 ] ] } },
{ "type": "Feature", "properties": { "OBJECTID": 1642, "StreetName1": "SIMCOE ST", "StreetName2": "ST LAWRENCE ST", "Intersection": "ST LAWRENCE ST & SIMCOE ST", "Jurisdiction": "COV", "POINT_X": 471635.306, "POINT_Y": 5363040.5857999995 }, "geometry": { "type": "MultiPoint", "coordinates": [ [ -123.383383370617523, 48.419883315742986 ] ] } },
{ "type": "Feature", "properties": { "OBJECTID": 1643, "StreetName1": "ONTARIO ST", "StreetName2": "ST LAWRENCE ST", "Intersection": "ST LAWRENCE ST & ONTARIO ST", "Jurisdiction": "COV", "POINT_X": 471689.451, "POINT_Y": 5363111.1575000007 }, "geometry": { "type": "MultiPoint", "coordinates": [ [ -123.382656345988934, 48.420520637562262 ] ] } },
{ "type": "Feature", "properties": { "OBJECTID": 1644, "StreetName1": "ERIE ST", "StreetName2": "ST LAWRENCE ST", "Intersection": "ST LAWRENCE ST & ERIE ST", "Jurisdiction": "COV", "POINT_X": 471723.4698000001, "POINT_Y": 5363157.9042000007 }, "geometry": { "type": "MultiPoint", "coordinates": [ [ -123.382199716232591, 48.420942714142122 ] ] } },
{ "type": "Feature", "properties": { "OBJECTID": 1645, "StreetName1": "MICHIGAN ST", "StreetName2": "ST LAWRENCE ST", "Intersection": "ST LAWRENCE ST & MICHIGAN ST", "Jurisdiction": "COV", "POINT_X": 471745.27720000036, "POINT_Y": 5363187.8392999992 }, "geometry": { "type": "MultiPoint", "coordinates": [ [ -123.38190699236165, 48.421212998627588 ] ] } },
{ "type": "Feature", "properties": { "OBJECTID": 1646, "StreetName1": "KINGSTON ST", "StreetName2": "ST LAWRENCE ST", "Intersection": "ST LAWRENCE ST & KINGSTON ST", "Jurisdiction": "COV", "POINT_X": 471812.01070000045, "POINT_Y": 5363279.444 }, "geometry": { "type": "MultiPoint", "coordinates": [ [ -123.381011199681211, 48.422040094260588 ] ] } },
{ "type": "Feature", "properties": { "OBJECTID": 1647, "StreetName1": "FORT ST", "StreetName2": "STADACONA AVE", "Intersection": "STADACONA AVE & FORT ST", "Jurisdiction": "COV", "POINT_X": 474848.568, "POINT_Y": 5363635.9536000006 }, "geometry": { "type": "MultiPoint", "coordinates": [ [ -123.339990503104417, 48.425375958320458 ] ] } },
{ "type": "Feature", "properties": { "OBJECTID": 1648, "StreetName1": "PANDORA AVE", "StreetName2": "STADACONA AVE", "Intersection": "STADACONA AVE & PANDORA AVE", "Jurisdiction": "COV", "POINT_X": 474850.6606000001, "POINT_Y": 5363767.4892999995 }, "geometry": { "type": "MultiPoint", "coordinates": [ [ -123.339970109891311, 48.426559384301534 ] ] } },
{ "type": "Feature", "properties": { "OBJECTID": 1649, "StreetName1": "JOHNSON ST", "StreetName2": "STANLEY AVE", "Intersection": "STANLEY AVE & JOHNSON ST", "Jurisdiction": "COV", "POINT_X": 474630.88640000019, "POINT_Y": 5363726.3403999992 }, "geometry": { "type": "MultiPoint", "coordinates": [ [ -123.342938351202747, 48.426180379199259 ] ] } },
{ "type": "Feature", "properties": { "OBJECTID": 1650, "StreetName1": "FORT ST", "StreetName2": "STANLEY AVE", "Intersection": "STANLEY AVE & FORT ST", "Jurisdiction": "COV", "POINT_X": 474661.7983, "POINT_Y": 5363553.9896000009 }, "geometry": { "type": "MultiPoint", "coordinates": [ [ -123.34251009347858, 48.424631094210199 ] ] } },
{ "type": "Feature", "properties": { "OBJECTID": 1651, "StreetName1": "BEGBIE ST", "StreetName2": "STANLEY AVE", "Intersection": "STANLEY AVE & BEGBIE ST", "Jurisdiction": "COV", "POINT_X": 474674.21320000011, "POINT_Y": 5363832.0058999993 }, "geometry": { "type": "MultiPoint", "coordinates": [ [ -123.342359083252802, 48.427132727496002 ] ] } },
{ "type": "Feature", "properties": { "OBJECTID": 1652, "StreetName1": "BALMORAL RD", "StreetName2": "STANLEY AVE", "Intersection": "STANLEY AVE & BALMORAL RD", "Jurisdiction": "COV", "POINT_X": 474677.01929999981, "POINT_Y": 5363892.3983999994 }, "geometry": { "type": "MultiPoint", "coordinates": [ [ -123.342324801105377, 48.427676152696371 ] ] } },
{ "type": "Feature", "properties": { "OBJECTID": 1653, "StreetName1": "GRANT ST", "StreetName2": "STANLEY AVE", "Intersection": "STANLEY AVE & GRANT ST", "Jurisdiction": "COV", "POINT_X": 474681.78849999979, "POINT_Y": 5363995.0395 }, "geometry": { "type": "MultiPoint", "coordinates": [ [ -123.342266534083365, 48.428599740097674 ] ] } },
{ "type": "Feature", "properties": { "OBJECTID": 1654, "StreetName1": "GLADSTONE AVE", "StreetName2": "STANLEY AVE", "Intersection": "STANLEY AVE & GLADSTONE AVE", "Jurisdiction": "COV", "POINT_X": 474689.5047000004, "POINT_Y": 5364196.1734999996 }, "geometry": { "type": "MultiPoint", "coordinates": [ [ -123.342174376340338, 48.430409522478008 ] ] } },
{ "type": "Feature", "properties": { "OBJECTID": 1655, "StreetName1": "PEMBROKE ST", "StreetName2": "STANLEY AVE", "Intersection": "STANLEY AVE & PEMBROKE ST", "Jurisdiction": "COV", "POINT_X": 474693.45150000043, "POINT_Y": 5364295.8435999993 }, "geometry": { "type": "MultiPoint", "coordinates": [ [ -123.342127041887522, 48.431306348171773 ] ] } },
{ "type": "Feature", "properties": { "OBJECTID": 1656, "StreetName1": "FAIRFIELD RD", "StreetName2": "STANNARD AVE", "Intersection": "STANNARD AVE & FAIRFIELD RD", "Jurisdiction": "COV", "POINT_X": 474840.25760000013, "POINT_Y": 5362179.194 }, "geometry": { "type": "MultiPoint", "coordinates": [ [ -123.340015425328829, 48.412270077420999 ] ] } },
{ "type": "Feature", "properties": { "OBJECTID": 1657, "StreetName1": "BROOKE ST", "StreetName2": "STANNARD AVE", "Intersection": "STANNARD AVE & BROOKE ST", "Jurisdiction": "COV", "POINT_X": 474849.164, "POINT_Y": 5362422.1148000006 }, "geometry": { "type": "MultiPoint", "coordinates": [ [ -123.339909635671518, 48.41445584061811 ] ] } },
{ "type": "Feature", "properties": { "OBJECTID": 1658, "StreetName1": "RICHARDSON ST", "StreetName2": "STANNARD AVE", "Intersection": "STANNARD AVE & RICHARDSON ST", "Jurisdiction": "COV", "POINT_X": 474856.7938000001, "POINT_Y": 5362615.4957999997 }, "geometry": { "type": "MultiPoint", "coordinates": [ [ -123.339818119999123, 48.416195873367869 ] ] } },
{ "type": "Feature", "properties": { "OBJECTID": 1659, "StreetName1": "DELTA ST", "StreetName2": "STEELE ST", "Intersection": "STEELE ST & DELTA ST", "Jurisdiction": "COV", "POINT_X": 472269.71229999978, "POINT_Y": 5365956.9827999994 }, "geometry": { "type": "MultiPoint", "coordinates": [ [ -123.375002146201822, 48.446148386225602 ] ] } },
{ "type": "Feature", "properties": { "OBJECTID": 1660, "StreetName1": "FRANCES AVE", "StreetName2": "STEELE ST", "Intersection": "STEELE ST & FRANCES AVE", "Jurisdiction": "COV", "POINT_X": 472336.58710000012, "POINT_Y": 5365836.4081999995 }, "geometry": { "type": "MultiPoint", "coordinates": [ [ -123.374089875424716, 48.445066604702141 ] ] } },
{ "type": "Feature", "properties": { "OBJECTID": 1661, "StreetName1": "CHAMBERS ST", "StreetName2": "STELLY ST", "Intersection": "STELLY ST & CHAMBERS ST", "Jurisdiction": "COV", "POINT_X": 474124.29459999967, "POINT_Y": 5364286.2106999997 }, "geometry": { "type": "MultiPoint", "coordinates": [ [ -123.349820566747127, 48.431196555142577 ] ] } },
{ "type": "Feature", "properties": { "OBJECTID": 1662, "StreetName1": "BLACKWOOD ST", "StreetName2": "STEVENSON PL", "Intersection": "STEVENSON PL & BLACKWOOD ST", "Jurisdiction": "COV", "POINT_X": 473637.10610000044, "POINT_Y": 5366244.9803999998 }, "geometry": { "type": "MultiPoint", "coordinates": [ [ -123.356529874579948, 48.448798067744193 ] ] } },
{ "type": "Feature", "properties": { "OBJECTID": 1663, "StreetName1": "FINLAYSON ST", "StreetName2": "STEVENSON PL", "Intersection": "STEVENSON PL & FINLAYSON ST", "Jurisdiction": "COV", "POINT_X": 473759.4430999998, "POINT_Y": 5366052.9017999992 }, "geometry": { "type": "MultiPoint", "coordinates": [ [ -123.354863461866159, 48.447075182319459 ] ] } },
{ "type": "Feature", "properties": { "OBJECTID": 1664, "StreetName1": "PEMBROKE ST", "StreetName2": "STORE ST", "Intersection": "STORE ST & PEMBROKE ST", "Jurisdiction": "COV", "POINT_X": 472650.43879999965, "POINT_Y": 5364459.1578000002 }, "geometry": { "type": "MultiPoint", "coordinates": [ [ -123.369756022492538, 48.43269015036325 ] ] } },
{ "type": "Feature", "properties": { "OBJECTID": 1665, "StreetName1": "DISCOVERY ST", "StreetName2": "STORE ST", "Intersection": "STORE ST & DISCOVERY ST", "Jurisdiction": "COV", "POINT_X": 472652.4869, "POINT_Y": 5364365.565 }, "geometry": { "type": "MultiPoint", "coordinates": [ [ -123.369722226120743, 48.43184824850939 ] ] } },
{ "type": "Feature", "properties": { "OBJECTID": 1666, "StreetName1": "CHATHAM ST", "StreetName2": "STORE ST", "Intersection": "STORE ST & CHATHAM ST", "Jurisdiction": "COV", "POINT_X": 472654.48950000014, "POINT_Y": 5364274.0494999997 }, "geometry": { "type": "MultiPoint", "coordinates": [ [ -123.369689181590061, 48.431025032603763 ] ] } },
{ "type": "Feature", "properties": { "OBJECTID": 1667, "StreetName1": "HERALD ST", "StreetName2": "STORE ST", "Intersection": "STORE ST & HERALD ST", "Jurisdiction": "COV", "POINT_X": 472656.7286, "POINT_Y": 5364175.0819000006 }, "geometry": { "type": "MultiPoint", "coordinates": [ [ -123.369652454919191, 48.430134785333259 ] ] } },
{ "type": "Feature", "properties": { "OBJECTID": 1668, "StreetName1": "PANDORA AVE", "StreetName2": "STORE ST", "Intersection": "STORE ST & PANDORA AVE", "Jurisdiction": "COV", "POINT_X": 472658.20480000041, "POINT_Y": 5363992.3188000005 }, "geometry": { "type": "MultiPoint", "coordinates": [ [ -123.369620575463387, 48.428490653163259 ] ] } },
{ "type": "Feature", "properties": { "OBJECTID": 1669, "StreetName1": "FISGARD ST", "StreetName2": "STORE ST", "Intersection": "STORE ST & FISGARD ST", "Jurisdiction": "COV", "POINT_X": 472658.53419999965, "POINT_Y": 5364086.7706000004 }, "geometry": { "type": "MultiPoint", "coordinates": [ [ -123.369622284858451, 48.429340386627381 ] ] } },
{ "type": "Feature", "properties": { "OBJECTID": 1670, "StreetName1": "PANDORA AVE", "StreetName2": "STORE ST", "Intersection": "STORE ST & PANDORA AVE", "Jurisdiction": "COV", "POINT_X": 472664.09929999989, "POINT_Y": 5363992.8823000006 }, "geometry": { "type": "MultiPoint", "coordinates": [ [ -123.369540932297539, 48.428495978497942 ] ] } },
{ "type": "Feature", "properties": { "OBJECTID": 1671, "StreetName1": "JOHNSON ST", "StreetName2": "STORE ST", "Intersection": "STORE ST & JOHNSON ST", "Jurisdiction": "COV", "POINT_X": 472671.40259999968, "POINT_Y": 5363907.2062999997 }, "geometry": { "type": "MultiPoint", "coordinates": [ [ -123.369436621969314, 48.427725526157687 ] ] } },
{ "type": "Feature", "properties": { "OBJECTID": 1672, "StreetName1": "DELATRE ST", "StreetName2": "STROUD RD", "Intersection": "STROUD RD & DELATRE ST", "Jurisdiction": "COV", "POINT_X": 474448.6995000001, "POINT_Y": 5365703.5449000001 }, "geometry": { "type": "MultiPoint", "coordinates": [ [ -123.345521578724885, 48.443960617338419 ] ] } },
{ "type": "Feature", "properties": { "OBJECTID": 1673, "StreetName1": "GOSWORTH RD", "StreetName2": "STROUD RD", "Intersection": "STROUD RD & GOSWORTH RD", "Jurisdiction": "COV", "POINT_X": 474629.72049999982, "POINT_Y": 5365796.2488000002 }, "geometry": { "type": "MultiPoint", "coordinates": [ [ -123.343079463025404, 48.44480193495923 ] ] } },
{ "type": "Feature", "properties": { "OBJECTID": 1674, "StreetName1": "CRAIGFLOWER RD", "StreetName2": "STYLES ST", "Intersection": "STYLES ST & CRAIGFLOWER RD", "Jurisdiction": "COV", "POINT_X": 471175.98209999967, "POINT_Y": 5365072.0220999997 }, "geometry": { "type": "MultiPoint", "coordinates": [ [ -123.389731018365396, 48.438137885176232 ] ] } },
{ "type": "Feature", "properties": { "OBJECTID": 1675, "StreetName1": "SELKIRK AVE", "StreetName2": "STYLES ST", "Intersection": "STYLES ST & SELKIRK AVE", "Jurisdiction": "COV", "POINT_X": 471264.5833000001, "POINT_Y": 5365162.5469000004 }, "geometry": { "type": "MultiPoint", "coordinates": [ [ -123.388539322547786, 48.438956323244696 ] ] } },
{ "type": "Feature", "properties": { "OBJECTID": 1676, "StreetName1": "BOWLSBY PL", "StreetName2": "SUFFOLK ST", "Intersection": "SUFFOLK ST & BOWLSBY PL", "Jurisdiction": "COV", "POINT_X": 470955.21059999987, "POINT_Y": 5364370.3260999992 }, "geometry": { "type": "MultiPoint", "coordinates": [ [ -123.392667245218746, 48.431815075606593 ] ] } },
{ "type": "Feature", "properties": { "OBJECTID": 1677, "StreetName1": "DALTON ST", "StreetName2": "SUFFOLK ST", "Intersection": "SUFFOLK ST & DALTON ST", "Jurisdiction": "COV", "POINT_X": 471076.93960000016, "POINT_Y": 5364368.8095999993 }, "geometry": { "type": "MultiPoint", "coordinates": [ [ -123.391021544614745, 48.431807036118784 ] ] } },
{ "type": "Feature", "properties": { "OBJECTID": 1678, "StreetName1": "JUTLAND RD", "StreetName2": "SUMAS ST", "Intersection": "SUMAS ST & JUTLAND RD", "Jurisdiction": "COV", "POINT_X": 472285.74210000038, "POINT_Y": 5365676.1685000006 }, "geometry": { "type": "MultiPoint", "coordinates": [ [ -123.374766799053404, 48.443622803943732 ] ] } },
{ "type": "Feature", "properties": { "OBJECTID": 1679, "StreetName1": "MANCHESTER RD", "StreetName2": "SUMAS ST", "Intersection": "SUMAS ST & MANCHESTER RD", "Jurisdiction": "COV", "POINT_X": 472434.2221, "POINT_Y": 5365533.0667000003 }, "geometry": { "type": "MultiPoint", "coordinates": [ [ -123.372749679808891, 48.442341937740736 ] ] } },
{ "type": "Feature", "properties": { "OBJECTID": 1680, "StreetName1": "DUNEDIN ST", "StreetName2": "SUMAS ST", "Intersection": "SUMAS ST & DUNEDIN ST", "Jurisdiction": "COV", "POINT_X": 472452.69579999987, "POINT_Y": 5365434.3624000009 }, "geometry": { "type": "MultiPoint", "coordinates": [ [ -123.372493397935244, 48.441454772803255 ] ] } },
{ "type": "Feature", "properties": { "OBJECTID": 1681, "StreetName1": "GARBALLY RD", "StreetName2": "SUMAS ST", "Intersection": "SUMAS ST & GARBALLY RD", "Jurisdiction": "COV", "POINT_X": 472471.10280000046, "POINT_Y": 5365336.0131000001 }, "geometry": { "type": "MultiPoint", "coordinates": [ [ -123.372238050249308, 48.440570797906211 ] ] } },
{ "type": "Feature", "properties": { "OBJECTID": 1682, "StreetName1": "DOUGLAS ST", "StreetName2": "SUMMIT AVE", "Intersection": "SUMMIT AVE & DOUGLAS ST", "Jurisdiction": "COV", "POINT_X": 472683.49859999958, "POINT_Y": 5365571.8362000007 }, "geometry": { "type": "MultiPoint", "coordinates": [ [ -123.369381654784917, 48.442701587848028 ] ] } },
{ "type": "Feature", "properties": { "OBJECTID": 1683, "StreetName1": "NANAIMO ST", "StreetName2": "SUMMIT AVE", "Intersection": "SUMMIT AVE & NANAIMO ST", "Jurisdiction": "COV", "POINT_X": 472928.02209999971, "POINT_Y": 5365619.6625999995 }, "geometry": { "type": "MultiPoint", "coordinates": [ [ -123.366078435070264, 48.443142413714831 ] ] } },
{ "type": "Feature", "properties": { "OBJECTID": 1684, "StreetName1": "QUADRA ST", "StreetName2": "SUMMIT AVE", "Intersection": "SUMMIT AVE & QUADRA ST", "Jurisdiction": "COV", "POINT_X": 473342.86990000028, "POINT_Y": 5365701.959000001 }, "geometry": { "type": "MultiPoint", "coordinates": [ [ -123.360474279672658, 48.44390048469009 ] ] } },
{ "type": "Feature", "properties": { "OBJECTID": 1685, "StreetName1": "FIFTH ST", "StreetName2": "SUMMIT AVE", "Intersection": "SUMMIT AVE & FIFTH ST", "Jurisdiction": "COV", "POINT_X": 473442.93979999982, "POINT_Y": 5365720.4924999997 }, "geometry": { "type": "MultiPoint", "coordinates": [ [ -123.359122332286773, 48.444071448296846 ] ] } },
{ "type": "Feature", "properties": { "OBJECTID": 1686, "StreetName1": "GRAHAM ST", "StreetName2": "SUMMIT AVE", "Intersection": "SUMMIT AVE & GRAHAM ST", "Jurisdiction": "COV", "POINT_X": 473552.54810000025, "POINT_Y": 5365740.791 }, "geometry": { "type": "MultiPoint", "coordinates": [ [ -123.357641510218116, 48.44425867542482 ] ] } },
{ "type": "Feature", "properties": { "OBJECTID": 1687, "StreetName1": "PRIOR ST", "StreetName2": "SUMMIT AVE", "Intersection": "SUMMIT AVE & PRIOR ST", "Jurisdiction": "COV", "POINT_X": 473640.2856000001, "POINT_Y": 5365757.0402000006 }, "geometry": { "type": "MultiPoint", "coordinates": [ [ -123.356456157582983, 48.444408539114427 ] ] } },
{ "type": "Feature", "properties": { "OBJECTID": 1688, "StreetName1": "BLACKWOOD ST", "StreetName2": "SUMMIT AVE", "Intersection": "SUMMIT AVE & BLACKWOOD ST", "Jurisdiction": "COV", "POINT_X": 473731.68769999966, "POINT_Y": 5365774.0095000006 }, "geometry": { "type": "MultiPoint", "coordinates": [ [ -123.355221290519154, 48.444565021816963 ] ] } },
{ "type": "Feature", "properties": { "OBJECTID": 1689, "StreetName1": "STEVENSON PL", "StreetName2": "SUMMIT AVE", "Intersection": "SUMMIT AVE & STEVENSON PL", "Jurisdiction": "COV", "POINT_X": 473807.91079999972, "POINT_Y": 5365788.1634999998 }, "geometry": { "type": "MultiPoint", "coordinates": [ [ -123.354191490163927, 48.444695532436057 ] ] } },
{ "type": "Feature", "properties": { "OBJECTID": 1690, "StreetName1": "ARTHUR AVE", "StreetName2": "SUMMIT AVE", "Intersection": "SUMMIT AVE & ARTHUR AVE", "Jurisdiction": "COV", "POINT_X": 474041.8958000001, "POINT_Y": 5365830.825 }, "geometry": { "type": "MultiPoint", "coordinates": [ [ -123.351030190069963, 48.445089023097907 ] ] } },
{ "type": "Feature", "properties": { "OBJECTID": 1691, "StreetName1": "COOK ST", "StreetName2": "SUMMIT AVE", "Intersection": "SUMMIT AVE & COOK ST", "Jurisdiction": "COV", "POINT_X": 474175.7687, "POINT_Y": 5365855.9565999992 }, "geometry": { "type": "MultiPoint", "coordinates": [ [ -123.349221496508008, 48.445320622442132 ] ] } },
{ "type": "Feature", "properties": { "OBJECTID": 1692, "StreetName1": "CRAIGFLOWER RD", "StreetName2": "SUNNYSIDE AVE", "Intersection": "SUNNYSIDE AVE & CRAIGFLOWER RD", "Jurisdiction": "COV", "POINT_X": 471120.14759999979, "POINT_Y": 5365123.096000001 }, "geometry": { "type": "MultiPoint", "coordinates": [ [ -123.390489433329336, 48.438594801727945 ] ] } },
{ "type": "Feature", "properties": { "OBJECTID": 1693, "StreetName1": "SELKIRK AVE", "StreetName2": "SUNNYSIDE AVE", "Intersection": "SUNNYSIDE AVE & SELKIRK AVE", "Jurisdiction": "COV", "POINT_X": 471212.27379999962, "POINT_Y": 5365219.5404000003 }, "geometry": { "type": "MultiPoint", "coordinates": [ [ -123.389250486059382, 48.439466663228359 ] ] } },
{ "type": "Feature", "properties": { "OBJECTID": 1694, "StreetName1": "ST LAWRENCE ST", "StreetName2": "SUPERIOR ST", "Intersection": "SUPERIOR ST & ST LAWRENCE ST", "Jurisdiction": "COV", "POINT_X": 471801.59090000018, "POINT_Y": 5363265.1409000009 }, "geometry": { "type": "MultiPoint", "coordinates": [ [ -123.381151071089803, 48.421910952529835 ] ] } },
{ "type": "Feature", "properties": { "OBJECTID": 1695, "StreetName1": "MONTREAL ST", "StreetName2": "SUPERIOR ST", "Intersection": "SUPERIOR ST & MONTREAL ST", "Jurisdiction": "COV", "POINT_X": 471934.6831, "POINT_Y": 5363165.9093999993 }, "geometry": { "type": "MultiPoint", "coordinates": [ [ -123.379345565985844, 48.421024177775791 ] ] } },
{ "type": "Feature", "properties": { "OBJECTID": 1696, "StreetName1": "OSWEGO ST", "StreetName2": "SUPERIOR ST", "Intersection": "SUPERIOR ST & OSWEGO ST", "Jurisdiction": "COV", "POINT_X": 472156.21310000028, "POINT_Y": 5363003.0525000002 }, "geometry": { "type": "MultiPoint", "coordinates": [ [ -123.37634062209419, 48.419568894528616 ] ] } },
{ "type": "Feature", "properties": { "OBJECTID": 1697, "StreetName1": "MENZIES ST", "StreetName2": "SUPERIOR ST", "Intersection": "SUPERIOR ST & MENZIES ST", "Jurisdiction": "COV", "POINT_X": 472443.78639999963, "POINT_Y": 5362834.1687000003 }, "geometry": { "type": "MultiPoint", "coordinates": [ [ -123.37244288379442, 48.418062204384697 ] ] } },
{ "type": "Feature", "properties": { "OBJECTID": 1698, "StreetName1": "GOVERNMENT ST", "StreetName2": "SUPERIOR ST", "Intersection": "SUPERIOR ST & GOVERNMENT ST", "Jurisdiction": "COV", "POINT_X": 472710.702, "POINT_Y": 5362856.2323000003 }, "geometry": { "type": "MultiPoint", "coordinates": [ [ -123.368836980014635, 48.418272315354109 ] ] } },
{ "type": "Feature", "properties": { "OBJECTID": 1699, "StreetName1": "DOUGLAS ST", "StreetName2": "SUPERIOR ST", "Intersection": "SUPERIOR ST & DOUGLAS ST", "Jurisdiction": "COV", "POINT_X": 472947.1414000001, "POINT_Y": 5362879.6604999993 }, "geometry": { "type": "MultiPoint", "coordinates": [ [ -123.365643020526107, 48.418493281742478 ] ] } },
{ "type": "Feature", "properties": { "OBJECTID": 1700, "StreetName1": "COOK ST", "StreetName2": "SUTLEJ ST", "Intersection": "SUTLEJ ST & COOK ST", "Jurisdiction": "COV", "POINT_X": 473618.83040000033, "POINT_Y": 5362438.8212000001 }, "geometry": { "type": "MultiPoint", "coordinates": [ [ -123.356537386078116, 48.414555821101892 ] ] } },
{ "type": "Feature", "properties": { "OBJECTID": 1701, "StreetName1": "STORE ST", "StreetName2": "SWIFT ST", "Intersection": "SWIFT ST & STORE ST", "Jurisdiction": "COV", "POINT_X": 472657.77440000046, "POINT_Y": 5364123.9326000009 }, "geometry": { "type": "MultiPoint", "coordinates": [ [ -123.369634980383807, 48.429674675059736 ] ] } },
{ "type": "Feature", "properties": { "OBJECTID": 1702, "StreetName1": "BOYD ST", "StreetName2": "SYLVIA ST", "Intersection": "SYLVIA ST & BOYD ST", "Jurisdiction": "COV", "POINT_X": 471943.63109999988, "POINT_Y": 5362354.5381000005 }, "geometry": { "type": "MultiPoint", "coordinates": [ [ -123.379170343405207, 48.413725209138832 ] ] } },
{ "type": "Feature", "properties": { "OBJECTID": 1703, "StreetName1": "OREGON AVE", "StreetName2": "TAUNTON ST", "Intersection": "TAUNTON ST & OREGON AVE", "Jurisdiction": "COV", "POINT_X": 474623.02539999969, "POINT_Y": 5364377.0648999996 }, "geometry": { "type": "MultiPoint", "coordinates": [ [ -123.343084013176082, 48.432034208771952 ] ] } },
{ "type": "Feature", "properties": { "OBJECTID": 1704, "StreetName1": "MOUNTBATTEN PL", "StreetName2": "TERRACE AVE", "Intersection": "TERRACE AVE & MOUNTBATTEN PL", "Jurisdiction": "COV", "POINT_X": 475204.1606000001, "POINT_Y": 5363491.5346000008 }, "geometry": { "type": "MultiPoint", "coordinates": [ [ -123.335175452386892, 48.424090812879761 ] ] } },
{ "type": "Feature", "properties": { "OBJECTID": 1705, "StreetName1": "OAK BAY AVE", "StreetName2": "TERRACE AVE", "Intersection": "TERRACE AVE & OAK BAY AVE", "Jurisdiction": "COV", "POINT_X": 475221.71779999975, "POINT_Y": 5363760.0670999996 }, "geometry": { "type": "MultiPoint", "coordinates": [ [ -123.334954013350938, 48.426507320237071 ] ] } },
{ "type": "Feature", "properties": { "OBJECTID": 1706, "StreetName1": "ROCKLAND AVE", "StreetName2": "TERRACE AVE", "Intersection": "TERRACE AVE & ROCKLAND AVE", "Jurisdiction": "COV", "POINT_X": 475297.40280000027, "POINT_Y": 5363311.4008000009 }, "geometry": { "type": "MultiPoint", "coordinates": [ [ -123.333904524258699, 48.422473926772092 ] ] } },
{ "type": "Feature", "properties": { "OBJECTID": 1707, "StreetName1": "ARTHUR AVE", "StreetName2": "THE RISE", "Intersection": "THE RISE & ARTHUR AVE", "Jurisdiction": "COV", "POINT_X": 473993.4112999998, "POINT_Y": 5365744.8482000008 }, "geometry": { "type": "MultiPoint", "coordinates": [ [ -123.35168046252376, 48.444313546766779 ] ] } },
{ "type": "Feature", "properties": { "OBJECTID": 1708, "StreetName1": "MONTROSE AVE", "StreetName2": "THE RISE", "Intersection": "THE RISE & MONTROSE AVE", "Jurisdiction": "COV", "POINT_X": 474024.1316, "POINT_Y": 5365579.0107000005 }, "geometry": { "type": "MultiPoint", "coordinates": [ [ -123.351254778499055, 48.442822888056796 ] ] } },
{ "type": "Feature", "properties": { "OBJECTID": 1709, "StreetName1": "NIAGARA ST", "StreetName2": "THETIS LANE", "Intersection": "THETIS LANE & NIAGARA ST", "Jurisdiction": "COV", "POINT_X": 472665.304, "POINT_Y": 5362035.1341999993 }, "geometry": { "type": "MultiPoint", "coordinates": [ [ -123.369397018452929, 48.410883462420266 ] ] } },
{ "type": "Feature", "properties": { "OBJECTID": 1710, "StreetName1": "BEACON ST", "StreetName2": "THETIS LANE", "Intersection": "THETIS LANE & BEACON ST", "Jurisdiction": "COV", "POINT_X": 472693.2763, "POINT_Y": 5362148.8238999993 }, "geometry": { "type": "MultiPoint", "coordinates": [ [ -123.369026429290912, 48.411907468038159 ] ] } },
{ "type": "Feature", "properties": { "OBJECTID": 1711, "StreetName1": "MOSS ST", "StreetName2": "THURLOW RD", "Intersection": "THURLOW RD & MOSS ST", "Jurisdiction": "COV", "POINT_X": 474208.38590000011, "POINT_Y": 5362627.3158 }, "geometry": { "type": "MultiPoint", "coordinates": [ [ -123.348581720969733, 48.416275998494115 ] ] } },
{ "type": "Feature", "properties": { "OBJECTID": 1712, "StreetName1": "DURBAN ST", "StreetName2": "THURLOW RD", "Intersection": "THURLOW RD & DURBAN ST", "Jurisdiction": "COV", "POINT_X": 474426.20050000027, "POINT_Y": 5362500.2105 }, "geometry": { "type": "MultiPoint", "coordinates": [ [ -123.345630321658362, 48.415141391811154 ] ] } },
{ "type": "Feature", "properties": { "OBJECTID": 1713, "StreetName1": "KIPLING ST", "StreetName2": "THURLOW RD", "Intersection": "THURLOW RD & KIPLING ST", "Jurisdiction": "COV", "POINT_X": 474502.77020000014, "POINT_Y": 5362413.0357000008 }, "geometry": { "type": "MultiPoint", "coordinates": [ [ -123.344590246081054, 48.414360238332463 ] ] } },
{ "type": "Feature", "properties": { "OBJECTID": 1714, "StreetName1": "CLIFFORD ST", "StreetName2": "THURLOW RD", "Intersection": "THURLOW RD & CLIFFORD ST", "Jurisdiction": "COV", "POINT_X": 474551.67750000022, "POINT_Y": 5362357.8812000006 }, "geometry": { "type": "MultiPoint", "coordinates": [ [ -123.343925968117063, 48.413866025183957 ] ] } },
{ "type": "Feature", "properties": { "OBJECTID": 1715, "StreetName1": "FAIRFIELD RD", "StreetName2": "THURLOW RD", "Intersection": "THURLOW RD & FAIRFIELD RD", "Jurisdiction": "COV", "POINT_X": 474631.83029999956, "POINT_Y": 5362137.1835999992 }, "geometry": { "type": "MultiPoint", "coordinates": [ [ -123.342829448797175, 48.411883778731152 ] ] } },
{ "type": "Feature", "properties": { "OBJECTID": 1716, "StreetName1": "DOUGLAS ST", "StreetName2": "TOLMIE AVE", "Intersection": "TOLMIE AVE & DOUGLAS ST", "Jurisdiction": "COV", "POINT_X": 472467.73070000019, "POINT_Y": 5366134.9302999992 }, "geometry": { "type": "MultiPoint", "coordinates": [ [ -123.372336173566055, 48.447757948482177 ] ] } },
{ "type": "Feature", "properties": { "OBJECTID": 1717, "StreetName1": "BLANSHARD ST", "StreetName2": "TOLMIE AVE", "Intersection": "TOLMIE AVE & BLANSHARD ST", "Jurisdiction": "COV", "POINT_X": 472788.0428, "POINT_Y": 5366189.5007500006 }, "geometry": { "type": "MultiPoint", "coordinates": [ [ -123.368116466726335, 48.448250165250172 ], [ -123.367899950484258, 48.448275460350132 ] ] } },
{ "type": "Feature", "properties": { "OBJECTID": 1718, "StreetName1": "ALDER ST", "StreetName2": "TOLMIE AVE", "Intersection": "TOLMIE AVE & ALDER ST", "Jurisdiction": "COV", "POINT_X": 472891.12930000015, "POINT_Y": 5366207.1181000005 }, "geometry": { "type": "MultiPoint", "coordinates": [ [ -123.36661531861769, 48.448425753062068 ] ] } },
{ "type": "Feature", "properties": { "OBJECTID": 1719, "StreetName1": "RUTLEDGE ST", "StreetName2": "TOLMIE AVE", "Intersection": "TOLMIE AVE & RUTLEDGE ST", "Jurisdiction": "COV", "POINT_X": 472978.1640999997, "POINT_Y": 5366221.9934 }, "geometry": { "type": "MultiPoint", "coordinates": [ [ -123.365439309937784, 48.448563319060767 ] ] } },
{ "type": "Feature", "properties": { "OBJECTID": 1720, "StreetName1": "GLASGOW ST", "StreetName2": "TOLMIE AVE", "Intersection": "TOLMIE AVE & GLASGOW ST", "Jurisdiction": "COV", "POINT_X": 473137.08029999956, "POINT_Y": 5366249.1543000005 }, "geometry": { "type": "MultiPoint", "coordinates": [ [ -123.363292027809464, 48.44881447062631 ] ] } },
{ "type": "Feature", "properties": { "OBJECTID": 1721, "StreetName1": "QUADRA ST", "StreetName2": "TOLMIE AVE", "Intersection": "TOLMIE AVE & QUADRA ST", "Jurisdiction": "COV", "POINT_X": 473238.32490000036, "POINT_Y": 5366266.4583000001 }, "geometry": { "type": "MultiPoint", "coordinates": [ [ -123.361923995514999, 48.448974456494007 ] ] } },
{ "type": "Feature", "properties": { "OBJECTID": 1722, "StreetName1": "FIFTH ST", "StreetName2": "TOLMIE AVE", "Intersection": "TOLMIE AVE & FIFTH ST", "Jurisdiction": "COV", "POINT_X": 473339.30819999985, "POINT_Y": 5366282.8195999991 }, "geometry": { "type": "MultiPoint", "coordinates": [ [ -123.360559428103329, 48.449125934230693 ] ] } },
{ "type": "Feature", "properties": { "OBJECTID": 1723, "StreetName1": "JACKSON ST", "StreetName2": "TOLMIE AVE", "Intersection": "TOLMIE AVE & JACKSON ST", "Jurisdiction": "COV", "POINT_X": 473463.21239999961, "POINT_Y": 5366301.2217999995 }, "geometry": { "type": "MultiPoint", "coordinates": [ [ -123.358885017845324, 48.449296723379192 ] ] } },
{ "type": "Feature", "properties": { "OBJECTID": 1724, "StreetName1": "SOMERSET ST", "StreetName2": "TOLMIE AVE", "Intersection": "TOLMIE AVE & SOMERSET ST", "Jurisdiction": "COV", "POINT_X": 473575.267, "POINT_Y": 5366319.1007000003 }, "geometry": { "type": "MultiPoint", "coordinates": [ [ -123.357370808383692, 48.449462282928593 ] ] } },
{ "type": "Feature", "properties": { "OBJECTID": 1725, "StreetName1": "COOK ST", "StreetName2": "TOLMIE AVE", "Intersection": "TOLMIE AVE & COOK ST", "Jurisdiction": "COV", "POINT_X": 474081.36170000024, "POINT_Y": 5366399.4184000008 }, "geometry": { "type": "MultiPoint", "coordinates": [ [ -123.350499547001277, 48.450209652898444 ] ] } },
{ "type": "Feature", "properties": { "OBJECTID": 1726, "StreetName1": "DOUGLAS ST", "StreetName2": "TOLMIE LANE", "Intersection": "TOLMIE LANE & DOUGLAS ST", "Jurisdiction": "COV", "POINT_X": 472467.73070000019, "POINT_Y": 5366134.9302999992 }, "geometry": { "type": "MultiPoint", "coordinates": [ [ -123.372336173566055, 48.447757948482177 ] ] } },
{ "type": "Feature", "properties": { "OBJECTID": 1727, "StreetName1": "TOLMIE AVE", "StreetName2": "TOLMIE PL", "Intersection": "TOLMIE PL & TOLMIE AVE", "Jurisdiction": "COV", "POINT_X": 474216.96949999966, "POINT_Y": 5366421.1457000002 }, "geometry": { "type": "MultiPoint", "coordinates": [ [ -123.34886197651025, 48.45038909406712 ] ] } },
{ "type": "Feature", "properties": { "OBJECTID": 1728, "StreetName1": "DOUGLAS ST", "StreetName2": "TOPAZ AVE", "Intersection": "TOPAZ AVE & DOUGLAS ST", "Jurisdiction": "COV", "POINT_X": 472736.44, "POINT_Y": 5365427.1512000002 }, "geometry": { "type": "MultiPoint", "coordinates": [ [ -123.368656391360247, 48.441402252741632 ] ] } },
{ "type": "Feature", "properties": { "OBJECTID": 1729, "StreetName1": "QUESNEL ST", "StreetName2": "TOPAZ AVE", "Intersection": "TOPAZ AVE & QUESNEL ST", "Jurisdiction": "COV", "POINT_X": 472892.56450000033, "POINT_Y": 5365455.614 }, "geometry": { "type": "MultiPoint", "coordinates": [ [ -123.366547258399351, 48.441665055921618 ] ] } },
{ "type": "Feature", "properties": { "OBJECTID": 1730, "StreetName1": "NANAIMO ST", "StreetName2": "TOPAZ AVE", "Intersection": "TOPAZ AVE & NANAIMO ST", "Jurisdiction": "COV", "POINT_X": 472964.52610000037, "POINT_Y": 5365470.769 }, "geometry": { "type": "MultiPoint", "coordinates": [ [ -123.365575231466011, 48.441804490015556 ] ] } },
{ "type": "Feature", "properties": { "OBJECTID": 1731, "StreetName1": "BLANSHARD ST", "StreetName2": "TOPAZ AVE", "Intersection": "TOPAZ AVE & BLANSHARD ST", "Jurisdiction": "COV", "POINT_X": 473057.24344999983, "POINT_Y": 5365485.0832500011 }, "geometry": { "type": "MultiPoint", "coordinates": [ [ -123.364428499146257, 48.441924612157869 ], [ -123.36421650360171, 48.441949869862839 ] ] } },
{ "type": "Feature", "properties": { "OBJECTID": 1732, "StreetName1": "GILLIE PL", "StreetName2": "TOPAZ AVE", "Intersection": "TOPAZ AVE & GILLIE PL", "Jurisdiction": "COV", "POINT_X": 473270.70320000034, "POINT_Y": 5365525.2639000006 }, "geometry": { "type": "MultiPoint", "coordinates": [ [ -123.361438823054755, 48.44230781978353 ] ] } },
{ "type": "Feature", "properties": { "OBJECTID": 1733, "StreetName1": "QUADRA ST", "StreetName2": "TOPAZ AVE", "Intersection": "TOPAZ AVE & QUADRA ST", "Jurisdiction": "COV", "POINT_X": 473372.23749999981, "POINT_Y": 5365544.4304000009 }, "geometry": { "type": "MultiPoint", "coordinates": [ [ -123.36006716072022, 48.442484551277701 ] ] } },
{ "type": "Feature", "properties": { "OBJECTID": 1734, "StreetName1": "FIFTH ST", "StreetName2": "TOPAZ AVE", "Intersection": "TOPAZ AVE & FIFTH ST", "Jurisdiction": "COV", "POINT_X": 473471.3997, "POINT_Y": 5365563.6581999995 }, "geometry": { "type": "MultiPoint", "coordinates": [ [ -123.358727566892583, 48.442661717939117 ] ] } },
{ "type": "Feature", "properties": { "OBJECTID": 1735, "StreetName1": "GRAHAM ST", "StreetName2": "TOPAZ AVE", "Intersection": "TOPAZ AVE & GRAHAM ST", "Jurisdiction": "COV", "POINT_X": 473570.47140000015, "POINT_Y": 5365582.8312 }, "geometry": { "type": "MultiPoint", "coordinates": [ [ -123.357389183901589, 48.442838372226042 ] ] } },
{ "type": "Feature", "properties": { "OBJECTID": 1736, "StreetName1": "PRIOR ST", "StreetName2": "TOPAZ AVE", "Intersection": "TOPAZ AVE & PRIOR ST", "Jurisdiction": "COV", "POINT_X": 473669.2276999997, "POINT_Y": 5365601.1602999996 }, "geometry": { "type": "MultiPoint", "coordinates": [ [ -123.356055003179236, 48.443007405778211 ] ] } },
{ "type": "Feature", "properties": { "OBJECTID": 1737, "StreetName1": "BLACKWOOD ST", "StreetName2": "TOPAZ AVE", "Intersection": "TOPAZ AVE & BLACKWOOD ST", "Jurisdiction": "COV", "POINT_X": 473767.96580000035, "POINT_Y": 5365619.4861999992 }, "geometry": { "type": "MultiPoint", "coordinates": [ [ -123.354721059413677, 48.443176394332433 ] ] } },
{ "type": "Feature", "properties": { "OBJECTID": 1738, "StreetName1": "THE RISE", "StreetName2": "TOPAZ AVE", "Intersection": "TOPAZ AVE & THE RISE", "Jurisdiction": "COV", "POINT_X": 474008.1705, "POINT_Y": 5365664.0687000006 }, "geometry": { "type": "MultiPoint", "coordinates": [ [ -123.351475876018227, 48.443587438226444 ] ] } },
{ "type": "Feature", "properties": { "OBJECTID": 1739, "StreetName1": "MENZIES ST", "StreetName2": "TORONTO ST", "Intersection": "TORONTO ST & MENZIES ST", "Jurisdiction": "COV", "POINT_X": 472332.2867000001, "POINT_Y": 5362535.7566999998 }, "geometry": { "type": "MultiPoint", "coordinates": [ [ -123.373930103439221, 48.415372701175016 ] ] } },
{ "type": "Feature", "properties": { "OBJECTID": 1740, "StreetName1": "PARRY ST", "StreetName2": "TORONTO ST", "Intersection": "TORONTO ST & PARRY ST", "Jurisdiction": "COV", "POINT_X": 472445.45359999966, "POINT_Y": 5362545.1897 }, "geometry": { "type": "MultiPoint", "coordinates": [ [ -123.372401364218149, 48.415462523390559 ] ] } },
{ "type": "Feature", "properties": { "OBJECTID": 1741, "StreetName1": "POWELL ST", "StreetName2": "TORONTO ST", "Intersection": "TORONTO ST & POWELL ST", "Jurisdiction": "COV", "POINT_X": 472559.3619, "POINT_Y": 5362556.4459000006 }, "geometry": { "type": "MultiPoint", "coordinates": [ [ -123.370862719329267, 48.415568759738136 ] ] } },
{ "type": "Feature", "properties": { "OBJECTID": 1742, "StreetName1": "HEATHER ST", "StreetName2": "TORONTO ST", "Intersection": "TORONTO ST & HEATHER ST", "Jurisdiction": "COV", "POINT_X": 472621.0685000001, "POINT_Y": 5362561.8687999994 }, "geometry": { "type": "MultiPoint", "coordinates": [ [ -123.370029155195695, 48.415620230702778 ] ] } },
{ "type": "Feature", "properties": { "OBJECTID": 1743, "StreetName1": "GOVERNMENT ST", "StreetName2": "TORONTO ST", "Intersection": "TORONTO ST & GOVERNMENT ST", "Jurisdiction": "COV", "POINT_X": 472693.78359999973, "POINT_Y": 5362568.2591999993 }, "geometry": { "type": "MultiPoint", "coordinates": [ [ -123.369046880445296, 48.415680876835353 ] ] } },
{ "type": "Feature", "properties": { "OBJECTID": 1744, "StreetName1": "HUNTINGTON PL", "StreetName2": "TORONTO ST", "Intersection": "TORONTO ST & HUNTINGTON PL", "Jurisdiction": "COV", "POINT_X": 472832.59219999984, "POINT_Y": 5362581.4474999998 }, "geometry": { "type": "MultiPoint", "coordinates": [ [ -123.36717183656063, 48.415805524465604 ] ] } },
{ "type": "Feature", "properties": { "OBJECTID": 1745, "StreetName1": "DOUGLAS ST", "StreetName2": "TORONTO ST", "Intersection": "TORONTO ST & DOUGLAS ST", "Jurisdiction": "COV", "POINT_X": 472929.34389999975, "POINT_Y": 5362590.3812000006 }, "geometry": { "type": "MultiPoint", "coordinates": [ [ -123.36586488030305, 48.415890059934263 ] ] } },
{ "type": "Feature", "properties": { "OBJECTID": 1746, "StreetName1": "COOK ST", "StreetName2": "TOVIDO LANE", "Intersection": "TOVIDO LANE & COOK ST", "Jurisdiction": "COV", "POINT_X": 474139.12179999985, "POINT_Y": 5366081.0138000008 }, "geometry": { "type": "MultiPoint", "coordinates": [ [ -123.349730943133679, 48.447343803785188 ] ] } },
{ "type": "Feature", "properties": { "OBJECTID": 1747, "StreetName1": "FORT ST", "StreetName2": "TRENT ST", "Intersection": "TRENT ST & FORT ST", "Jurisdiction": "COV", "POINT_X": 476039.3657, "POINT_Y": 5364352.9310999997 }, "geometry": { "type": "MultiPoint", "coordinates": [ [ -123.323935593110193, 48.431872583378968 ] ] } },
{ "type": "Feature", "properties": { "OBJECTID": 1748, "StreetName1": "FAIRFIELD RD", "StreetName2": "SU'IT ST", "Intersection": "SU'IT ST & FAIRFIELD RD", "Jurisdiction": "COV", "POINT_X": 473844.65149999969, "POINT_Y": 5362757.1622000001 }, "geometry": { "type": "MultiPoint", "coordinates": [ [ -123.353505493309044, 48.417429147345771 ] ] } },
{ "type": "Feature", "properties": { "OBJECTID": 1749, "StreetName1": "COLLINSON ST", "StreetName2": "SU'IT ST", "Intersection": "SU'IT ST & COLLINSON ST", "Jurisdiction": "COV", "POINT_X": 473865.83320000023, "POINT_Y": 5362889.1165999994 }, "geometry": { "type": "MultiPoint", "coordinates": [ [ -123.353227451430953, 48.418617135601068 ] ] } },
{ "type": "Feature", "properties": { "OBJECTID": 1750, "StreetName1": "RICHARDSON ST", "StreetName2": "SU'IT ST", "Intersection": "SU'IT ST & RICHARDSON ST", "Jurisdiction": "COV", "POINT_X": 473881.17559999973, "POINT_Y": 5362979.1022999994 }, "geometry": { "type": "MultiPoint", "coordinates": [ [ -123.353025702875755, 48.419427315473826 ] ] } },
{ "type": "Feature", "properties": { "OBJECTID": 1751, "StreetName1": "DAVID ST", "StreetName2": "TURNER ST", "Intersection": "TURNER ST & DAVID ST", "Jurisdiction": "COV", "POINT_X": 472224.26620000042, "POINT_Y": 5364986.5414000005 }, "geometry": { "type": "MultiPoint", "coordinates": [ [ -123.375552320932499, 48.43741600066322 ] ] } },
{ "type": "Feature", "properties": { "OBJECTID": 1752, "StreetName1": "HILLSIDE AVE", "StreetName2": "TURNER ST", "Intersection": "TURNER ST & HILLSIDE AVE", "Jurisdiction": "COV", "POINT_X": 472248.16739999969, "POINT_Y": 5364901.7091000006 }, "geometry": { "type": "MultiPoint", "coordinates": [ [ -123.375223555865801, 48.436653877331828 ] ] } },
{ "type": "Feature", "properties": { "OBJECTID": 1753, "StreetName1": "JOHN ST", "StreetName2": "TURNER ST", "Intersection": "TURNER ST & JOHN ST", "Jurisdiction": "COV", "POINT_X": 472272.916, "POINT_Y": 5364813.8688999992 }, "geometry": { "type": "MultiPoint", "coordinates": [ [ -123.374883145080616, 48.435864730257265 ] ] } },
{ "type": "Feature", "properties": { "OBJECTID": 1754, "StreetName1": "BAY ST", "StreetName2": "TURNER ST", "Intersection": "TURNER ST & BAY ST", "Jurisdiction": "COV", "POINT_X": 472298.13179999962, "POINT_Y": 5364725.0283000004 }, "geometry": { "type": "MultiPoint", "coordinates": [ [ -123.374536362485685, 48.435066602687876 ] ] } },
{ "type": "Feature", "properties": { "OBJECTID": 1755, "StreetName1": "FINLAYSON PL", "StreetName2": "TWIN OAKS LANE", "Intersection": "TWIN OAKS LANE & FINLAYSON PL", "Jurisdiction": "COV", "POINT_X": 474326.3284, "POINT_Y": 5366140.2301000003 }, "geometry": { "type": "MultiPoint", "coordinates": [ [ -123.347203034440824, 48.447884197755016 ] ] } },
{ "type": "Feature", "properties": { "OBJECTID": 1756, "StreetName1": "RAYNOR AVE", "StreetName2": "TYEE RD", "Intersection": "TYEE RD & RAYNOR AVE", "Jurisdiction": "COV", "POINT_X": 471699.511, "POINT_Y": 5364863.4879000001 }, "geometry": { "type": "MultiPoint", "coordinates": [ [ -123.382638709685921, 48.436285602725583 ] ] } },
{ "type": "Feature", "properties": { "OBJECTID": 1757, "StreetName1": "GAUDIN RD", "StreetName2": "TYEE RD", "Intersection": "TYEE RD & GAUDIN RD", "Jurisdiction": "COV", "POINT_X": 471762.93250000011, "POINT_Y": 5364722.2232000008 }, "geometry": { "type": "MultiPoint", "coordinates": [ [ -123.381771747083249, 48.435017590548775 ] ] } },
{ "type": "Feature", "properties": { "OBJECTID": 1758, "StreetName1": "LANGFORD ST", "StreetName2": "TYEE RD", "Intersection": "TYEE RD & LANGFORD ST", "Jurisdiction": "COV", "POINT_X": 471768.24660000019, "POINT_Y": 5364655.1800999995 }, "geometry": { "type": "MultiPoint", "coordinates": [ [ -123.381695385919215, 48.434414688745143 ] ] } },
{ "type": "Feature", "properties": { "OBJECTID": 1759, "StreetName1": "BAY ST", "StreetName2": "TYEE RD", "Intersection": "TYEE RD & BAY ST", "Jurisdiction": "COV", "POINT_X": 471849.6484000003, "POINT_Y": 5364584.9121000003 }, "geometry": { "type": "MultiPoint", "coordinates": [ [ -123.380590175246979, 48.433786181192467 ] ] } },
{ "type": "Feature", "properties": { "OBJECTID": 1760, "StreetName1": "HARBOUR RD", "StreetName2": "TYEE RD", "Intersection": "TYEE RD & HARBOUR RD", "Jurisdiction": "COV", "POINT_X": 471931.4478000002, "POINT_Y": 5364411.7698999997 }, "geometry": { "type": "MultiPoint", "coordinates": [ [ -123.379472725209652, 48.432232192447614 ] ] } },
{ "type": "Feature", "properties": { "OBJECTID": 1761, "StreetName1": "KIMTA RD", "StreetName2": "TYEE RD", "Intersection": "TYEE RD & KIMTA RD", "Jurisdiction": "COV", "POINT_X": 472077.20579999965, "POINT_Y": 5363873.9288999997 }, "geometry": { "type": "MultiPoint", "coordinates": [ [ -123.377466436524173, 48.427400085531929 ] ] } },
{ "type": "Feature", "properties": { "OBJECTID": 1762, "StreetName1": "ESQUIMALT RD", "StreetName2": "TYEE RD", "Intersection": "TYEE RD & ESQUIMALT RD", "Jurisdiction": "COV", "POINT_X": 472081.38069999963, "POINT_Y": 5363992.9422999993 }, "geometry": { "type": "MultiPoint", "coordinates": [ [ -123.377417930856723, 48.428470953181382 ] ] } },
{ "type": "Feature", "properties": { "OBJECTID": 1763, "StreetName1": "PARK BLVD", "StreetName2": "VANCOUVER ST", "Intersection": "VANCOUVER ST & PARK BLVD", "Jurisdiction": "COV", "POINT_X": 473405.4529, "POINT_Y": 5362249.3584000003 }, "geometry": { "type": "MultiPoint", "coordinates": [ [ -123.359408955377589, 48.412842374672721 ] ] } },
{ "type": "Feature", "properties": { "OBJECTID": 1764, "StreetName1": "OLIPHANT AVE", "StreetName2": "VANCOUVER ST", "Intersection": "VANCOUVER ST & OLIPHANT AVE", "Jurisdiction": "COV", "POINT_X": 473408.15450000018, "POINT_Y": 5362364.6796000004 }, "geometry": { "type": "MultiPoint", "coordinates": [ [ -123.359379758362266, 48.413879959782321 ] ] } },
{ "type": "Feature", "properties": { "OBJECTID": 1765, "StreetName1": "SUTLEJ ST", "StreetName2": "VANCOUVER ST", "Intersection": "VANCOUVER ST & SUTLEJ ST", "Jurisdiction": "COV", "POINT_X": 473410.7528, "POINT_Y": 5362476.0928000007 }, "geometry": { "type": "MultiPoint", "coordinates": [ [ -123.359351708524628, 48.41488238257282 ] ] } },
{ "type": "Feature", "properties": { "OBJECTID": 1766, "StreetName1": "PENDERGAST ST", "StreetName2": "VANCOUVER ST", "Intersection": "VANCOUVER ST & PENDERGAST ST", "Jurisdiction": "COV", "POINT_X": 473413.10039999988, "POINT_Y": 5362576.7536999993 }, "geometry": { "type": "MultiPoint", "coordinates": [ [ -123.359326364097726, 48.415788063078942 ] ] } },
{ "type": "Feature", "properties": { "OBJECTID": 1767, "StreetName1": "SOUTHGATE ST", "StreetName2": "VANCOUVER ST", "Intersection": "VANCOUVER ST & SOUTHGATE ST", "Jurisdiction": "COV", "POINT_X": 473415.3728, "POINT_Y": 5362674.1898999996 }, "geometry": { "type": "MultiPoint", "coordinates": [ [ -123.35930183073296, 48.416664729718377 ] ] } },
{ "type": "Feature", "properties": { "OBJECTID": 1768, "StreetName1": "HARLING LANE", "StreetName2": "VANCOUVER ST", "Intersection": "VANCOUVER ST & HARLING LANE", "Jurisdiction": "COV", "POINT_X": 473445.67989999987, "POINT_Y": 5362720.933 }, "geometry": { "type": "MultiPoint", "coordinates": [ [ -123.358895203640273, 48.417086525461059 ] ] } },
{ "type": "Feature", "properties": { "OBJECTID": 1769, "StreetName1": "HUMBOLDT ST", "StreetName2": "VANCOUVER ST", "Intersection": "VANCOUVER ST & HUMBOLDT ST", "Jurisdiction": "COV", "POINT_X": 473461.50129999965, "POINT_Y": 5362737.432 }, "geometry": { "type": "MultiPoint", "coordinates": [ [ -123.358682426842279, 48.417235623023295 ] ] } },
{ "type": "Feature", "properties": { "OBJECTID": 1770, "StreetName1": "PAKINGTON ST", "StreetName2": "VANCOUVER ST", "Intersection": "VANCOUVER ST & PAKINGTON ST", "Jurisdiction": "COV", "POINT_X": 473479.34910000023, "POINT_Y": 5362768.3801000006 }, "geometry": { "type": "MultiPoint", "coordinates": [ [ -123.358443176321288, 48.417514794735361 ] ] } },
{ "type": "Feature", "properties": { "OBJECTID": 1771, "StreetName1": "FAIRFIELD RD", "StreetName2": "VANCOUVER ST", "Intersection": "VANCOUVER ST & FAIRFIELD RD", "Jurisdiction": "COV", "POINT_X": 473495.27020000014, "POINT_Y": 5362857.7383999992 }, "geometry": { "type": "MultiPoint", "coordinates": [ [ -123.358233654176431, 48.418319363730141 ] ] } },
{ "type": "Feature", "properties": { "OBJECTID": 1772, "StreetName1": "COLLINSON ST", "StreetName2": "VANCOUVER ST", "Intersection": "VANCOUVER ST & COLLINSON ST", "Jurisdiction": "COV", "POINT_X": 473509.688, "POINT_Y": 5362948.7574000005 }, "geometry": { "type": "MultiPoint", "coordinates": [ [ -123.358044547813563, 48.419138809273306 ] ] } },
{ "type": "Feature", "properties": { "OBJECTID": 1773, "StreetName1": "RICHARDSON ST", "StreetName2": "VANCOUVER ST", "Intersection": "VANCOUVER ST & RICHARDSON ST", "Jurisdiction": "COV", "POINT_X": 473524.8448000001, "POINT_Y": 5363038.6575000007 }, "geometry": { "type": "MultiPoint", "coordinates": [ [ -123.357845376891575, 48.419948219446418 ] ] } },
{ "type": "Feature", "properties": { "OBJECTID": 1774, "StreetName1": "MCCLURE ST", "StreetName2": "VANCOUVER ST", "Intersection": "VANCOUVER ST & MCCLURE ST", "Jurisdiction": "COV", "POINT_X": 473537.83420000027, "POINT_Y": 5363115.6973000001 }, "geometry": { "type": "MultiPoint", "coordinates": [ [ -123.357705257578914, 48.42051759766666 ], [ -123.357644105958016, 48.420766087039553 ] ] } },
{ "type": "Feature", "properties": { "OBJECTID": 1775, "StreetName1": "BURDETT AVE", "StreetName2": "VANCOUVER ST", "Intersection": "VANCOUVER ST & BURDETT AVE", "Jurisdiction": "COV", "POINT_X": 473554.04030000046, "POINT_Y": 5363211.8177000005 }, "geometry": { "type": "MultiPoint", "coordinates": [ [ -123.357461709517651, 48.421507255758037 ] ] } },
{ "type": "Feature", "properties": { "OBJECTID": 1776, "StreetName1": "ROCKLAND AVE", "StreetName2": "VANCOUVER ST", "Intersection": "VANCOUVER ST & ROCKLAND AVE", "Jurisdiction": "COV", "POINT_X": 473569.57120000012, "POINT_Y": 5363303.8948999997 }, "geometry": { "type": "MultiPoint", "coordinates": [ [ -123.357257601189929, 48.422336266282031 ] ] } },
{ "type": "Feature", "properties": { "OBJECTID": 1777, "StreetName1": "MEARES ST", "StreetName2": "VANCOUVER ST", "Intersection": "VANCOUVER ST & MEARES ST", "Jurisdiction": "COV", "POINT_X": 473586.00119999982, "POINT_Y": 5363401.3016999997 }, "geometry": { "type": "MultiPoint", "coordinates": [ [ -123.357041669618013, 48.4232132609799 ] ] } },
{ "type": "Feature", "properties": { "OBJECTID": 1778, "StreetName1": "FORT ST", "StreetName2": "VANCOUVER ST", "Intersection": "VANCOUVER ST & FORT ST", "Jurisdiction": "COV", "POINT_X": 473595.3635, "POINT_Y": 5363456.7763 }, "geometry": { "type": "MultiPoint", "coordinates": [ [ -123.356918620202165, 48.423712722295861 ] ] } },
{ "type": "Feature", "properties": { "OBJECTID": 1779, "StreetName1": "KINGS RD", "StreetName2": "VANCOUVER ST", "Intersection": "VANCOUVER ST & KINGS RD", "Jurisdiction": "COV", "POINT_X": 473629.37629999965, "POINT_Y": 5365019.4267999995 }, "geometry": { "type": "MultiPoint", "coordinates": [ [ -123.356557227407933, 48.437772276201038 ] ] } },
{ "type": "Feature", "properties": { "OBJECTID": 1780, "StreetName1": "JOHNSON ST", "StreetName2": "VANCOUVER ST", "Intersection": "VANCOUVER ST & JOHNSON ST", "Jurisdiction": "COV", "POINT_X": 473641.84439999983, "POINT_Y": 5363742.4328000005 }, "geometry": { "type": "MultiPoint", "coordinates": [ [ -123.356308327008065, 48.426284533710337 ] ] } },
{ "type": "Feature", "properties": { "OBJECTID": 1781, "StreetName1": "PANDORA AVE", "StreetName2": "VANCOUVER ST", "Intersection": "VANCOUVER ST & PANDORA AVE", "Jurisdiction": "COV", "POINT_X": 473653.23034999974, "POINT_Y": 5363837.3927000007 }, "geometry": { "type": "MultiPoint", "coordinates": [ [ -123.356166867734544, 48.42735998763073 ], [ -123.356159176794193, 48.427104520597567 ], [ -123.356153914461245, 48.42691861625606 ] ] } },
{ "type": "Feature", "properties": { "OBJECTID": 1782, "StreetName1": "MASON ST", "StreetName2": "VANCOUVER ST", "Intersection": "VANCOUVER ST & MASON ST", "Jurisdiction": "COV", "POINT_X": 473658.41544999997, "POINT_Y": 5363949.2627500007 }, "geometry": { "type": "MultiPoint", "coordinates": [ [ -123.356120831748115, 48.427967673360222 ], [ -123.3560738349925, 48.428324206626435 ] ] } },
{ "type": "Feature", "properties": { "OBJECTID": 1783, "StreetName1": "BALMORAL RD", "StreetName2": "VANCOUVER ST", "Intersection": "VANCOUVER ST & BALMORAL RD", "Jurisdiction": "COV", "POINT_X": 473665.337, "POINT_Y": 5364026.0547000002 }, "geometry": { "type": "MultiPoint", "coordinates": [ [ -123.356008596082688, 48.428837075979459 ] ] } },
{ "type": "Feature", "properties": { "OBJECTID": 1784, "StreetName1": "NORTH PARK ST", "StreetName2": "VANCOUVER ST", "Intersection": "VANCOUVER ST & NORTH PARK ST", "Jurisdiction": "COV", "POINT_X": 473675.08469999954, "POINT_Y": 5364124.8490999993 }, "geometry": { "type": "MultiPoint", "coordinates": [ [ -123.355883034698465, 48.429726271454165 ] ] } },
{ "type": "Feature", "properties": { "OBJECTID": 1785, "StreetName1": "CALEDONIA AVE", "StreetName2": "VANCOUVER ST", "Intersection": "VANCOUVER ST & CALEDONIA AVE", "Jurisdiction": "COV", "POINT_X": 473685.58579999954, "POINT_Y": 5364224.2545999996 }, "geometry": { "type": "MultiPoint", "coordinates": [ [ -123.355747322737656, 48.43062099581163 ] ] } },
{ "type": "Feature", "properties": { "OBJECTID": 1786, "StreetName1": "GREEN ST", "StreetName2": "VANCOUVER ST", "Intersection": "VANCOUVER ST & GREEN ST", "Jurisdiction": "COV", "POINT_X": 473692.60170000046, "POINT_Y": 5364306.8346999995 }, "geometry": { "type": "MultiPoint", "coordinates": [ [ -123.355657664422822, 48.431364207330134 ] ] } },
{ "type": "Feature", "properties": { "OBJECTID": 1787, "StreetName1": "PEMBROKE ST", "StreetName2": "VANCOUVER ST", "Intersection": "VANCOUVER ST & PEMBROKE ST", "Jurisdiction": "COV", "POINT_X": 473699.4167, "POINT_Y": 5364387.0522000007 }, "geometry": { "type": "MultiPoint", "coordinates": [ [ -123.35557057115345, 48.432086155556696 ] ] } },
{ "type": "Feature", "properties": { "OBJECTID": 1788, "StreetName1": "BAY ST", "StreetName2": "VANCOUVER ST", "Intersection": "VANCOUVER ST & BAY ST", "Jurisdiction": "COV", "POINT_X": 473706.37524999981, "POINT_Y": 5364728.6135999998 }, "geometry": { "type": "MultiPoint", "coordinates": [ [ -123.355844997132834, 48.435178410203271 ], [ -123.355150875685851, 48.4351400809118 ] ] } },
{ "type": "Feature", "properties": { "OBJECTID": 1789, "StreetName1": "PRINCESS AVE", "StreetName2": "VANCOUVER ST", "Intersection": "VANCOUVER ST & PRINCESS AVE", "Jurisdiction": "COV", "POINT_X": 473708.57320000045, "POINT_Y": 5364479.9046999998 }, "geometry": { "type": "MultiPoint", "coordinates": [ [ -123.35545261394472, 48.43292187008705 ] ] } },
{ "type": "Feature", "properties": { "OBJECTID": 1790, "StreetName1": "QUEENS AVE", "StreetName2": "VANCOUVER ST", "Intersection": "VANCOUVER ST & QUEENS AVE", "Jurisdiction": "COV", "POINT_X": 473717.54270000011, "POINT_Y": 5364571.7611999996 }, "geometry": { "type": "MultiPoint", "coordinates": [ [ -123.355337118532162, 48.433748616230972 ] ] } },
{ "type": "Feature", "properties": { "OBJECTID": 1791, "StreetName1": "EMPRESS AVE", "StreetName2": "VANCOUVER ST", "Intersection": "VANCOUVER ST & EMPRESS AVE", "Jurisdiction": "COV", "POINT_X": 473726.958, "POINT_Y": 5364668.4307000004 }, "geometry": { "type": "MultiPoint", "coordinates": [ [ -123.355215894365912, 48.434618680094509 ] ] } },
{ "type": "Feature", "properties": { "OBJECTID": 1792, "StreetName1": "HAULTAIN ST", "StreetName2": "VICTOR ST", "Intersection": "VICTOR ST & HAULTAIN ST", "Jurisdiction": "COV", "POINT_X": 475048.04150000028, "POINT_Y": 5364830.4907000009 }, "geometry": { "type": "MultiPoint", "coordinates": [ [ -123.33736537038267, 48.436130371822266 ] ] } },
{ "type": "Feature", "properties": { "OBJECTID": 1793, "StreetName1": "KINGS RD", "StreetName2": "VICTOR ST", "Intersection": "VICTOR ST & KINGS RD", "Jurisdiction": "COV", "POINT_X": 475053.04459999967, "POINT_Y": 5365048.3546999991 }, "geometry": { "type": "MultiPoint", "coordinates": [ [ -123.337310704447759, 48.438090549637764 ] ] } },
{ "type": "Feature", "properties": { "OBJECTID": 1794, "StreetName1": "RYAN ST", "StreetName2": "VICTOR ST", "Intersection": "VICTOR ST & RYAN ST", "Jurisdiction": "COV", "POINT_X": 475058.22140000015, "POINT_Y": 5365266.2907999996 }, "geometry": { "type": "MultiPoint", "coordinates": [ [ -123.337253690433087, 48.440051382285858 ] ] } },
{ "type": "Feature", "properties": { "OBJECTID": 1795, "StreetName1": "BAY ST", "StreetName2": "VICTOR ST", "Intersection": "VICTOR ST & BAY ST", "Jurisdiction": "COV", "POINT_X": 475059.79804999981, "POINT_Y": 5364606.4471499994 }, "geometry": { "type": "MultiPoint", "coordinates": [ [ -123.337432908455398, 48.43412690747877 ], [ -123.336953265948637, 48.434103620135652 ] ] } },
{ "type": "Feature", "properties": { "OBJECTID": 1796, "StreetName1": "PEMBROKE ST", "StreetName2": "VICTOR ST", "Intersection": "VICTOR ST & PEMBROKE ST", "Jurisdiction": "COV", "POINT_X": 475064.31830000039, "POINT_Y": 5364280.2492999993 }, "geometry": { "type": "MultiPoint", "coordinates": [ [ -123.337112564013779, 48.43118085261311 ] ] } },
{ "type": "Feature", "properties": { "OBJECTID": 1797, "StreetName1": "DENMAN ST", "StreetName2": "VICTOR ST", "Intersection": "VICTOR ST & DENMAN ST", "Jurisdiction": "COV", "POINT_X": 475070.39010000043, "POINT_Y": 5364440.7841999996 }, "geometry": { "type": "MultiPoint", "coordinates": [ [ -123.337040033941079, 48.432625321613379 ] ] } },
{ "type": "Feature", "properties": { "OBJECTID": 1798, "StreetName1": "BASTION SQ", "StreetName2": "VIEW ST", "Intersection": "VIEW ST & BASTION SQ", "Jurisdiction": "COV", "POINT_X": 472800.40390000027, "POINT_Y": 5363682.5504000001 }, "geometry": { "type": "MultiPoint", "coordinates": [ [ -123.367678271580559, 48.425710032301865 ] ] } },
{ "type": "Feature", "properties": { "OBJECTID": 1799, "StreetName1": "BROAD ST", "StreetName2": "VIEW ST", "Intersection": "VIEW ST & BROAD ST", "Jurisdiction": "COV", "POINT_X": 472892.29910000041, "POINT_Y": 5363666.6995000001 }, "geometry": { "type": "MultiPoint", "coordinates": [ [ -123.366435104623847, 48.425571394451573 ] ] } },
{ "type": "Feature", "properties": { "OBJECTID": 1800, "StreetName1": "DOUGLAS ST", "StreetName2": "VIEW ST", "Intersection": "VIEW ST & DOUGLAS ST", "Jurisdiction": "COV", "POINT_X": 472987.01329999976, "POINT_Y": 5363650.3625000007 }, "geometry": { "type": "MultiPoint", "coordinates": [ [ -123.365153808977439, 48.425428490950999 ] ] } },
{ "type": "Feature", "properties": { "OBJECTID": 1801, "StreetName1": "BLANSHARD ST", "StreetName2": "VIEW ST", "Intersection": "VIEW ST & BLANSHARD ST", "Jurisdiction": "COV", "POINT_X": 473197.76669999957, "POINT_Y": 5363616.6975999996 }, "geometry": { "type": "MultiPoint", "coordinates": [ [ -123.362302929979819, 48.425134634503088 ] ] } },
{ "type": "Feature", "properties": { "OBJECTID": 1802, "StreetName1": "QUADRA ST", "StreetName2": "VIEW ST", "Intersection": "VIEW ST & QUADRA ST", "Jurisdiction": "COV", "POINT_X": 473403.59449999966, "POINT_Y": 5363581.8815000001 }, "geometry": { "type": "MultiPoint", "coordinates": [ [ -123.359518588380851, 48.42483014275227 ] ] } },
{ "type": "Feature", "properties": { "OBJECTID": 1803, "StreetName1": "VANCOUVER ST", "StreetName2": "VIEW ST", "Intersection": "VIEW ST & VANCOUVER ST", "Jurisdiction": "COV", "POINT_X": 473610.5767000001, "POINT_Y": 5363546.9178 }, "geometry": { "type": "MultiPoint", "coordinates": [ [ -123.356718666782541, 48.424524304043238 ] ] } },
{ "type": "Feature", "properties": { "OBJECTID": 1804, "StreetName1": "COOK ST", "StreetName2": "VIEW ST", "Intersection": "VIEW ST & COOK ST", "Jurisdiction": "COV", "POINT_X": 473822.05950000044, "POINT_Y": 5363511.1790999994 }, "geometry": { "type": "MultiPoint", "coordinates": [ [ -123.353857897377878, 48.424211612019825 ] ] } },
{ "type": "Feature", "properties": { "OBJECTID": 1805, "StreetName1": "ORMOND ST", "StreetName2": "VIEW ST", "Intersection": "VIEW ST & ORMOND ST", "Jurisdiction": "COV", "POINT_X": 474133.28789999988, "POINT_Y": 5363458.6776000001 }, "geometry": { "type": "MultiPoint", "coordinates": [ [ -123.349647918543852, 48.423752149141563 ] ] } },
{ "type": "Feature", "properties": { "OBJECTID": 1806, "StreetName1": "RUTLEDGE ST", "StreetName2": "VILLANCE ST", "Intersection": "VILLANCE ST & RUTLEDGE ST", "Jurisdiction": "COV", "POINT_X": 472997.72439999972, "POINT_Y": 5366111.9744000006 }, "geometry": { "type": "MultiPoint", "coordinates": [ [ -123.365167699765109, 48.447574394745843 ] ] } },
{ "type": "Feature", "properties": { "OBJECTID": 1807, "StreetName1": "GLASGOW ST", "StreetName2": "VILLANCE ST", "Intersection": "VILLANCE ST & GLASGOW ST", "Jurisdiction": "COV", "POINT_X": 473149.68070000038, "POINT_Y": 5366202.4332999997 }, "geometry": { "type": "MultiPoint", "coordinates": [ [ -123.363118635057972, 48.448394692198796 ] ] } },
{ "type": "Feature", "properties": { "OBJECTID": 1808, "StreetName1": "MOSS ST", "StreetName2": "VIMY PL", "Intersection": "VIMY PL & MOSS ST", "Jurisdiction": "COV", "POINT_X": 474145.252, "POINT_Y": 5362251.7745999992 }, "geometry": { "type": "MultiPoint", "coordinates": [ [ -123.349411791517511, 48.412894903729509 ] ] } },
{ "type": "Feature", "properties": { "OBJECTID": 1809, "StreetName1": "CHAMBERS ST", "StreetName2": "VINING ST", "Intersection": "VINING ST & CHAMBERS ST", "Jurisdiction": "COV", "POINT_X": 474110.04339999985, "POINT_Y": 5364135.9168999996 }, "geometry": { "type": "MultiPoint", "coordinates": [ [ -123.350003934853973, 48.429843874816349 ] ] } },
{ "type": "Feature", "properties": { "OBJECTID": 1810, "StreetName1": "FERNWOOD RD", "StreetName2": "VINING ST", "Intersection": "VINING ST & FERNWOOD RD", "Jurisdiction": "COV", "POINT_X": 474463.83530000038, "POINT_Y": 5364102.8429000005 }, "geometry": { "type": "MultiPoint", "coordinates": [ [ -123.345219337273249, 48.429560776486021 ] ] } },
{ "type": "Feature", "properties": { "OBJECTID": 1811, "StreetName1": "STANLEY AVE", "StreetName2": "VINING ST", "Intersection": "VINING ST & STANLEY AVE", "Jurisdiction": "COV", "POINT_X": 474685.55910000019, "POINT_Y": 5364093.3474000003 }, "geometry": { "type": "MultiPoint", "coordinates": [ [ -123.342221502347172, 48.429484304191028 ] ] } },
{ "type": "Feature", "properties": { "OBJECTID": 1812, "StreetName1": "BELMONT AVE", "StreetName2": "VINING ST", "Intersection": "VINING ST & BELMONT AVE", "Jurisdiction": "COV", "POINT_X": 474923.83980000019, "POINT_Y": 5364084.8972999994 }, "geometry": { "type": "MultiPoint", "coordinates": [ [ -123.338999923045137, 48.429417818119568 ] ] } },
{ "type": "Feature", "properties": { "OBJECTID": 1813, "StreetName1": "BEGBIE ST", "StreetName2": "VINING ST", "Intersection": "VINING ST & BEGBIE ST", "Jurisdiction": "COV", "POINT_X": 475137.356, "POINT_Y": 5364076.092 }, "geometry": { "type": "MultiPoint", "coordinates": [ [ -123.336113095869109, 48.429347069034556 ] ] } },
{ "type": "Feature", "properties": { "OBJECTID": 1814, "StreetName1": "ST ANDREWS ST", "StreetName2": "VIOLET LANE", "Intersection": "VIOLET LANE & ST ANDREWS ST", "Jurisdiction": "COV", "POINT_X": 472595.4729000004, "POINT_Y": 5362157.6492 }, "geometry": { "type": "MultiPoint", "coordinates": [ [ -123.370348650164672, 48.411982617344314 ] ] } },
{ "type": "Feature", "properties": { "OBJECTID": 1815, "StreetName1": "THETIS LANE", "StreetName2": "VIOLET LANE", "Intersection": "VIOLET LANE & THETIS LANE", "Jurisdiction": "COV", "POINT_X": 472680.5258, "POINT_Y": 5362095.3542999998 }, "geometry": { "type": "MultiPoint", "coordinates": [ [ -123.369195248021668, 48.411425883915271 ] ] } },
{ "type": "Feature", "properties": { "OBJECTID": 1816, "StreetName1": "FIFTH ST", "StreetName2": "VISTA HTS", "Intersection": "VISTA HTS & FIFTH ST", "Jurisdiction": "COV", "POINT_X": 473503.0658, "POINT_Y": 5365395.8737000003 }, "geometry": { "type": "MultiPoint", "coordinates": [ [ -123.358288779483757, 48.441153609324651 ] ] } },
{ "type": "Feature", "properties": { "OBJECTID": 1817, "StreetName1": "GRAHAM ST", "StreetName2": "VISTA HTS", "Intersection": "VISTA HTS & GRAHAM ST", "Jurisdiction": "COV", "POINT_X": 473602.48089999985, "POINT_Y": 5365412.2016000003 }, "geometry": { "type": "MultiPoint", "coordinates": [ [ -123.35694561205851, 48.44130467743657 ] ] } },
{ "type": "Feature", "properties": { "OBJECTID": 1818, "StreetName1": "PRIOR ST", "StreetName2": "VISTA HTS", "Intersection": "VISTA HTS & PRIOR ST", "Jurisdiction": "COV", "POINT_X": 473701.2347, "POINT_Y": 5365430.7203000002 }, "geometry": { "type": "MultiPoint", "coordinates": [ [ -123.355611515682654, 48.441475411395032 ] ] } },
{ "type": "Feature", "properties": { "OBJECTID": 1819, "StreetName1": "BLACKWOOD ST", "StreetName2": "VISTA HTS", "Intersection": "VISTA HTS & BLACKWOOD ST", "Jurisdiction": "COV", "POINT_X": 473800.0393000003, "POINT_Y": 5365448.9957 }, "geometry": { "type": "MultiPoint", "coordinates": [ [ -123.354276708185992, 48.441643943213862 ] ] } },
{ "type": "Feature", "properties": { "OBJECTID": 1820, "StreetName1": "THE RISE", "StreetName2": "VISTA HTS", "Intersection": "VISTA HTS & THE RISE", "Jurisdiction": "COV", "POINT_X": 474040.187, "POINT_Y": 5365493.4471000005 }, "geometry": { "type": "MultiPoint", "coordinates": [ [ -123.351032381276212, 48.442053792692654 ] ] } },
{ "type": "Feature", "properties": { "OBJECTID": 1821, "StreetName1": "COOK ST", "StreetName2": "VISTA HTS", "Intersection": "VISTA HTS & COOK ST", "Jurisdiction": "COV", "POINT_X": 474139.22329999972, "POINT_Y": 5365512.0836999994 }, "geometry": { "type": "MultiPoint", "coordinates": [ [ -123.349694432609809, 48.442225530446173 ] ] } },
{ "type": "Feature", "properties": { "OBJECTID": 1822, "StreetName1": "GROSVENOR RD", "StreetName2": "VISTA HTS", "Intersection": "VISTA HTS & GROSVENOR RD", "Jurisdiction": "COV", "POINT_X": 474329.46250000037, "POINT_Y": 5365520.1382999998 }, "geometry": { "type": "MultiPoint", "coordinates": [ [ -123.347122635749145, 48.44230577982988 ] ] } },
{ "type": "Feature", "properties": { "OBJECTID": 1823, "StreetName1": "JOHNSON ST", "StreetName2": "WADDINGTON ALLEY", "Intersection": "WADDINGTON ALLEY & JOHNSON ST", "Jurisdiction": "COV", "POINT_X": 472671.40259999968, "POINT_Y": 5363907.2062999997 }, "geometry": { "type": "MultiPoint", "coordinates": [ [ -123.369436621969314, 48.427725526157687 ] ] } },
{ "type": "Feature", "properties": { "OBJECTID": 1824, "StreetName1": "MCCASKILL ST", "StreetName2": "WALKER ST", "Intersection": "WALKER ST & MCCASKILL ST", "Jurisdiction": "COV", "POINT_X": 471000.52369999979, "POINT_Y": 5364821.7709 }, "geometry": { "type": "MultiPoint", "coordinates": [ [ -123.392085926253401, 48.435878494592977 ] ] } },
{ "type": "Feature", "properties": { "OBJECTID": 1825, "StreetName1": "CHAMBERS ST", "StreetName2": "WALNUT ST", "Intersection": "WALNUT ST & CHAMBERS ST", "Jurisdiction": "COV", "POINT_X": 474154.05659999978, "POINT_Y": 5364589.8279 }, "geometry": { "type": "MultiPoint", "coordinates": [ [ -123.349436960096554, 48.43392922104595 ] ] } },
{ "type": "Feature", "properties": { "OBJECTID": 1826, "StreetName1": "CEDAR HILL RD", "StreetName2": "WALNUT ST", "Intersection": "WALNUT ST & CEDAR HILL RD", "Jurisdiction": "COV", "POINT_X": 474267.83160000015, "POINT_Y": 5364579.0732000005 }, "geometry": { "type": "MultiPoint", "coordinates": [ [ -123.347898158654914, 48.433837128449582 ] ] } },
{ "type": "Feature", "properties": { "OBJECTID": 1827, "StreetName1": "SPRING RD", "StreetName2": "WALNUT ST", "Intersection": "WALNUT ST & SPRING RD", "Jurisdiction": "COV", "POINT_X": 474306.70920000039, "POINT_Y": 5364569.459000001 }, "geometry": { "type": "MultiPoint", "coordinates": [ [ -123.347371977999131, 48.433752223583831 ] ] } },
{ "type": "Feature", "properties": { "OBJECTID": 1828, "StreetName1": "FERNWOOD RD", "StreetName2": "WALNUT ST", "Intersection": "WALNUT ST & FERNWOOD RD", "Jurisdiction": "COV", "POINT_X": 474479.71669999976, "POINT_Y": 5364555.5437000003 }, "geometry": { "type": "MultiPoint", "coordinates": [ [ -123.345032224089223, 48.433634073209618 ] ] } },
{ "type": "Feature", "properties": { "OBJECTID": 1829, "StreetName1": "OREGON AVE", "StreetName2": "WALNUT ST", "Intersection": "WALNUT ST & OREGON AVE", "Jurisdiction": "COV", "POINT_X": 474630.25239999965, "POINT_Y": 5364547.1459 }, "geometry": { "type": "MultiPoint", "coordinates": [ [ -123.342996612137767, 48.433564607478914 ] ] } },
{ "type": "Feature", "properties": { "OBJECTID": 1830, "StreetName1": "BELMONT AVE", "StreetName2": "WALNUT ST", "Intersection": "WALNUT ST & BELMONT AVE", "Jurisdiction": "COV", "POINT_X": 474876.81859999988, "POINT_Y": 5364537.4507999998 }, "geometry": { "type": "MultiPoint", "coordinates": [ [ -123.339662687272323, 48.433487273973071 ] ] } },
{ "type": "Feature", "properties": { "OBJECTID": 1831, "StreetName1": "MARKET ST", "StreetName2": "WARK ST", "Intersection": "WARK ST & MARKET ST", "Jurisdiction": "COV", "POINT_X": 473310.5795, "POINT_Y": 5365281.2151999995 }, "geometry": { "type": "MultiPoint", "coordinates": [ [ -123.360884088879473, 48.440113972908108 ] ] } },
{ "type": "Feature", "properties": { "OBJECTID": 1832, "StreetName1": "HILLSIDE AVE", "StreetName2": "WARK ST", "Intersection": "WARK ST & HILLSIDE AVE", "Jurisdiction": "COV", "POINT_X": 473328.9729000004, "POINT_Y": 5365183.227 }, "geometry": { "type": "MultiPoint", "coordinates": [ [ -123.360629156201924, 48.439233219527246 ] ] } },
{ "type": "Feature", "properties": { "OBJECTID": 1833, "StreetName1": "KINGS RD", "StreetName2": "WARK ST", "Intersection": "WARK ST & KINGS RD", "Jurisdiction": "COV", "POINT_X": 473371.014, "POINT_Y": 5364970.9847999997 }, "geometry": { "type": "MultiPoint", "coordinates": [ [ -123.360047245010406, 48.437325600505595 ] ] } },
{ "type": "Feature", "properties": { "OBJECTID": 1834, "StreetName1": "QUEENS AVE", "StreetName2": "WARK ST", "Intersection": "WARK ST & QUEENS AVE", "Jurisdiction": "COV", "POINT_X": 473394.46829999983, "POINT_Y": 5364601.6821 }, "geometry": { "type": "MultiPoint", "coordinates": [ [ -123.359706688346904, 48.43400422504758 ] ] } },
{ "type": "Feature", "properties": { "OBJECTID": 1835, "StreetName1": "BAY ST", "StreetName2": "WARK ST", "Intersection": "WARK ST & BAY ST", "Jurisdiction": "COV", "POINT_X": 473410.0444, "POINT_Y": 5364754.5478000008 }, "geometry": { "type": "MultiPoint", "coordinates": [ [ -123.359505814760823, 48.435380112862553 ] ] } },
{ "type": "Feature", "properties": { "OBJECTID": 1836, "StreetName1": "ST CHARLES ST", "StreetName2": "WARREN GDNS", "Intersection": "WARREN GDNS & ST CHARLES ST", "Jurisdiction": "COV", "POINT_X": 475018.062, "POINT_Y": 5362722.6442000009 }, "geometry": { "type": "MultiPoint", "coordinates": [ [ -123.337645050500271, 48.417166236315872 ] ] } },
{ "type": "Feature", "properties": { "OBJECTID": 1837, "StreetName1": "RICHMOND AVE", "StreetName2": "WARREN GDNS", "Intersection": "WARREN GDNS & RICHMOND AVE", "Jurisdiction": "COV", "POINT_X": 475441.84580000024, "POINT_Y": 5362868.9652999993 }, "geometry": { "type": "MultiPoint", "coordinates": [ [ -123.331926299103017, 48.41849925943184 ] ] } },
{ "type": "Feature", "properties": { "OBJECTID": 1838, "StreetName1": "GORGE RD E", "StreetName2": "WASHINGTON AVE", "Intersection": "WASHINGTON AVE & GORGE RD E", "Jurisdiction": "COV", "POINT_X": 471757.69249999989, "POINT_Y": 5365619.0243999995 }, "geometry": { "type": "MultiPoint", "coordinates": [ [ -123.381903057892359, 48.443085245639452 ] ] } },
{ "type": "Feature", "properties": { "OBJECTID": 1839, "StreetName1": "CECELIA RD", "StreetName2": "WASHINGTON AVE", "Intersection": "WASHINGTON AVE & CECELIA RD", "Jurisdiction": "COV", "POINT_X": 471867.13289999962, "POINT_Y": 5365897.6618000008 }, "geometry": { "type": "MultiPoint", "coordinates": [ [ -123.380441977019672, 48.445596849861815 ] ] } },
{ "type": "Feature", "properties": { "OBJECTID": 1840, "StreetName1": "BURNSIDE RD E", "StreetName2": "WASHINGTON AVE", "Intersection": "WASHINGTON AVE & BURNSIDE RD E", "Jurisdiction": "COV", "POINT_X": 471926.5597000001, "POINT_Y": 5366048.9520999994 }, "geometry": { "type": "MultiPoint", "coordinates": [ [ -123.379648540383741, 48.44696055467201 ] ] } },
{ "type": "Feature", "properties": { "OBJECTID": 1841, "StreetName1": "JACKLADDER LANE", "StreetName2": "WATERFRONT CRES", "Intersection": "WATERFRONT CRES & JACKLADDER LANE", "Jurisdiction": "COV", "POINT_X": 471997.4509, "POINT_Y": 5365384.1956999991 }, "geometry": { "type": "MultiPoint", "coordinates": [ [ -123.379467828551043, 48.440271109319028 ], [ -123.377823059448204, 48.441695624508583 ] ] } },
{ "type": "Feature", "properties": { "OBJECTID": 1842, "StreetName1": "JUTLAND RD", "StreetName2": "WATERFRONT CRES", "Intersection": "WATERFRONT CRES & JUTLAND RD", "Jurisdiction": "COV", "POINT_X": 472047.37349999975, "POINT_Y": 5365356.1939499993 }, "geometry": { "type": "MultiPoint", "coordinates": [ [ -123.378723941335508, 48.440007530955604 ], [ -123.377213205986394, 48.4414598174845 ] ] } },
{ "type": "Feature", "properties": { "OBJECTID": 1843, "StreetName1": "DALLAS RD", "StreetName2": "WELLINGTON AVE", "Intersection": "WELLINGTON AVE & DALLAS RD", "Jurisdiction": "COV", "POINT_X": 473852.9645999996, "POINT_Y": 5361592.7739000004 }, "geometry": { "type": "MultiPoint", "coordinates": [ [ -123.353320562935082, 48.406954226593115 ] ] } },
{ "type": "Feature", "properties": { "OBJECTID": 1844, "StreetName1": "FAITHFUL ST", "StreetName2": "WELLINGTON AVE", "Intersection": "WELLINGTON AVE & FAITHFUL ST", "Jurisdiction": "COV", "POINT_X": 473915.80530000012, "POINT_Y": 5361906.5304000005 }, "geometry": { "type": "MultiPoint", "coordinates": [ [ -123.352490966629276, 48.409779501890185 ] ] } },
{ "type": "Feature", "properties": { "OBJECTID": 1845, "StreetName1": "MAY ST", "StreetName2": "WELLINGTON AVE", "Intersection": "WELLINGTON AVE & MAY ST", "Jurisdiction": "COV", "POINT_X": 473959.31240000017, "POINT_Y": 5362112.6071000006 }, "geometry": { "type": "MultiPoint", "coordinates": [ [ -123.351915858822636, 48.411635243990425 ] ] } },
{ "type": "Feature", "properties": { "OBJECTID": 1846, "StreetName1": "CAPITAL HTS", "StreetName2": "WESLEY PL", "Intersection": "WESLEY PL & CAPITAL HTS", "Jurisdiction": "COV", "POINT_X": 474146.39429999981, "POINT_Y": 5364851.4148999993 }, "geometry": { "type": "MultiPoint", "coordinates": [ [ -123.349556690808797, 48.436282230956337 ] ] } },
{ "type": "Feature", "properties": { "OBJECTID": 1847, "StreetName1": "HAULTAIN ST", "StreetName2": "WESLEY PL", "Intersection": "WESLEY PL & HAULTAIN ST", "Jurisdiction": "COV", "POINT_X": 474254.48060000036, "POINT_Y": 5364848.253 }, "geometry": { "type": "MultiPoint", "coordinates": [ [ -123.348095194495556, 48.436258214930746 ] ] } },
{ "type": "Feature", "properties": { "OBJECTID": 1848, "StreetName1": "GOSWORTH RD", "StreetName2": "WESTALL AVE", "Intersection": "WESTALL AVE & GOSWORTH RD", "Jurisdiction": "COV", "POINT_X": 474705.27170000039, "POINT_Y": 5365652.0168999992 }, "geometry": { "type": "MultiPoint", "coordinates": [ [ -123.342049143937373, 48.443507418394596 ] ] } },
{ "type": "Feature", "properties": { "OBJECTID": 1849, "StreetName1": "DONCASTER DR", "StreetName2": "WESTALL AVE", "Intersection": "WESTALL AVE & DONCASTER DR", "Jurisdiction": "COV", "POINT_X": 474942.38590000011, "POINT_Y": 5365767.6932999995 }, "geometry": { "type": "MultiPoint", "coordinates": [ [ -123.338849878889718, 48.4445575664773 ] ] } },
{ "type": "Feature", "properties": { "OBJECTID": 1850, "StreetName1": "KINGS RD", "StreetName2": "WESTBOURNE PL", "Intersection": "WESTBOURNE PL & KINGS RD", "Jurisdiction": "COV", "POINT_X": 473023.3668, "POINT_Y": 5364897.5361000001 }, "geometry": { "type": "MultiPoint", "coordinates": [ [ -123.364742713865581, 48.436650031188044 ] ] } },
{ "type": "Feature", "properties": { "OBJECTID": 1851, "StreetName1": "BAY ST", "StreetName2": "WESTBOURNE PL", "Intersection": "WESTBOURNE PL & BAY ST", "Jurisdiction": "COV", "POINT_X": 473065.32849999983, "POINT_Y": 5364784.4962000009 }, "geometry": { "type": "MultiPoint", "coordinates": [ [ -123.36416813021394, 48.435634884797089 ] ] } },
{ "type": "Feature", "properties": { "OBJECTID": 1852, "StreetName1": "JOHNSON ST", "StreetName2": "WHARF ST", "Intersection": "WHARF ST & JOHNSON ST", "Jurisdiction": "COV", "POINT_X": 472545.01460000034, "POINT_Y": 5363954.8807999995 }, "geometry": { "type": "MultiPoint", "coordinates": [ [ -123.371148190756784, 48.428148923984779 ] ] } },
{ "type": "Feature", "properties": { "OBJECTID": 1853, "StreetName1": "JOHNSON ST", "StreetName2": "WHARF ST", "Intersection": "WHARF ST & JOHNSON ST", "Jurisdiction": "COV", "POINT_X": 472626.60680000018, "POINT_Y": 5363920.4478999991 }, "geometry": { "type": "MultiPoint", "coordinates": [ [ -123.370043012659366, 48.427842706339412 ] ] } },
{ "type": "Feature", "properties": { "OBJECTID": 1854, "StreetName1": "BASTION SQ", "StreetName2": "WHARF ST", "Intersection": "WHARF ST & BASTION SQ", "Jurisdiction": "COV", "POINT_X": 472630.5417, "POINT_Y": 5363710.4904999994 }, "geometry": { "type": "MultiPoint", "coordinates": [ [ -123.369976112337923, 48.425954031613969 ] ] } },
{ "type": "Feature", "properties": { "OBJECTID": 1855, "StreetName1": "FORT ST", "StreetName2": "WHARF ST", "Intersection": "WHARF ST & FORT ST", "Jurisdiction": "COV", "POINT_X": 472642.59819999989, "POINT_Y": 5363613.1969000008 }, "geometry": { "type": "MultiPoint", "coordinates": [ [ -123.369806794598389, 48.425079270039525 ] ] } },
{ "type": "Feature", "properties": { "OBJECTID": 1856, "StreetName1": "BROUGHTON ST", "StreetName2": "WHARF ST", "Intersection": "WHARF ST & BROUGHTON ST", "Jurisdiction": "COV", "POINT_X": 472648.8069000002, "POINT_Y": 5363535.6325000003 }, "geometry": { "type": "MultiPoint", "coordinates": [ [ -123.369717812034239, 48.424381744592743 ] ] } },
{ "type": "Feature", "properties": { "OBJECTID": 1857, "StreetName1": "PANDORA AVE", "StreetName2": "WHARF ST", "Intersection": "WHARF ST & PANDORA AVE", "Jurisdiction": "COV", "POINT_X": 472658.20480000041, "POINT_Y": 5363992.3188000005 }, "geometry": { "type": "MultiPoint", "coordinates": [ [ -123.369620575463387, 48.428490653163259 ] ] } },
{ "type": "Feature", "properties": { "OBJECTID": 1858, "StreetName1": "COURTNEY ST", "StreetName2": "WHARF ST", "Intersection": "WHARF ST & COURTNEY ST", "Jurisdiction": "COV", "POINT_X": 472665.3503, "POINT_Y": 5363456.815 }, "geometry": { "type": "MultiPoint", "coordinates": [ [ -123.369489062331184, 48.423673394292656 ] ] } },
{ "type": "Feature", "properties": { "OBJECTID": 1859, "StreetName1": "GOVERNMENT ST", "StreetName2": "WHARF ST", "Intersection": "WHARF ST & GOVERNMENT ST", "Jurisdiction": "COV", "POINT_X": 472745.0839, "POINT_Y": 5363346.6503999997 }, "geometry": { "type": "MultiPoint", "coordinates": [ [ -123.368404189144485, 48.422685771941211 ] ] } },
{ "type": "Feature", "properties": { "OBJECTID": 1860, "StreetName1": "GOVERNMENT ST", "StreetName2": "WHARF ST", "Intersection": "WHARF ST & GOVERNMENT ST", "Jurisdiction": "COV", "POINT_X": 472749.82079999987, "POINT_Y": 5363375.9502000008 }, "geometry": { "type": "MultiPoint", "coordinates": [ [ -123.368342069090801, 48.422949567763332 ] ] } },
{ "type": "Feature", "properties": { "OBJECTID": 1861, "StreetName1": "FAIRFIELD RD", "StreetName2": "WILDWOOD AVE", "Intersection": "WILDWOOD AVE & FAIRFIELD RD", "Jurisdiction": "COV", "POINT_X": 475281.66359999962, "POINT_Y": 5362287.9466999993 }, "geometry": { "type": "MultiPoint", "coordinates": [ [ -123.334056928453364, 48.413265929922296 ] ] } },
{ "type": "Feature", "properties": { "OBJECTID": 1862, "StreetName1": "HOLLYWOOD CRES", "StreetName2": "WILDWOOD AVE", "Intersection": "WILDWOOD AVE & HOLLYWOOD CRES", "Jurisdiction": "COV", "POINT_X": 475290.26180000044, "POINT_Y": 5361799.0562999994 }, "geometry": { "type": "MultiPoint", "coordinates": [ [ -123.333911937512383, 48.408868019330612 ] ] } },
{ "type": "Feature", "properties": { "OBJECTID": 1863, "StreetName1": "ROSS ST", "StreetName2": "WILDWOOD AVE", "Intersection": "WILDWOOD AVE & ROSS ST", "Jurisdiction": "COV", "POINT_X": 475290.801, "POINT_Y": 5362019.2127 }, "geometry": { "type": "MultiPoint", "coordinates": [ [ -123.333917618488812, 48.41084865334885 ] ] } },
{ "type": "Feature", "properties": { "OBJECTID": 1864, "StreetName1": "PINEWOOD AVE", "StreetName2": "WILDWOOD AVE", "Intersection": "WILDWOOD AVE & PINEWOOD AVE", "Jurisdiction": "COV", "POINT_X": 475292.13360000029, "POINT_Y": 5362107.3516000006 }, "geometry": { "type": "MultiPoint", "coordinates": [ [ -123.333904802383245, 48.411641637347508 ] ] } },
{ "type": "Feature", "properties": { "OBJECTID": 1865, "StreetName1": "LILLIAN RD", "StreetName2": "WILDWOOD AVE", "Intersection": "WILDWOOD AVE & LILLIAN RD", "Jurisdiction": "COV", "POINT_X": 475294.13439999986, "POINT_Y": 5362280.9562 }, "geometry": { "type": "MultiPoint", "coordinates": [ [ -123.333887990199628, 48.413203529825871 ] ] } },
{ "type": "Feature", "properties": { "OBJECTID": 1866, "StreetName1": "SPRINGFIELD ST", "StreetName2": "WILLIAM ST", "Intersection": "WILLIAM ST & SPRINGFIELD ST", "Jurisdiction": "COV", "POINT_X": 471313.6349, "POINT_Y": 5364230.492000001 }, "geometry": { "type": "MultiPoint", "coordinates": [ [ -123.387812304875411, 48.430573517173784 ] ] } },
{ "type": "Feature", "properties": { "OBJECTID": 1867, "StreetName1": "BRIGHTON AVE", "StreetName2": "WILMER ST", "Intersection": "WILMER ST & BRIGHTON AVE", "Jurisdiction": "COV", "POINT_X": 475764.23269999959, "POINT_Y": 5363500.7164999992 }, "geometry": { "type": "MultiPoint", "coordinates": [ [ -123.327605732953842, 48.424195217701268 ] ] } },
{ "type": "Feature", "properties": { "OBJECTID": 1868, "StreetName1": "MADDISON ST", "StreetName2": "WILMER ST", "Intersection": "WILMER ST & MADDISON ST", "Jurisdiction": "COV", "POINT_X": 475774.9813000001, "POINT_Y": 5363213.2891000006 }, "geometry": { "type": "MultiPoint", "coordinates": [ [ -123.327443839251487, 48.421609826393414 ] ] } },
{ "type": "Feature", "properties": { "OBJECTID": 1869, "StreetName1": "DOMINION RD", "StreetName2": "WILSON ST", "Intersection": "WILSON ST & DOMINION RD", "Jurisdiction": "COV", "POINT_X": 470839.97389999963, "POINT_Y": 5364493.6431000009 }, "geometry": { "type": "MultiPoint", "coordinates": [ [ -123.394233656409057, 48.43291914543245 ] ] } },
{ "type": "Feature", "properties": { "OBJECTID": 1870, "StreetName1": "HEREWARD RD", "StreetName2": "WILSON ST", "Intersection": "WILSON ST & HEREWARD RD", "Jurisdiction": "COV", "POINT_X": 470876.485, "POINT_Y": 5364488.397 }, "geometry": { "type": "MultiPoint", "coordinates": [ [ -123.393739705178234, 48.432873639860667 ] ] } },
{ "type": "Feature", "properties": { "OBJECTID": 1871, "StreetName1": "ROTHWELL ST", "StreetName2": "WILSON ST", "Intersection": "WILSON ST & ROTHWELL ST", "Jurisdiction": "COV", "POINT_X": 470890.0724, "POINT_Y": 5364486.5264999997 }, "geometry": { "type": "MultiPoint", "coordinates": [ [ -123.393555889918346, 48.432857440632361 ] ] } },
{ "type": "Feature", "properties": { "OBJECTID": 1872, "StreetName1": "WALKER ST", "StreetName2": "WILSON ST", "Intersection": "WILSON ST & WALKER ST", "Jurisdiction": "COV", "POINT_X": 470948.08920000028, "POINT_Y": 5364474.8666999992 }, "geometry": { "type": "MultiPoint", "coordinates": [ [ -123.392770764295676, 48.432755225276146 ] ] } },
{ "type": "Feature", "properties": { "OBJECTID": 1873, "StreetName1": "DALTON ST", "StreetName2": "WILSON ST", "Intersection": "WILSON ST & DALTON ST", "Jurisdiction": "COV", "POINT_X": 471078.11519999988, "POINT_Y": 5364456.0577000007 }, "geometry": { "type": "MultiPoint", "coordinates": [ [ -123.391011674474314, 48.432592000051301 ] ] } },
{ "type": "Feature", "properties": { "OBJECTID": 1874, "StreetName1": "WILLIAM ST", "StreetName2": "WILSON ST", "Intersection": "WILSON ST & WILLIAM ST", "Jurisdiction": "COV", "POINT_X": 471233.8481000001, "POINT_Y": 5364449.6382 }, "geometry": { "type": "MultiPoint", "coordinates": [ [ -123.388905922819774, 48.432541382554362 ] ] } },
{ "type": "Feature", "properties": { "OBJECTID": 1875, "StreetName1": "FRONT ST", "StreetName2": "WILSON ST", "Intersection": "WILSON ST & FRONT ST", "Jurisdiction": "COV", "POINT_X": 471300.2686000001, "POINT_Y": 5364452.4415000007 }, "geometry": { "type": "MultiPoint", "coordinates": [ [ -123.38800819483599, 48.432569632939206 ] ] } },
{ "type": "Feature", "properties": { "OBJECTID": 1876, "StreetName1": "RUSSELL ST", "StreetName2": "WILSON ST", "Intersection": "WILSON ST & RUSSELL ST", "Jurisdiction": "COV", "POINT_X": 471360.51, "POINT_Y": 5364481.3483000007 }, "geometry": { "type": "MultiPoint", "coordinates": [ [ -123.387195783658711, 48.432832430248418 ] ] } },
{ "type": "Feature", "properties": { "OBJECTID": 1877, "StreetName1": "MARY ST", "StreetName2": "WILSON ST", "Intersection": "WILSON ST & MARY ST", "Jurisdiction": "COV", "POINT_X": 471447.57419999968, "POINT_Y": 5364486.7416999992 }, "geometry": { "type": "MultiPoint", "coordinates": [ [ -123.386019147849908, 48.432884905121739 ] ] } },
{ "type": "Feature", "properties": { "OBJECTID": 1878, "StreetName1": "CATHERINE ST", "StreetName2": "WILSON ST", "Intersection": "WILSON ST & CATHERINE ST", "Jurisdiction": "COV", "POINT_X": 471539.83229999989, "POINT_Y": 5364485.6637999993 }, "geometry": { "type": "MultiPoint", "coordinates": [ [ -123.384771854541455, 48.432879384983892 ] ] } },
{ "type": "Feature", "properties": { "OBJECTID": 1879, "StreetName1": "ALSTON ST", "StreetName2": "WILSON ST", "Intersection": "WILSON ST & ALSTON ST", "Jurisdiction": "COV", "POINT_X": 471648.12129999977, "POINT_Y": 5364484.3984999992 }, "geometry": { "type": "MultiPoint", "coordinates": [ [ -123.383307829991352, 48.432872887488394 ] ] } },
{ "type": "Feature", "properties": { "OBJECTID": 1880, "StreetName1": "BAY ST", "StreetName2": "WILSON ST", "Intersection": "WILSON ST & BAY ST", "Jurisdiction": "COV", "POINT_X": 471724.2723000003, "POINT_Y": 5364483.7622999996 }, "geometry": { "type": "MultiPoint", "coordinates": [ [ -123.382278315790543, 48.432870588486836 ] ] } },
{ "type": "Feature", "properties": { "OBJECTID": 1881, "StreetName1": "TYEE RD", "StreetName2": "WILSON ST", "Intersection": "WILSON ST & TYEE RD", "Jurisdiction": "COV", "POINT_X": 471994.38360000029, "POINT_Y": 5364278.3038999997 }, "geometry": { "type": "MultiPoint", "coordinates": [ [ -123.378612997850112, 48.431034293086306 ] ] } },
{ "type": "Feature", "properties": { "OBJECTID": 1882, "StreetName1": "PENTRELEW PL", "StreetName2": "WILSPENCER PL", "Intersection": "WILSPENCER PL & PENTRELEW PL", "Jurisdiction": "COV", "POINT_X": 474211.99760000035, "POINT_Y": 5363310.3432 }, "geometry": { "type": "MultiPoint", "coordinates": [ [ -123.348574918345491, 48.422420907789309 ] ] } },
{ "type": "Feature", "properties": { "OBJECTID": 1883, "StreetName1": "MOSS ST", "StreetName2": "WILSPENCER PL", "Intersection": "WILSPENCER PL & MOSS ST", "Jurisdiction": "COV", "POINT_X": 474321.4847, "POINT_Y": 5363303.9033000004 }, "geometry": { "type": "MultiPoint", "coordinates": [ [ -123.347094685766848, 48.42236744533929 ] ] } },
{ "type": "Feature", "properties": { "OBJECTID": 1884, "StreetName1": "BOND ST", "StreetName2": "WINDERMERE PL", "Intersection": "WINDERMERE PL & BOND ST", "Jurisdiction": "COV", "POINT_X": 474254.93010000046, "POINT_Y": 5362150.0925999992 }, "geometry": { "type": "MultiPoint", "coordinates": [ [ -123.347923407994372, 48.411984625640613 ] ] } },
{ "type": "Feature", "properties": { "OBJECTID": 1885, "StreetName1": "MASTERS RD", "StreetName2": "WINDERMERE PL", "Intersection": "WINDERMERE PL & MASTERS RD", "Jurisdiction": "COV", "POINT_X": 474380.62090000045, "POINT_Y": 5362302.5919000003 }, "geometry": { "type": "MultiPoint", "coordinates": [ [ -123.346234220923492, 48.41336168958027 ] ] } },
{ "type": "Feature", "properties": { "OBJECTID": 1886, "StreetName1": "COOK ST", "StreetName2": "WOODSTOCK AVE", "Intersection": "WOODSTOCK AVE & COOK ST", "Jurisdiction": "COV", "POINT_X": 473531.1596, "POINT_Y": 5361864.9081999995 }, "geometry": { "type": "MultiPoint", "coordinates": [ [ -123.357685954922673, 48.409389013544782 ] ] } },
{ "type": "Feature", "properties": { "OBJECTID": 1887, "StreetName1": "MARLBOROUGH ST", "StreetName2": "WOODSTOCK AVE", "Intersection": "WOODSTOCK AVE & MARLBOROUGH ST", "Jurisdiction": "COV", "POINT_X": 473635.36720000021, "POINT_Y": 5361848.1231999993 }, "geometry": { "type": "MultiPoint", "coordinates": [ [ -123.356276781509379, 48.409242378060235 ] ] } },
{ "type": "Feature", "properties": { "OBJECTID": 1888, "StreetName1": "CAMBRIDGE ST", "StreetName2": "WOODSTOCK AVE", "Intersection": "WOODSTOCK AVE & CAMBRIDGE ST", "Jurisdiction": "COV", "POINT_X": 473717.941, "POINT_Y": 5361834.8226999994 }, "geometry": { "type": "MultiPoint", "coordinates": [ [ -123.355160162265079, 48.409126171223519 ] ] } },
{ "type": "Feature", "properties": { "OBJECTID": 1889, "StreetName1": "WHARF ST", "StreetName2": "YATES ST", "Intersection": "YATES ST & WHARF ST", "Jurisdiction": "COV", "POINT_X": 472603.13839999959, "POINT_Y": 5363820.2393999994 }, "geometry": { "type": "MultiPoint", "coordinates": [ [ -123.370353696359345, 48.426940177301745 ] ] } },
{ "type": "Feature", "properties": { "OBJECTID": 1890, "StreetName1": "WADDINGTON ALLEY", "StreetName2": "YATES ST", "Intersection": "YATES ST & WADDINGTON ALLEY", "Jurisdiction": "COV", "POINT_X": 472656.2265999997, "POINT_Y": 5363810.7037000004 }, "geometry": { "type": "MultiPoint", "coordinates": [ [ -123.369635467203452, 48.426856698315007 ] ] } },
{ "type": "Feature", "properties": { "OBJECTID": 1891, "StreetName1": "COMMERCIAL ALLEY", "StreetName2": "YATES ST", "Intersection": "YATES ST & COMMERCIAL ALLEY", "Jurisdiction": "COV", "POINT_X": 472677.69539999962, "POINT_Y": 5363806.8474000003 }, "geometry": { "type": "MultiPoint", "coordinates": [ [ -123.369345016909961, 48.426822937568751 ] ] } },
{ "type": "Feature", "properties": { "OBJECTID": 1892, "StreetName1": "LANGLEY ST", "StreetName2": "YATES ST", "Intersection": "YATES ST & LANGLEY ST", "Jurisdiction": "COV", "POINT_X": 472758.116, "POINT_Y": 5363792.4022000004 }, "geometry": { "type": "MultiPoint", "coordinates": [ [ -123.368257014138294, 48.426696467716368 ] ] } },
{ "type": "Feature", "properties": { "OBJECTID": 1893, "StreetName1": "GOVERNMENT ST", "StreetName2": "YATES ST", "Intersection": "YATES ST & GOVERNMENT ST", "Jurisdiction": "COV", "POINT_X": 472816.4397, "POINT_Y": 5363781.926000001 }, "geometry": { "type": "MultiPoint", "coordinates": [ [ -123.367467961597185, 48.426604740583166 ] ] } },
{ "type": "Feature", "properties": { "OBJECTID": 1894, "StreetName1": "BROAD ST", "StreetName2": "YATES ST", "Intersection": "YATES ST & BROAD ST", "Jurisdiction": "COV", "POINT_X": 472908.03720000014, "POINT_Y": 5363766.6307999995 }, "geometry": { "type": "MultiPoint", "coordinates": [ [ -123.366228833336265, 48.426471086991327 ] ] } },
{ "type": "Feature", "properties": { "OBJECTID": 1895, "StreetName1": "DOUGLAS ST", "StreetName2": "YATES ST", "Intersection": "YATES ST & DOUGLAS ST", "Jurisdiction": "COV", "POINT_X": 473004.29619999975, "POINT_Y": 5363750.5574999992 }, "geometry": { "type": "MultiPoint", "coordinates": [ [ -123.364926651384053, 48.42633061982626 ] ] } },
{ "type": "Feature", "properties": { "OBJECTID": 1896, "StreetName1": "MILLIE'S LANE", "StreetName2": "YATES ST", "Intersection": "YATES ST & MILLIE'S LANE", "Jurisdiction": "COV", "POINT_X": 473141.96590000018, "POINT_Y": 5363725.9088000003 }, "geometry": { "type": "MultiPoint", "coordinates": [ [ -123.36306417561984, 48.426114758131249 ] ] } },
{ "type": "Feature", "properties": { "OBJECTID": 1897, "StreetName1": "BLANSHARD ST", "StreetName2": "YATES ST", "Intersection": "YATES ST & BLANSHARD ST", "Jurisdiction": "COV", "POINT_X": 473214.44330000039, "POINT_Y": 5363712.9322999995 }, "geometry": { "type": "MultiPoint", "coordinates": [ [ -123.362083665476902, 48.426001103934993 ] ] } },
{ "type": "Feature", "properties": { "OBJECTID": 1898, "StreetName1": "QUADRA ST", "StreetName2": "YATES ST", "Intersection": "YATES ST & QUADRA ST", "Jurisdiction": "COV", "POINT_X": 473420.12920000032, "POINT_Y": 5363678.3138999995 }, "geometry": { "type": "MultiPoint", "coordinates": [ [ -123.359301208391585, 48.425698379625779 ] ] } },
{ "type": "Feature", "properties": { "OBJECTID": 1899, "StreetName1": "VANCOUVER ST", "StreetName2": "YATES ST", "Intersection": "YATES ST & VANCOUVER ST", "Jurisdiction": "COV", "POINT_X": 473626.8745, "POINT_Y": 5363643.4785999991 }, "geometry": { "type": "MultiPoint", "coordinates": [ [ -123.356504450574292, 48.425393680997246 ] ] } },
{ "type": "Feature", "properties": { "OBJECTID": 1900, "StreetName1": "COOK ST", "StreetName2": "YATES ST", "Intersection": "YATES ST & COOK ST", "Jurisdiction": "COV", "POINT_X": 473839.55510000046, "POINT_Y": 5363607.0804999992 }, "geometry": { "type": "MultiPoint", "coordinates": [ [ -123.35362740206827, 48.425075101374382 ] ] } },
{ "type": "Feature", "properties": { "OBJECTID": 1901, "StreetName1": "ORMOND ST", "StreetName2": "YATES ST", "Intersection": "YATES ST & ORMOND ST", "Jurisdiction": "COV", "POINT_X": 474147.3454, "POINT_Y": 5363558.1114000008 }, "geometry": { "type": "MultiPoint", "coordinates": [ [ -123.349464043446858, 48.424647267893356 ] ] } },
{ "type": "Feature", "properties": { "OBJECTID": 1902, "StreetName1": "CAMOSUN ST", "StreetName2": "YATES ST", "Intersection": "YATES ST & CAMOSUN ST", "Jurisdiction": "COV", "POINT_X": 474294.5373, "POINT_Y": 5363550.7235000003 }, "geometry": { "type": "MultiPoint", "coordinates": [ [ -123.347474043801753, 48.424586828559974 ] ] } },
{ "type": "Feature", "properties": { "OBJECTID": 1903, "StreetName1": "FERNWOOD RD", "StreetName2": "YATES ST", "Intersection": "YATES ST & FERNWOOD RD", "Jurisdiction": "COV", "POINT_X": 474440.14759999979, "POINT_Y": 5363543.2061000001 }, "geometry": { "type": "MultiPoint", "coordinates": [ [ -123.345505418740174, 48.424525125587415 ] ] } },
{ "type": "Feature", "properties": { "OBJECTID": 1904, "StreetName1": "FORT ST", "StreetName2": "YATES ST", "Intersection": "YATES ST & FORT ST", "Jurisdiction": "COV", "POINT_X": 474563.30829999968, "POINT_Y": 5363507.9072999991 }, "geometry": { "type": "MultiPoint", "coordinates": [ [ -123.343838555686048, 48.424212551204782 ] ] } },
{ "type": "Feature", "properties": { "OBJECTID": 1905, "StreetName1": "VILLANCE ST", "StreetName2": "YEW ST", "Intersection": "YEW ST & VILLANCE ST", "Jurisdiction": "COV", "POINT_X": 473074.45019999985, "POINT_Y": 5366182.5909000002 }, "geometry": { "type": "MultiPoint", "coordinates": [ [ -123.364134698108998, 48.448212969564047 ] ] } },
{ "type": "Feature", "properties": { "OBJECTID": 1906, "StreetName1": "REED ST", "StreetName2": "YEW ST", "Intersection": "YEW ST & REED ST", "Jurisdiction": "COV", "POINT_X": 473091.21190000046, "POINT_Y": 5366091.7519000005 }, "geometry": { "type": "MultiPoint", "coordinates": [ [ -123.363902192408233, 48.447396471466512 ] ] } },
{ "type": "Feature", "properties": { "OBJECTID": 1907, "StreetName1": "FINLAYSON ST", "StreetName2": "YEW ST", "Intersection": "YEW ST & FINLAYSON ST", "Jurisdiction": "COV", "POINT_X": 473119.39589999989, "POINT_Y": 5365933.24 }, "geometry": { "type": "MultiPoint", "coordinates": [ [ -123.36351089164377, 48.445971654730471 ] ] } },
{ "type": "Feature", "properties": { "OBJECTID": 1908, "StreetName1": "TORONTO ST", "StreetName2": "YOUNG ST", "Intersection": "YOUNG ST & TORONTO ST", "Jurisdiction": "COV", "POINT_X": 472749.4194, "POINT_Y": 5362573.384 }, "geometry": { "type": "MultiPoint", "coordinates": [ [ -123.368295335766021, 48.415729390281349 ] ] } },
{ "type": "Feature", "properties": { "OBJECTID": 1909, "StreetName1": "MICHIGAN ST", "StreetName2": "YOUNG ST", "Intersection": "YOUNG ST & MICHIGAN ST", "Jurisdiction": "COV", "POINT_X": 472753.9637000002, "POINT_Y": 5362738.8844000008 }, "geometry": { "type": "MultiPoint", "coordinates": [ [ -123.368244675153832, 48.417218485806906 ] ] } },
{ "type": "Feature", "properties": { "OBJECTID": 1910, "StreetName1": "CHAMBERS ST", "StreetName2": "YUKON ST", "Intersection": "YUKON ST & CHAMBERS ST", "Jurisdiction": "COV", "POINT_X": 474099.0093, "POINT_Y": 5364006.9134 }, "geometry": { "type": "MultiPoint", "coordinates": [ [ -123.350145121421463, 48.428682861127761 ] ] } },
{ "type": "Feature", "properties": { "OBJECTID": 1911, "StreetName1": "BALFOUR AVE", "StreetName2": "BALFOUR PL", "Intersection": "BALFOUR AVE & BALFOUR PL", "Jurisdiction": "COV", "POINT_X": 471463.04970000032, "POINT_Y": 5365733.3227999993 }, "geometry": { "type": "MultiPoint", "coordinates": [ [ -123.385894865819836, 48.444100216652672 ] ] } },
{ "type": "Feature", "properties": { "OBJECTID": 1912, "StreetName1": "AVEBURY AVE", "StreetName2": "BAY ST", "Intersection": "AVEBURY AVE & BAY ST", "Jurisdiction": "COV", "POINT_X": 474679.2763, "POINT_Y": 5364636.973 }, "geometry": { "type": "MultiPoint", "coordinates": [ [ -123.342339283973686, 48.434374696498402 ] ] } },
{ "type": "Feature", "properties": { "OBJECTID": 1913, "StreetName1": "ASQUITH ST", "StreetName2": "BAY ST", "Intersection": "ASQUITH ST & BAY ST", "Jurisdiction": "COV", "POINT_X": 474777.7873, "POINT_Y": 5364628.2443000004 }, "geometry": { "type": "MultiPoint", "coordinates": [ [ -123.341006961216081, 48.43430012428724 ] ] } },
{ "type": "Feature", "properties": { "OBJECTID": 1914, "StreetName1": "ASHGROVE ST", "StreetName2": "BEGBIE ST", "Intersection": "ASHGROVE ST & BEGBIE ST", "Jurisdiction": "COV", "POINT_X": 475396.8060999997, "POINT_Y": 5364221.6929000001 }, "geometry": { "type": "MultiPoint", "coordinates": [ [ -123.332614410181833, 48.430667137602008 ] ] } },
{ "type": "Feature", "properties": { "OBJECTID": 1915, "StreetName1": "BAY ST", "StreetName2": "BELMONT AVE", "Intersection": "BAY ST & BELMONT AVE", "Jurisdiction": "COV", "POINT_X": 474872.07984999963, "POINT_Y": 5364620.9691000003 }, "geometry": { "type": "MultiPoint", "coordinates": [ [ -123.339837357480476, 48.434243559390389 ], [ -123.339626161901052, 48.434233329473749 ] ] } },
{ "type": "Feature", "properties": { "OBJECTID": 1916, "StreetName1": "BEGBIE ST", "StreetName2": "BELMONT AVE", "Intersection": "BEGBIE ST & BELMONT AVE", "Jurisdiction": "COV", "POINT_X": 474944.64290000033, "POINT_Y": 5363971.7279000003 }, "geometry": { "type": "MultiPoint", "coordinates": [ [ -123.338711941545583, 48.428400534017079 ] ] } },
{ "type": "Feature", "properties": { "OBJECTID": 1917, "StreetName1": "ALPHA ST", "StreetName2": "BETA ST", "Intersection": "ALPHA ST & BETA ST", "Jurisdiction": "COV", "POINT_X": 472131.08629999962, "POINT_Y": 5366010.531 }, "geometry": { "type": "MultiPoint", "coordinates": [ [ -123.376880259433378, 48.446623997880486 ] ] } },
{ "type": "Feature", "properties": { "OBJECTID": 1918, "StreetName1": "ARTHUR AVE", "StreetName2": "BLACKWOOD ST", "Intersection": "ARTHUR AVE & BLACKWOOD ST", "Jurisdiction": "COV", "POINT_X": 473751.0729, "POINT_Y": 5365709.2820999995 }, "geometry": { "type": "MultiPoint", "coordinates": [ [ -123.3549551070886, 48.44398352245306 ] ] } },
{ "type": "Feature", "properties": { "OBJECTID": 1919, "StreetName1": "BASIL AVE", "StreetName2": "BLACKWOOD ST", "Intersection": "BASIL AVE & BLACKWOOD ST", "Jurisdiction": "COV", "POINT_X": 473816.04050000012, "POINT_Y": 5365363.9363000002 }, "geometry": { "type": "MultiPoint", "coordinates": [ [ -123.354055034978259, 48.440879387321075 ] ] } },
{ "type": "Feature", "properties": { "OBJECTID": 1920, "StreetName1": "ACADEMY CLOSE", "StreetName2": "BLANSHARD ST", "Intersection": "ACADEMY CLOSE & BLANSHARD ST", "Jurisdiction": "COV", "POINT_X": 472980.5505, "POINT_Y": 5362956.3784999996 }, "geometry": { "type": "MultiPoint", "coordinates": [ [ -123.365196439070019, 48.41918489728809 ] ] } },
{ "type": "Feature", "properties": { "OBJECTID": 1921, "StreetName1": "BELLEVILLE ST", "StreetName2": "BLANSHARD ST", "Intersection": "BELLEVILLE ST & BLANSHARD ST", "Jurisdiction": "COV", "POINT_X": 473031.9104000004, "POINT_Y": 5363030.8723000009 }, "geometry": { "type": "MultiPoint", "coordinates": [ [ -123.364507090313168, 48.419857270151518 ] ] } },
{ "type": "Feature", "properties": { "OBJECTID": 1922, "StreetName1": "BAY ST", "StreetName2": "BLANSHARD ST", "Intersection": "BAY ST & BLANSHARD ST", "Jurisdiction": "COV", "POINT_X": 473171.001, "POINT_Y": 5364775.175449999 }, "geometry": { "type": "MultiPoint", "coordinates": [ [ -123.362841556320433, 48.435561156230342 ], [ -123.362636215201363, 48.435549932573437 ] ] } },
{ "type": "Feature", "properties": { "OBJECTID": 1923, "StreetName1": "AMPHION ST", "StreetName2": "BOURCHIER ST", "Intersection": "AMPHION ST & BOURCHIER ST", "Jurisdiction": "COV", "POINT_X": 476053.75150000025, "POINT_Y": 5364165.6399000008 }, "geometry": { "type": "MultiPoint", "coordinates": [ [ -123.323730413725428, 48.430188190454707 ] ] } },
{ "type": "Feature", "properties": { "OBJECTID": 1924, "StreetName1": "BERWICK ST", "StreetName2": "BOYD ST", "Intersection": "BERWICK ST & BOYD ST", "Jurisdiction": "COV", "POINT_X": 471992.12679999974, "POINT_Y": 5362422.0559 }, "geometry": { "type": "MultiPoint", "coordinates": [ [ -123.378519493528458, 48.414334779898979 ] ] } },
{ "type": "Feature", "properties": { "OBJECTID": 1925, "StreetName1": "BAY ST", "StreetName2": "BRIDGE ST", "Intersection": "BAY ST & BRIDGE ST", "Jurisdiction": "COV", "POINT_X": 472440.324, "POINT_Y": 5364763.5870999992 }, "geometry": { "type": "MultiPoint", "coordinates": [ [ -123.372616544180161, 48.435419730213169 ] ] } },
{ "type": "Feature", "properties": { "OBJECTID": 1926, "StreetName1": "ARBUTUS WAY", "StreetName2": "BRIDGE WAY", "Intersection": "ARBUTUS WAY & BRIDGE WAY", "Jurisdiction": "COV", "POINT_X": 473088.06659999955, "POINT_Y": 5362389.1137000006 }, "geometry": { "type": "MultiPoint", "coordinates": [ [ -123.363706933025853, 48.414086186559167 ] ] } },
{ "type": "Feature", "properties": { "OBJECTID": 1927, "StreetName1": "BANK ST", "StreetName2": "BRIGHTON AVE", "Intersection": "BANK ST & BRIGHTON AVE", "Jurisdiction": "COV", "POINT_X": 475664.66150000039, "POINT_Y": 5363501.2303 }, "geometry": { "type": "MultiPoint", "coordinates": [ [ -123.328951626101102, 48.424196000577922 ] ] } },
{ "type": "Feature", "properties": { "OBJECTID": 1928, "StreetName1": "AMPHION ST", "StreetName2": "BRIGHTON AVE", "Intersection": "AMPHION ST & BRIGHTON AVE", "Jurisdiction": "COV", "POINT_X": 476078.55169999972, "POINT_Y": 5363498.736 }, "geometry": { "type": "MultiPoint", "coordinates": [ [ -123.323357096300455, 48.424189417226543 ] ] } },
{ "type": "Feature", "properties": { "OBJECTID": 1929, "StreetName1": "AMPHION ST", "StreetName2": "BRIGHTON CRES", "Intersection": "AMPHION ST & BRIGHTON CRES", "Jurisdiction": "COV", "POINT_X": 476078.55169999972, "POINT_Y": 5363498.736 }, "geometry": { "type": "MultiPoint", "coordinates": [ [ -123.323357096300455, 48.424189417226543 ] ] } },
{ "type": "Feature", "properties": { "OBJECTID": 1930, "StreetName1": "ARNOLD AVE", "StreetName2": "BROOKE ST", "Intersection": "ARNOLD AVE & BROOKE ST", "Jurisdiction": "COV", "POINT_X": 474755.99380000029, "POINT_Y": 5362425.4934 }, "geometry": { "type": "MultiPoint", "coordinates": [ [ -123.34116894052562, 48.414482509516439 ] ] } },
{ "type": "Feature", "properties": { "OBJECTID": 1931, "StreetName1": "BROAD ST", "StreetName2": "BROUGHTON ST", "Intersection": "BROAD ST & BROUGHTON ST", "Jurisdiction": "COV", "POINT_X": 472873.7676, "POINT_Y": 5363501.4912 }, "geometry": { "type": "MultiPoint", "coordinates": [ [ -123.366674902012775, 48.424084327295034 ] ] } },
{ "type": "Feature", "properties": { "OBJECTID": 1932, "StreetName1": "BLANSHARD ST", "StreetName2": "BROUGHTON ST", "Intersection": "BLANSHARD ST & BROUGHTON ST", "Jurisdiction": "COV", "POINT_X": 473166.32660000026, "POINT_Y": 5363435.3911000006 }, "geometry": { "type": "MultiPoint", "coordinates": [ [ -123.362716293305823, 48.423502200816486 ] ] } },
{ "type": "Feature", "properties": { "OBJECTID": 1933, "StreetName1": "BLANSHARD ST", "StreetName2": "BURDETT AVE", "Intersection": "BLANSHARD ST & BURDETT AVE", "Jurisdiction": "COV", "POINT_X": 473137.43549999967, "POINT_Y": 5363265.6907000002 }, "geometry": { "type": "MultiPoint", "coordinates": [ [ -123.363095921992169, 48.421974286421374 ] ] } },
{ "type": "Feature", "properties": { "OBJECTID": 1934, "StreetName1": "BALFOUR AVE", "StreetName2": "BURNSIDE RD E", "Intersection": "BALFOUR AVE & BURNSIDE RD E", "Jurisdiction": "COV", "POINT_X": 471721.22620000038, "POINT_Y": 5366206.5654000007 }, "geometry": { "type": "MultiPoint", "coordinates": [ [ -123.382435820056202, 48.448369295240489 ] ] } },
{ "type": "Feature", "properties": { "OBJECTID": 1935, "StreetName1": "ALPHA TERR", "StreetName2": "BURNSIDE RD E", "Intersection": "ALPHA TERR & BURNSIDE RD E", "Jurisdiction": "COV", "POINT_X": 471984.724, "POINT_Y": 5366006.3 }, "geometry": { "type": "MultiPoint", "coordinates": [ [ -123.378859156195688, 48.446579436073669 ] ] } },
{ "type": "Feature", "properties": { "OBJECTID": 1936, "StreetName1": "ALPHA ST", "StreetName2": "BURNSIDE RD E", "Intersection": "ALPHA ST & BURNSIDE RD E", "Jurisdiction": "COV", "POINT_X": 472078.01070000045, "POINT_Y": 5365937.9158999994 }, "geometry": { "type": "MultiPoint", "coordinates": [ [ -123.377593130087746, 48.445968378730093 ] ] } },
{ "type": "Feature", "properties": { "OBJECTID": 1937, "StreetName1": "BLANSHARD ST", "StreetName2": "CALEDONIA AVE", "Intersection": "BLANSHARD ST & CALEDONIA AVE", "Jurisdiction": "COV", "POINT_X": 473237.05465000012, "POINT_Y": 5364275.7683499996 }, "geometry": { "type": "MultiPoint", "coordinates": [ [ -123.362050564988081, 48.43112782146023 ], [ -123.361757453686536, 48.431070232530281 ], [ -123.361577374687144, 48.431003230945592 ] ] } },
{ "type": "Feature", "properties": { "OBJECTID": 1938, "StreetName1": "BALMORAL RD", "StreetName2": "CAMOSUN ST", "Intersection": "BALMORAL RD & CAMOSUN ST", "Jurisdiction": "COV", "POINT_X": 474334.8098, "POINT_Y": 5363912.2223000005 }, "geometry": { "type": "MultiPoint", "coordinates": [ [ -123.346951829033557, 48.427840641553104 ] ] } },
{ "type": "Feature", "properties": { "OBJECTID": 1939, "StreetName1": "BURNSIDE RD E", "StreetName2": "CARROLL ST", "Intersection": "BURNSIDE RD E & CARROLL ST", "Jurisdiction": "COV", "POINT_X": 471808.18439999968, "POINT_Y": 5366139.8167000003 }, "geometry": { "type": "MultiPoint", "coordinates": [ [ -123.381255395614801, 48.447772706708861 ] ] } },
{ "type": "Feature", "properties": { "OBJECTID": 1940, "StreetName1": "BELLA ST", "StreetName2": "CATHERINE ST", "Intersection": "BELLA ST & CATHERINE ST", "Jurisdiction": "COV", "POINT_X": 471538.78430000041, "POINT_Y": 5364636.3975000009 }, "geometry": { "type": "MultiPoint", "coordinates": [ [ -123.384796261578572, 48.43423538361435 ] ] } },
{ "type": "Feature", "properties": { "OBJECTID": 1941, "StreetName1": "BAY ST", "StreetName2": "CATHERINE ST", "Intersection": "BAY ST & CATHERINE ST", "Jurisdiction": "COV", "POINT_X": 471541.38030000031, "POINT_Y": 5364268.8452000003 }, "geometry": { "type": "MultiPoint", "coordinates": [ [ -123.384736201634482, 48.430928888608548 ] ] } },
{ "type": "Feature", "properties": { "OBJECTID": 1942, "StreetName1": "BAY ST", "StreetName2": "CEDAR HILL RD", "Intersection": "BAY ST & CEDAR HILL RD", "Jurisdiction": "COV", "POINT_X": 474287.1456000004, "POINT_Y": 5364671.3845000006 }, "geometry": { "type": "MultiPoint", "coordinates": [ [ -123.347642715720212, 48.434668381275124 ] ] } },
{ "type": "Feature", "properties": { "OBJECTID": 1943, "StreetName1": "ACTON ST", "StreetName2": "CEDAR HILL RD", "Intersection": "ACTON ST & CEDAR HILL RD", "Jurisdiction": "COV", "POINT_X": 474450.44149999972, "POINT_Y": 5365151.2107999995 }, "geometry": { "type": "MultiPoint", "coordinates": [ [ -123.34546432736262, 48.438991708381444 ] ] } },
{ "type": "Feature", "properties": { "OBJECTID": 1944, "StreetName1": "BRIGHTON AVE", "StreetName2": "CHAMBERLAIN ST", "Intersection": "BRIGHTON AVE & CHAMBERLAIN ST", "Jurisdiction": "COV", "POINT_X": 475816.5685000001, "POINT_Y": 5363500.4466999993 }, "geometry": { "type": "MultiPoint", "coordinates": [ [ -123.326898315602094, 48.424194802233785 ] ] } },
{ "type": "Feature", "properties": { "OBJECTID": 1945, "StreetName1": "BALMORAL RD", "StreetName2": "CHAMBERS ST", "Intersection": "BALMORAL RD & CHAMBERS ST", "Jurisdiction": "COV", "POINT_X": 474094.28360000014, "POINT_Y": 5363950.2556000007 }, "geometry": { "type": "MultiPoint", "coordinates": [ [ -123.35022384837994, 48.428017999010216 ], [ -123.350187151609248, 48.428327908144176 ] ] } },
{ "type": "Feature", "properties": { "OBJECTID": 1946, "StreetName1": "CALEDONIA AVE", "StreetName2": "CHAMBERS ST", "Intersection": "CALEDONIA AVE & CHAMBERS ST", "Jurisdiction": "COV", "POINT_X": 474114.2654, "POINT_Y": 5364185.0351 }, "geometry": { "type": "MultiPoint", "coordinates": [ [ -123.349949895698003, 48.430285932584674 ] ] } },
{ "type": "Feature", "properties": { "OBJECTID": 1947, "StreetName1": "BAY ST", "StreetName2": "CHAMBERS ST", "Intersection": "BAY ST & CHAMBERS ST", "Jurisdiction": "COV", "POINT_X": 474162.42939999979, "POINT_Y": 5364687.9836999997 }, "geometry": { "type": "MultiPoint", "coordinates": [ [ -123.349329820356274, 48.434812607380771 ] ] } },
{ "type": "Feature", "properties": { "OBJECTID": 1948, "StreetName1": "CALEDONIA AVE", "StreetName2": "CHATHAM ST", "Intersection": "CALEDONIA AVE & CHATHAM ST", "Jurisdiction": "COV", "POINT_X": 473035.50189999957, "POINT_Y": 5364280.6393 }, "geometry": { "type": "MultiPoint", "coordinates": [ [ -123.364538946423707, 48.431100748160723 ] ] } },
{ "type": "Feature", "properties": { "OBJECTID": 1949, "StreetName1": "BRIDGE WAY", "StreetName2": "CHESTNUT ROW", "Intersection": "BRIDGE WAY & CHESTNUT ROW", "Jurisdiction": "COV", "POINT_X": 473110.50829999987, "POINT_Y": 5362365.9500999991 }, "geometry": { "type": "MultiPoint", "coordinates": [ [ -123.363402173947208, 48.413878756771076 ] ] } },
{ "type": "Feature", "properties": { "OBJECTID": 1950, "StreetName1": "BEGBIE ST", "StreetName2": "CHESTNUT ST", "Intersection": "BEGBIE ST & CHESTNUT ST", "Jurisdiction": "COV", "POINT_X": 475322.755, "POINT_Y": 5364177.8433999997 }, "geometry": { "type": "MultiPoint", "coordinates": [ [ -123.333612873081009, 48.430269754039685 ] ] } },
{ "type": "Feature", "properties": { "OBJECTID": 1951, "StreetName1": "BEACON HILL LOOP", "StreetName2": "CIRCLE DR", "Intersection": "BEACON HILL LOOP & CIRCLE DR", "Jurisdiction": "COV", "POINT_X": 472957.26510000043, "POINT_Y": 5362231.8997000009 }, "geometry": { "type": "MultiPoint", "coordinates": [ [ -123.365464430168473, 48.412666232973606 ] ] } },
{ "type": "Feature", "properties": { "OBJECTID": 1952, "StreetName1": "CHESTNUT ROW", "StreetName2": "CIRCLE DR", "Intersection": "CHESTNUT ROW & CIRCLE DR", "Jurisdiction": "COV", "POINT_X": 473057.06950000022, "POINT_Y": 5362186.069 }, "geometry": { "type": "MultiPoint", "coordinates": [ [ -123.364112781071924, 48.412258199349772 ] ] } },
{ "type": "Feature", "properties": { "OBJECTID": 1953, "StreetName1": "CAMAS CIR", "StreetName2": "CIRCLE DR", "Intersection": "CAMAS CIR & CIRCLE DR", "Jurisdiction": "COV", "POINT_X": 473206.5642, "POINT_Y": 5362071.8628000002 }, "geometry": { "type": "MultiPoint", "coordinates": [ [ -123.362085307662767, 48.411237134067157 ] ] } },
{ "type": "Feature", "properties": { "OBJECTID": 1954, "StreetName1": "BRIGHTON AVE", "StreetName2": "CLARE ST", "Intersection": "BRIGHTON AVE & CLARE ST", "Jurisdiction": "COV", "POINT_X": 475730.09609999973, "POINT_Y": 5363500.8926 }, "geometry": { "type": "MultiPoint", "coordinates": [ [ -123.328067153687556, 48.424195487430509 ] ] } },
{ "type": "Feature", "properties": { "OBJECTID": 1955, "StreetName1": "ARNOLD AVE", "StreetName2": "CLIFFORD ST", "Intersection": "ARNOLD AVE & CLIFFORD ST", "Jurisdiction": "COV", "POINT_X": 474753.97910000011, "POINT_Y": 5362333.2181000002 }, "geometry": { "type": "MultiPoint", "coordinates": [ [ -123.34119061293643, 48.413652285417996 ] ] } },
{ "type": "Feature", "properties": { "OBJECTID": 1956, "StreetName1": "BELMONT AVE", "StreetName2": "COLDHARBOUR RD", "Intersection": "BELMONT AVE & COLDHARBOUR RD", "Jurisdiction": "COV", "POINT_X": 474975.34829999972, "POINT_Y": 5363815.3378 }, "geometry": { "type": "MultiPoint", "coordinates": [ [ -123.338287537465092, 48.426994813631033 ] ] } },
{ "type": "Feature", "properties": { "OBJECTID": 1957, "StreetName1": "BASTION SQ", "StreetName2": "COMMERCIAL ALLEY", "Intersection": "BASTION SQ & COMMERCIAL ALLEY", "Jurisdiction": "COV", "POINT_X": 472662.19469999988, "POINT_Y": 5363703.3423999995 }, "geometry": { "type": "MultiPoint", "coordinates": [ [ -123.36954779253665, 48.425891099752924 ] ] } },
{ "type": "Feature", "properties": { "OBJECTID": 1958, "StreetName1": "ALDERMAN RD", "StreetName2": "CONNAUGHT RD", "Intersection": "ALDERMAN RD & CONNAUGHT RD", "Jurisdiction": "COV", "POINT_X": 471060.53569999989, "POINT_Y": 5365061.3844000008 }, "geometry": { "type": "MultiPoint", "coordinates": [ [ -123.391291141636074, 48.438036888721228 ] ] } },
{ "type": "Feature", "properties": { "OBJECTID": 1959, "StreetName1": "CHAPMAN ST", "StreetName2": "COOK ST", "Intersection": "CHAPMAN ST & COOK ST", "Jurisdiction": "COV", "POINT_X": 473573.43979999982, "POINT_Y": 5362284.6257000007 }, "geometry": { "type": "MultiPoint", "coordinates": [ [ -123.357141079281277, 48.413166720309221 ] ] } },
{ "type": "Feature", "properties": { "OBJECTID": 1960, "StreetName1": "COLLINSON ST", "StreetName2": "COOK ST", "Intersection": "COLLINSON ST & COOK ST", "Jurisdiction": "COV", "POINT_X": 473721.48660000041, "POINT_Y": 5362913.206 }, "geometry": { "type": "MultiPoint", "coordinates": [ [ -123.355179816487862, 48.418827847394645 ] ] } },
{ "type": "Feature", "properties": { "OBJECTID": 1961, "StreetName1": "BURDETT AVE", "StreetName2": "COOK ST", "Intersection": "BURDETT AVE & COOK ST", "Jurisdiction": "COV", "POINT_X": 473767.1333999997, "POINT_Y": 5363184.3227999993 }, "geometry": { "type": "MultiPoint", "coordinates": [ [ -123.354579856441475, 48.421268812842328 ] ] } },
{ "type": "Feature", "properties": { "OBJECTID": 1962, "StreetName1": "BALMORAL RD", "StreetName2": "COOK ST", "Intersection": "BALMORAL RD & COOK ST", "Jurisdiction": "COV", "POINT_X": 473877.9422000004, "POINT_Y": 5363993.9581000004 }, "geometry": { "type": "MultiPoint", "coordinates": [ [ -123.353132643471028, 48.428557179253481 ] ] } },
{ "type": "Feature", "properties": { "OBJECTID": 1963, "StreetName1": "CALEDONIA AVE", "StreetName2": "COOK ST", "Intersection": "CALEDONIA AVE & COOK ST", "Jurisdiction": "COV", "POINT_X": 473897.4479, "POINT_Y": 5364206.8421 }, "geometry": { "type": "MultiPoint", "coordinates": [ [ -123.35288223084261, 48.43047316523532 ] ] } },
{ "type": "Feature", "properties": { "OBJECTID": 1964, "StreetName1": "BAY ST", "StreetName2": "COOK ST", "Intersection": "BAY ST & COOK ST", "Jurisdiction": "COV", "POINT_X": 473943.9781, "POINT_Y": 5364707.7857000008 }, "geometry": { "type": "MultiPoint", "coordinates": [ [ -123.352284377215398, 48.434981749796677 ] ] } },
{ "type": "Feature", "properties": { "OBJECTID": 1965, "StreetName1": "BASIL AVE", "StreetName2": "COOK ST", "Intersection": "BASIL AVE & COOK ST", "Jurisdiction": "COV", "POINT_X": 474055.48890000023, "POINT_Y": 5365407.6923999991 }, "geometry": { "type": "MultiPoint", "coordinates": [ [ -123.35082016713524, 48.441282946524119 ] ] } },
{ "type": "Feature", "properties": { "OBJECTID": 1966, "StreetName1": "CENTENNIAL SQ", "StreetName2": "CORMORANT ST", "Intersection": "CENTENNIAL SQ & CORMORANT ST", "Jurisdiction": "COV", "POINT_X": 473041.07, "POINT_Y": 5364000.2508000005 }, "geometry": { "type": "MultiPoint", "coordinates": [ [ -123.364445636998823, 48.4285785192438 ] ] } },
{ "type": "Feature", "properties": { "OBJECTID": 1967, "StreetName1": "BLANSHARD ST", "StreetName2": "CORMORANT ST", "Intersection": "BLANSHARD ST & CORMORANT ST", "Jurisdiction": "COV", "POINT_X": 473228.51020000037, "POINT_Y": 5364003.8221000005 }, "geometry": { "type": "MultiPoint", "coordinates": [ [ -123.361912103516332, 48.428618644458943 ] ] } },
{ "type": "Feature", "properties": { "OBJECTID": 1968, "StreetName1": "AMELIA ST", "StreetName2": "CORMORANT ST", "Intersection": "AMELIA ST & CORMORANT ST", "Jurisdiction": "COV", "POINT_X": 473345.8904, "POINT_Y": 5364003.8306000009 }, "geometry": { "type": "MultiPoint", "coordinates": [ [ -123.360325391397197, 48.428623700221713 ] ] } },
{ "type": "Feature", "properties": { "OBJECTID": 1969, "StreetName1": "CARNSEW ST", "StreetName2": "CORNWALL ST", "Intersection": "CARNSEW ST & CORNWALL ST", "Jurisdiction": "COV", "POINT_X": 474150.6815, "POINT_Y": 5362725.6306999996 }, "geometry": { "type": "MultiPoint", "coordinates": [ [ -123.34936762509416, 48.4171581101633 ] ] } },
{ "type": "Feature", "properties": { "OBJECTID": 1970, "StreetName1": "BASTION SQ", "StreetName2": "COURT ALLEY", "Intersection": "BASTION SQ & COURT ALLEY", "Jurisdiction": "COV", "POINT_X": 472688.8766000001, "POINT_Y": 5363697.3168000001 }, "geometry": { "type": "MultiPoint", "coordinates": [ [ -123.369186741118469, 48.425838049118276 ] ] } },
{ "type": "Feature", "properties": { "OBJECTID": 1971, "StreetName1": "CHANCERY LANE", "StreetName2": "COURT ALLEY", "Intersection": "CHANCERY LANE & COURT ALLEY", "Jurisdiction": "COV", "POINT_X": 472695.36, "POINT_Y": 5363737.8003000002 }, "geometry": { "type": "MultiPoint", "coordinates": [ [ -123.369101742400019, 48.426202533204325 ] ] } },
{ "type": "Feature", "properties": { "OBJECTID": 1972, "StreetName1": "BLANSHARD ST", "StreetName2": "COURTNEY ST", "Intersection": "BLANSHARD ST & COURTNEY ST", "Jurisdiction": "COV", "POINT_X": 473150.60979999974, "POINT_Y": 5363343.2398000006 }, "geometry": { "type": "MultiPoint", "coordinates": [ [ -123.362922825278275, 48.422672506434814 ] ] } },
{ "type": "Feature", "properties": { "OBJECTID": 1973, "StreetName1": "BRIGHTON AVE", "StreetName2": "COWICHAN ST", "Intersection": "BRIGHTON AVE & COWICHAN ST", "Jurisdiction": "COV", "POINT_X": 475955.68379999977, "POINT_Y": 5363499.5383000001 }, "geometry": { "type": "MultiPoint", "coordinates": [ [ -123.325017898109337, 48.424191956285107 ] ] } },
{ "type": "Feature", "properties": { "OBJECTID": 1974, "StreetName1": "ARM ST", "StreetName2": "CRAIGFLOWER RD", "Intersection": "ARM ST & CRAIGFLOWER RD", "Jurisdiction": "COV", "POINT_X": 470860.79179999977, "POINT_Y": 5365258.8928999994 }, "geometry": { "type": "MultiPoint", "coordinates": [ [ -123.394005452963924, 48.439804517241292 ] ] } },
{ "type": "Feature", "properties": { "OBJECTID": 1975, "StreetName1": "BURLEITH CRES", "StreetName2": "CRAIGFLOWER RD", "Intersection": "BURLEITH CRES & CRAIGFLOWER RD", "Jurisdiction": "COV", "POINT_X": 470942.48529999983, "POINT_Y": 5365214.2655999996 }, "geometry": { "type": "MultiPoint", "coordinates": [ [ -123.392897808747207, 48.439406813744505 ] ] } },
{ "type": "Feature", "properties": { "OBJECTID": 1976, "StreetName1": "COVENTRY AVE", "StreetName2": "CRAIGFLOWER RD", "Intersection": "COVENTRY AVE & CRAIGFLOWER RD", "Jurisdiction": "COV", "POINT_X": 471053.43120000046, "POINT_Y": 5365157.4815999996 }, "geometry": { "type": "MultiPoint", "coordinates": [ [ -123.391393836659987, 48.438901080168698 ] ] } },
{ "type": "Feature", "properties": { "OBJECTID": 1977, "StreetName1": "ALDERMAN RD", "StreetName2": "CRAIGFLOWER RD", "Intersection": "ALDERMAN RD & CRAIGFLOWER RD", "Jurisdiction": "COV", "POINT_X": 471099.76520000026, "POINT_Y": 5365133.6010999996 }, "geometry": { "type": "MultiPoint", "coordinates": [ [ -123.390765734715643, 48.438688373217325 ] ] } },
{ "type": "Feature", "properties": { "OBJECTID": 1978, "StreetName1": "BELTON AVE", "StreetName2": "CRAIGFLOWER RD", "Intersection": "BELTON AVE & CRAIGFLOWER RD", "Jurisdiction": "COV", "POINT_X": 471215.62650000025, "POINT_Y": 5365016.7776999995 }, "geometry": { "type": "MultiPoint", "coordinates": [ [ -123.38919122186141, 48.437642704448024 ] ] } },
{ "type": "Feature", "properties": { "OBJECTID": 1979, "StreetName1": "BOYD ST", "StreetName2": "DALLAS RD", "Intersection": "BOYD ST & DALLAS RD", "Jurisdiction": "COV", "POINT_X": 471892.916, "POINT_Y": 5362283.9307000004 }, "geometry": { "type": "MultiPoint", "coordinates": [ [ -123.37985096275149, 48.413087740577041 ] ] } },
{ "type": "Feature", "properties": { "OBJECTID": 1980, "StreetName1": "CAMAS CIR", "StreetName2": "DALLAS RD", "Intersection": "CAMAS CIR & DALLAS RD", "Jurisdiction": "COV", "POINT_X": 473217.72879999969, "POINT_Y": 5361776.8304999992 }, "geometry": { "type": "MultiPoint", "coordinates": [ [ -123.361915604276021, 48.408583390942617 ] ] } },
{ "type": "Feature", "properties": { "OBJECTID": 1981, "StreetName1": "COOK ST", "StreetName2": "DALLAS RD", "Intersection": "COOK ST & DALLAS RD", "Jurisdiction": "COV", "POINT_X": 473517.99, "POINT_Y": 5361704.7238999996 }, "geometry": { "type": "MultiPoint", "coordinates": [ [ -123.357853799947762, 48.407947383101046 ] ] } },
{ "type": "Feature", "properties": { "OBJECTID": 1982, "StreetName1": "CAMBRIDGE ST", "StreetName2": "DALLAS RD", "Intersection": "CAMBRIDGE ST & DALLAS RD", "Jurisdiction": "COV", "POINT_X": 473690.988, "POINT_Y": 5361672.0099 }, "geometry": { "type": "MultiPoint", "coordinates": [ [ -123.355514156821727, 48.407660321973857 ] ] } },
{ "type": "Feature", "properties": { "OBJECTID": 1983, "StreetName1": "CLOVER POINT", "StreetName2": "DALLAS RD", "Intersection": "CLOVER POINT & DALLAS RD", "Jurisdiction": "COV", "POINT_X": 474129.14010000043, "POINT_Y": 5361476.015000001 }, "geometry": { "type": "MultiPoint", "coordinates": [ [ -123.349581682723951, 48.405915217186632 ] ] } },
{ "type": "Feature", "properties": { "OBJECTID": 1984, "StreetName1": "BUSHBY ST", "StreetName2": "DALLAS RD", "Intersection": "BUSHBY ST & DALLAS RD", "Jurisdiction": "COV", "POINT_X": 474180.14059999958, "POINT_Y": 5361552.7762000002 }, "geometry": { "type": "MultiPoint", "coordinates": [ [ -123.348897301699296, 48.406607881791949 ] ] } },
{ "type": "Feature", "properties": { "OBJECTID": 1985, "StreetName1": "BRIDGE ST", "StreetName2": "DAVID ST", "Intersection": "BRIDGE ST & DAVID ST", "Jurisdiction": "COV", "POINT_X": 472364.57210000046, "POINT_Y": 5365025.7274999991 }, "geometry": { "type": "MultiPoint", "coordinates": [ [ -123.373657965741373, 48.43777470578091 ] ] } },
{ "type": "Feature", "properties": { "OBJECTID": 1986, "StreetName1": "BRIGHTON AVE", "StreetName2": "DAVIE ST", "Intersection": "BRIGHTON AVE & DAVIE ST", "Jurisdiction": "COV", "POINT_X": 475903.238, "POINT_Y": 5363499.8806999996 }, "geometry": { "type": "MultiPoint", "coordinates": [ [ -123.325726806463379, 48.424193032241028 ] ] } },
{ "type": "Feature", "properties": { "OBJECTID": 1987, "StreetName1": "CEDAR HILL RD", "StreetName2": "DELATRE ST", "Intersection": "CEDAR HILL RD & DELATRE ST", "Jurisdiction": "COV", "POINT_X": 474381.0055, "POINT_Y": 5365836.5000999998 }, "geometry": { "type": "MultiPoint", "coordinates": [ [ -123.34644505887367, 48.44515397353765 ] ] } },
{ "type": "Feature", "properties": { "OBJECTID": 1988, "StreetName1": "BURNSIDE RD E", "StreetName2": "DELTA ST", "Intersection": "BURNSIDE RD E & DELTA ST", "Jurisdiction": "COV", "POINT_X": 472194.7665, "POINT_Y": 5365853.8443999998 }, "geometry": { "type": "MultiPoint", "coordinates": [ [ -123.3760087401607, 48.445217216180957 ] ] } },
{ "type": "Feature", "properties": { "OBJECTID": 1989, "StreetName1": "BETA ST", "StreetName2": "DELTA ST", "Intersection": "BETA ST & DELTA ST", "Jurisdiction": "COV", "POINT_X": 472247.16789999977, "POINT_Y": 5365925.7248999998 }, "geometry": { "type": "MultiPoint", "coordinates": [ [ -123.37530492753902, 48.445866187220332 ] ] } },
{ "type": "Feature", "properties": { "OBJECTID": 1990, "StreetName1": "BELMONT AVE", "StreetName2": "DENMAN ST", "Intersection": "BELMONT AVE & DENMAN ST", "Jurisdiction": "COV", "POINT_X": 474873.43539999984, "POINT_Y": 5364448.9469000008 }, "geometry": { "type": "MultiPoint", "coordinates": [ [ -123.339703117340903, 48.432690927052725 ] ] } },
{ "type": "Feature", "properties": { "OBJECTID": 1991, "StreetName1": "BLANSHARD ST", "StreetName2": "DISCOVERY ST", "Intersection": "BLANSHARD ST & DISCOVERY ST", "Jurisdiction": "COV", "POINT_X": 473221.0236, "POINT_Y": 5364376.5481000002 }, "geometry": { "type": "MultiPoint", "coordinates": [ [ -123.362037123780894, 48.431971492684688 ] ] } },
{ "type": "Feature", "properties": { "OBJECTID": 1992, "StreetName1": "DALLAS RD", "StreetName2": "DOCK ST", "Intersection": "DALLAS RD & DOCK ST", "Jurisdiction": "COV", "POINT_X": 471596.571, "POINT_Y": 5362532.0100999996 }, "geometry": { "type": "MultiPoint", "coordinates": [ [ -123.383872441164812, 48.41530625611307 ] ] } },
{ "type": "Feature", "properties": { "OBJECTID": 1993, "StreetName1": "BELTON AVE", "StreetName2": "DOMINION RD", "Intersection": "BELTON AVE & DOMINION RD", "Jurisdiction": "COV", "POINT_X": 470868.5329, "POINT_Y": 5364904.2313000001 }, "geometry": { "type": "MultiPoint", "coordinates": [ [ -123.393876122640521, 48.436614238444577 ] ] } },
{ "type": "Feature", "properties": { "OBJECTID": 1994, "StreetName1": "CONNAUGHT RD", "StreetName2": "DOMINION RD", "Intersection": "CONNAUGHT RD & DOMINION RD", "Jurisdiction": "COV", "POINT_X": 470912.78660000023, "POINT_Y": 5365142.5181000009 }, "geometry": { "type": "MultiPoint", "coordinates": [ [ -123.393294368451819, 48.438759981168054 ] ] } },
{ "type": "Feature", "properties": { "OBJECTID": 1995, "StreetName1": "CRAIGFLOWER RD", "StreetName2": "DOMINION RD", "Intersection": "CRAIGFLOWER RD & DOMINION RD", "Jurisdiction": "COV", "POINT_X": 470928.19620000012, "POINT_Y": 5365221.893 }, "geometry": { "type": "MultiPoint", "coordinates": [ [ -123.393091534388418, 48.439474772246903 ] ] } },
{ "type": "Feature", "properties": { "OBJECTID": 1996, "StreetName1": "CLAWTHORPE AVE", "StreetName2": "DONCASTER DR", "Intersection": "CLAWTHORPE AVE & DONCASTER DR", "Jurisdiction": "COV", "POINT_X": 474765.50810000021, "POINT_Y": 5366109.0637999997 }, "geometry": { "type": "MultiPoint", "coordinates": [ [ -123.341262191020405, 48.447621579864112 ] ] } },
{ "type": "Feature", "properties": { "OBJECTID": 1997, "StreetName1": "BURTON AVE", "StreetName2": "DONCASTER DR", "Intersection": "BURTON AVE & DONCASTER DR", "Jurisdiction": "COV", "POINT_X": 474810.1568, "POINT_Y": 5366023.0978999995 }, "geometry": { "type": "MultiPoint", "coordinates": [ [ -123.340653243642748, 48.446849991471815 ] ] } },
{ "type": "Feature", "properties": { "OBJECTID": 1998, "StreetName1": "ALBANY ST", "StreetName2": "DORIC ST", "Intersection": "ALBANY ST & DORIC ST", "Jurisdiction": "COV", "POINT_X": 471685.361, "POINT_Y": 5365977.4913999997 }, "geometry": { "type": "MultiPoint", "coordinates": [ [ -123.382905330021956, 48.446306867959024 ] ] } },
{ "type": "Feature", "properties": { "OBJECTID": 1999, "StreetName1": "CARROLL ST", "StreetName2": "DORIC ST", "Intersection": "CARROLL ST & DORIC ST", "Jurisdiction": "COV", "POINT_X": 471734.95369999984, "POINT_Y": 5365952.475850001 }, "geometry": { "type": "MultiPoint", "coordinates": [ [ -123.382348353801135, 48.446138448237768 ], [ -123.382117706299553, 48.44602965210305 ] ] } },
{ "type": "Feature", "properties": { "OBJECTID": 2000, "StreetName1": "ALPHA ST", "StreetName2": "DOUGLAS ST", "Intersection": "ALPHA ST & DOUGLAS ST", "Jurisdiction": "COV", "POINT_X": 472486.38750000019, "POINT_Y": 5366086.1125000007 }, "geometry": { "type": "MultiPoint", "coordinates": [ [ -123.372080673506659, 48.447319585172927 ] ] } },
{ "type": "Feature", "properties": { "OBJECTID": 2001, "StreetName1": "DALLAS RD", "StreetName2": "DOUGLAS ST", "Intersection": "DALLAS RD & DOUGLAS ST", "Jurisdiction": "COV", "POINT_X": 472692.2016499996, "POINT_Y": 5361891.0739500001 }, "geometry": { "type": "MultiPoint", "coordinates": [ [ -123.369234851741282, 48.408772362219842 ], [ -123.368813487384102, 48.410404860167588 ] ] } },
{ "type": "Feature", "properties": { "OBJECTID": 2002, "StreetName1": "BATTERY ST", "StreetName2": "DOUGLAS ST", "Intersection": "BATTERY ST & DOUGLAS ST", "Jurisdiction": "COV", "POINT_X": 472698.13219999988, "POINT_Y": 5361946.337 }, "geometry": { "type": "MultiPoint", "coordinates": [ [ -123.368947631806037, 48.41008603451094 ] ] } },
{ "type": "Feature", "properties": { "OBJECTID": 2003, "StreetName1": "BURNSIDE RD E", "StreetName2": "DOUGLAS ST", "Intersection": "BURNSIDE RD E & DOUGLAS ST", "Jurisdiction": "COV", "POINT_X": 472720.54260000028, "POINT_Y": 5365472.2921999991 }, "geometry": { "type": "MultiPoint", "coordinates": [ [ -123.368874282082004, 48.441807666234489 ] ] } },
{ "type": "Feature", "properties": { "OBJECTID": 2004, "StreetName1": "BEACON ST", "StreetName2": "DOUGLAS ST", "Intersection": "BEACON ST & DOUGLAS ST", "Jurisdiction": "COV", "POINT_X": 472742.806, "POINT_Y": 5362110.6173 }, "geometry": { "type": "MultiPoint", "coordinates": [ [ -123.368354638066606, 48.411565892510978 ] ] } },
{ "type": "Feature", "properties": { "OBJECTID": 2005, "StreetName1": "CIRCLE DR", "StreetName2": "DOUGLAS ST", "Intersection": "CIRCLE DR & DOUGLAS ST", "Jurisdiction": "COV", "POINT_X": 472753.15855000028, "POINT_Y": 5362133.2058499996 }, "geometry": { "type": "MultiPoint", "coordinates": [ [ -123.368444092513286, 48.411337007056645 ], [ -123.367988322286564, 48.412202102198471 ] ] } },
{ "type": "Feature", "properties": { "OBJECTID": 2006, "StreetName1": "CIRCLE DR", "StreetName2": "DOUGLAS ST", "Intersection": "CIRCLE DR & DOUGLAS ST", "Jurisdiction": "COV", "POINT_X": 472781.083, "POINT_Y": 5362209.0556000005 }, "geometry": { "type": "MultiPoint", "coordinates": [ [ -123.367843781257633, 48.412453132976466 ] ] } },
{ "type": "Feature", "properties": { "OBJECTID": 2007, "StreetName1": "AVALON RD", "StreetName2": "DOUGLAS ST", "Intersection": "AVALON RD & DOUGLAS ST", "Jurisdiction": "COV", "POINT_X": 472879.19039999973, "POINT_Y": 5362450.3096999992 }, "geometry": { "type": "MultiPoint", "coordinates": [ [ -123.366533613720691, 48.414627770587572 ] ] } },
{ "type": "Feature", "properties": { "OBJECTID": 2008, "StreetName1": "BELLEVILLE ST", "StreetName2": "DOUGLAS ST", "Intersection": "BELLEVILLE ST & DOUGLAS ST", "Jurisdiction": "COV", "POINT_X": 472896.06319999974, "POINT_Y": 5363073.5331999995 }, "geometry": { "type": "MultiPoint", "coordinates": [ [ -123.36634587576782, 48.420235231636077 ] ] } },
{ "type": "Feature", "properties": { "OBJECTID": 2009, "StreetName1": "BURDETT AVE", "StreetName2": "DOUGLAS ST", "Intersection": "BURDETT AVE & DOUGLAS ST", "Jurisdiction": "COV", "POINT_X": 472919.98749999981, "POINT_Y": 5363293.8798999991 }, "geometry": { "type": "MultiPoint", "coordinates": [ [ -123.366036759316501, 48.422218574768713 ] ] } },
{ "type": "Feature", "properties": { "OBJECTID": 2010, "StreetName1": "COURTNEY ST", "StreetName2": "DOUGLAS ST", "Intersection": "COURTNEY ST & DOUGLAS ST", "Jurisdiction": "COV", "POINT_X": 472942.446, "POINT_Y": 5363395.7946000006 }, "geometry": { "type": "MultiPoint", "coordinates": [ [ -123.36573978760903, 48.423136399182432 ] ] } },
{ "type": "Feature", "properties": { "OBJECTID": 2011, "StreetName1": "BLANSHARD ST", "StreetName2": "DOUGLAS ST", "Intersection": "BLANSHARD ST & DOUGLAS ST", "Jurisdiction": "COV", "POINT_X": 472944.85589999985, "POINT_Y": 5362904.3246 }, "geometry": { "type": "MultiPoint", "coordinates": [ [ -123.365675500481046, 48.418715070363596 ] ] } },
{ "type": "Feature", "properties": { "OBJECTID": 2012, "StreetName1": "BROUGHTON ST", "StreetName2": "DOUGLAS ST", "Intersection": "BROUGHTON ST & DOUGLAS ST", "Jurisdiction": "COV", "POINT_X": 472957.37689999957, "POINT_Y": 5363478.8685999997 }, "geometry": { "type": "MultiPoint", "coordinates": [ [ -123.365543336699062, 48.423884402242557 ] ] } },
{ "type": "Feature", "properties": { "OBJECTID": 2013, "StreetName1": "BAY ST", "StreetName2": "DOUGLAS ST", "Intersection": "BAY ST & DOUGLAS ST", "Jurisdiction": "COV", "POINT_X": 472968.07830000017, "POINT_Y": 5364793.0837999992 }, "geometry": { "type": "MultiPoint", "coordinates": [ [ -123.365483465638107, 48.435707973421373 ] ] } },
{ "type": "Feature", "properties": { "OBJECTID": 2014, "StreetName1": "DISCOVERY ST", "StreetName2": "DOUGLAS ST", "Intersection": "DISCOVERY ST & DOUGLAS ST", "Jurisdiction": "COV", "POINT_X": 473033.49309999961, "POINT_Y": 5364374.0587000009 }, "geometry": { "type": "MultiPoint", "coordinates": [ [ -123.36457211416969, 48.431941093581578 ] ] } },
{ "type": "Feature", "properties": { "OBJECTID": 2015, "StreetName1": "CALEDONIA AVE", "StreetName2": "DOUGLAS ST", "Intersection": "CALEDONIA AVE & DOUGLAS ST", "Jurisdiction": "COV", "POINT_X": 473035.50189999957, "POINT_Y": 5364280.6393 }, "geometry": { "type": "MultiPoint", "coordinates": [ [ -123.364538946423707, 48.431100748160723 ] ] } },
{ "type": "Feature", "properties": { "OBJECTID": 2016, "StreetName1": "CENTENNIAL SQ", "StreetName2": "DOUGLAS ST", "Intersection": "CENTENNIAL SQ & DOUGLAS ST", "Jurisdiction": "COV", "POINT_X": 473041.07, "POINT_Y": 5364000.2508000005 }, "geometry": { "type": "MultiPoint", "coordinates": [ [ -123.364445636998823, 48.4285785192438 ] ] } },
{ "type": "Feature", "properties": { "OBJECTID": 2017, "StreetName1": "BAY ST", "StreetName2": "DOWLER PL", "Intersection": "BAY ST & DOWLER PL", "Jurisdiction": "COV", "POINT_X": 473302.00939999986, "POINT_Y": 5364763.9737 }, "geometry": { "type": "MultiPoint", "coordinates": [ [ -123.360966996093154, 48.43546033917513 ] ] } },
{ "type": "Feature", "properties": { "OBJECTID": 2018, "StreetName1": "CATHERINE ST", "StreetName2": "DUNDAS ST", "Intersection": "CATHERINE ST & DUNDAS ST", "Jurisdiction": "COV", "POINT_X": 471541.1014, "POINT_Y": 5364306.6565000005 }, "geometry": { "type": "MultiPoint", "coordinates": [ [ -123.38474253984937, 48.431269038054225 ] ] } },
{ "type": "Feature", "properties": { "OBJECTID": 2019, "StreetName1": "BURNSIDE RD E", "StreetName2": "DUNEDIN ST", "Intersection": "BURNSIDE RD E & DUNEDIN ST", "Jurisdiction": "COV", "POINT_X": 472693.07, "POINT_Y": 5365489.5835999995 }, "geometry": { "type": "MultiPoint", "coordinates": [ [ -123.369246872253569, 48.441962033694288 ] ] } },
{ "type": "Feature", "properties": { "OBJECTID": 2020, "StreetName1": "BOYD ST", "StreetName2": "DUNELM WYNDE", "Intersection": "BOYD ST & DUNELM WYNDE", "Jurisdiction": "COV", "POINT_X": 471943.63109999988, "POINT_Y": 5362354.5381000005 }, "geometry": { "type": "MultiPoint", "coordinates": [ [ -123.379170343405207, 48.413725209138832 ] ] } },
{ "type": "Feature", "properties": { "OBJECTID": 2021, "StreetName1": "CARNSEW ST", "StreetName2": "DURBAN ST", "Intersection": "CARNSEW ST & DURBAN ST", "Jurisdiction": "COV", "POINT_X": 474455.82390000019, "POINT_Y": 5362678.9109000005 }, "geometry": { "type": "MultiPoint", "coordinates": [ [ -123.345238239769614, 48.416761115260186 ] ] } },
{ "type": "Feature", "properties": { "OBJECTID": 2022, "StreetName1": "EARLE PL", "StreetName2": "EARLE ST", "Intersection": "EARLE PL & EARLE ST", "Jurisdiction": "COV", "POINT_X": 475043.7357000001, "POINT_Y": 5362332.1538999993 }, "geometry": { "type": "MultiPoint", "coordinates": [ [ -123.337274841319328, 48.413654255425591 ] ] } },
{ "type": "Feature", "properties": { "OBJECTID": 2023, "StreetName1": "BUSHBY ST", "StreetName2": "EBERTS ST", "Intersection": "BUSHBY ST & EBERTS ST", "Jurisdiction": "COV", "POINT_X": 474353.9626000002, "POINT_Y": 5361812.8136 }, "geometry": { "type": "MultiPoint", "coordinates": [ [ -123.346564529962052, 48.408954375133874 ] ] } },
{ "type": "Feature", "properties": { "OBJECTID": 2024, "StreetName1": "DALLAS RD", "StreetName2": "EBERTS ST", "Intersection": "DALLAS RD & EBERTS ST", "Jurisdiction": "COV", "POINT_X": 474411.8492000001, "POINT_Y": 5361739.2163999993 }, "geometry": { "type": "MultiPoint", "coordinates": [ [ -123.345777846941843, 48.40829461990652 ] ] } },
{ "type": "Feature", "properties": { "OBJECTID": 2025, "StreetName1": "CEDAR HILL RD", "StreetName2": "EDGEWARE RD", "Intersection": "CEDAR HILL RD & EDGEWARE RD", "Jurisdiction": "COV", "POINT_X": 474402.59140000027, "POINT_Y": 5365543.0221999995 }, "geometry": { "type": "MultiPoint", "coordinates": [ [ -123.346135231449267, 48.442514629181197 ] ] } },
{ "type": "Feature", "properties": { "OBJECTID": 2026, "StreetName1": "DONCASTER DR", "StreetName2": "EDGEWARE RD", "Intersection": "DONCASTER DR & EDGEWARE RD", "Jurisdiction": "COV", "POINT_X": 474899.13640000019, "POINT_Y": 5365851.0223999992 }, "geometry": { "type": "MultiPoint", "coordinates": [ [ -123.339439693100218, 48.445305499133219 ] ] } },
{ "type": "Feature", "properties": { "OBJECTID": 2027, "StreetName1": "CATHERINE ST", "StreetName2": "EDWARD ST", "Intersection": "CATHERINE ST & EDWARD ST", "Jurisdiction": "COV", "POINT_X": 471539.148, "POINT_Y": 5364586.1276999991 }, "geometry": { "type": "MultiPoint", "coordinates": [ [ -123.384787929793532, 48.433783157750156 ] ] } },
{ "type": "Feature", "properties": { "OBJECTID": 2028, "StreetName1": "ALSTON ST", "StreetName2": "EDWARD ST", "Intersection": "ALSTON ST & EDWARD ST", "Jurisdiction": "COV", "POINT_X": 471647.21609999985, "POINT_Y": 5364585.029 }, "geometry": { "type": "MultiPoint", "coordinates": [ [ -123.383326876910147, 48.433778149364976 ] ] } },
{ "type": "Feature", "properties": { "OBJECTID": 2029, "StreetName1": "BEGBIE ST", "StreetName2": "ELFORD ST", "Intersection": "BEGBIE ST & ELFORD ST", "Jurisdiction": "COV", "POINT_X": 474754.8849, "POINT_Y": 5363876.6043999996 }, "geometry": { "type": "MultiPoint", "coordinates": [ [ -123.341271301695713, 48.427537190571975 ] ] } },
{ "type": "Feature", "properties": { "OBJECTID": 2030, "StreetName1": "BRIDGE ST", "StreetName2": "ELLICE ST", "Intersection": "BRIDGE ST & ELLICE ST", "Jurisdiction": "COV", "POINT_X": 472394.56460000016, "POINT_Y": 5365134.0217000004 }, "geometry": { "type": "MultiPoint", "coordinates": [ [ -123.373259600318846, 48.438750269626851 ] ] } },
{ "type": "Feature", "properties": { "OBJECTID": 2031, "StreetName1": "BAY ST", "StreetName2": "EMPIRE ST", "Intersection": "BAY ST & EMPIRE ST", "Jurisdiction": "COV", "POINT_X": 474039.22350000031, "POINT_Y": 5364699.4366999995 }, "geometry": { "type": "MultiPoint", "coordinates": [ [ -123.350996197143246, 48.43491057406726 ] ] } },
{ "type": "Feature", "properties": { "OBJECTID": 2032, "StreetName1": "COOK ST", "StreetName2": "EMPRESS AVE", "Intersection": "COOK ST & EMPRESS AVE", "Jurisdiction": "COV", "POINT_X": 473938.33509999979, "POINT_Y": 5364648.9027999993 }, "geometry": { "type": "MultiPoint", "coordinates": [ [ -123.352357004376998, 48.434451786006917 ] ] } },
{ "type": "Feature", "properties": { "OBJECTID": 2033, "StreetName1": "CHAMBERS ST", "StreetName2": "EMPRESS AVE", "Intersection": "CHAMBERS ST & EMPRESS AVE", "Jurisdiction": "COV", "POINT_X": 474157.501, "POINT_Y": 5364630.207 }, "geometry": { "type": "MultiPoint", "coordinates": [ [ -123.349392885408946, 48.434292626447558 ] ] } },
{ "type": "Feature", "properties": { "OBJECTID": 2034, "StreetName1": "DALLAS RD", "StreetName2": "ERIE ST", "Intersection": "DALLAS RD & ERIE ST", "Jurisdiction": "COV", "POINT_X": 471559.77489999961, "POINT_Y": 5363278.0338000003 }, "geometry": { "type": "MultiPoint", "coordinates": [ [ -123.384420307999022, 48.422016068981044 ] ] } },
{ "type": "Feature", "properties": { "OBJECTID": 2035, "StreetName1": "DOMINION RD", "StreetName2": "ESQUIMALT RD", "Intersection": "DOMINION RD & ESQUIMALT RD", "Jurisdiction": "COV", "POINT_X": 470836.15149999969, "POINT_Y": 5364364.5000999998 }, "geometry": { "type": "MultiPoint", "coordinates": [ [ -123.394276342069844, 48.431757159927351 ] ] } },
{ "type": "Feature", "properties": { "OBJECTID": 2036, "StreetName1": "BARNARD AVE", "StreetName2": "ESQUIMALT RD", "Intersection": "BARNARD AVE & ESQUIMALT RD", "Jurisdiction": "COV", "POINT_X": 470936.27460000012, "POINT_Y": 5364308.9254000001 }, "geometry": { "type": "MultiPoint", "coordinates": [ [ -123.392918973105225, 48.431261822884757 ] ] } },
{ "type": "Feature", "properties": { "OBJECTID": 2037, "StreetName1": "BOWLSBY PL", "StreetName2": "ESQUIMALT RD", "Intersection": "BOWLSBY PL & ESQUIMALT RD", "Jurisdiction": "COV", "POINT_X": 470952.83710000012, "POINT_Y": 5364301.2093000002 }, "geometry": { "type": "MultiPoint", "coordinates": [ [ -123.392694540207927, 48.431193170817053 ] ] } },
{ "type": "Feature", "properties": { "OBJECTID": 2038, "StreetName1": "DALTON ST", "StreetName2": "ESQUIMALT RD", "Intersection": "DALTON ST & ESQUIMALT RD", "Jurisdiction": "COV", "POINT_X": 471075.54289999977, "POINT_Y": 5364265.1713999994 }, "geometry": { "type": "MultiPoint", "coordinates": [ [ -123.391033272086062, 48.430874611662183 ] ] } },
{ "type": "Feature", "properties": { "OBJECTID": 2039, "StreetName1": "CATHERINE ST", "StreetName2": "ESQUIMALT RD", "Intersection": "CATHERINE ST & ESQUIMALT RD", "Jurisdiction": "COV", "POINT_X": 471541.8331000004, "POINT_Y": 5364208.9912 }, "geometry": { "type": "MultiPoint", "coordinates": [ [ -123.384726015755703, 48.430390444090762 ] ] } },
{ "type": "Feature", "properties": { "OBJECTID": 2040, "StreetName1": "BURDETT AVE", "StreetName2": "FAIRFIELD RD", "Intersection": "BURDETT AVE & FAIRFIELD RD", "Jurisdiction": "COV", "POINT_X": 473037.75860000029, "POINT_Y": 5363266.7811999992 }, "geometry": { "type": "MultiPoint", "coordinates": [ [ -123.364443220401085, 48.421979838011971 ] ] } },
{ "type": "Feature", "properties": { "OBJECTID": 2041, "StreetName1": "BLANSHARD ST", "StreetName2": "FAIRFIELD RD", "Intersection": "BLANSHARD ST & FAIRFIELD RD", "Jurisdiction": "COV", "POINT_X": 473137.47319999989, "POINT_Y": 5363174.8765999991 }, "geometry": { "type": "MultiPoint", "coordinates": [ [ -123.363089593770866, 48.421157293156753 ] ] } },
{ "type": "Feature", "properties": { "OBJECTID": 2042, "StreetName1": "COOK ST", "StreetName2": "FAIRFIELD RD", "Intersection": "COOK ST & FAIRFIELD RD", "Jurisdiction": "COV", "POINT_X": 473705.66270000022, "POINT_Y": 5362823.5231999997 }, "geometry": { "type": "MultiPoint", "coordinates": [ [ -123.355388054899549, 48.41802036864857 ] ] } },
{ "type": "Feature", "properties": { "OBJECTID": 2043, "StreetName1": "CHESTER AVE", "StreetName2": "FAIRFIELD RD", "Intersection": "CHESTER AVE & FAIRFIELD RD", "Jurisdiction": "COV", "POINT_X": 473799.1332, "POINT_Y": 5362783.6865999997 }, "geometry": { "type": "MultiPoint", "coordinates": [ [ -123.354122319603121, 48.417665878861825 ] ] } },
{ "type": "Feature", "properties": { "OBJECTID": 2044, "StreetName1": "CORNWALL ST", "StreetName2": "FAIRFIELD RD", "Intersection": "CORNWALL ST & FAIRFIELD RD", "Jurisdiction": "COV", "POINT_X": 474125.77979999967, "POINT_Y": 5362577.2171 }, "geometry": { "type": "MultiPoint", "coordinates": [ [ -123.349695007216269, 48.415821904979431 ] ] } },
{ "type": "Feature", "properties": { "OBJECTID": 2045, "StreetName1": "BRIAR PL", "StreetName2": "FAIRFIELD RD", "Intersection": "BRIAR PL & FAIRFIELD RD", "Jurisdiction": "COV", "POINT_X": 474265.6349, "POINT_Y": 5362462.8158 }, "geometry": { "type": "MultiPoint", "coordinates": [ [ -123.347797937364405, 48.414798437075675 ] ] } },
{ "type": "Feature", "properties": { "OBJECTID": 2046, "StreetName1": "FAIRCLIFF LANE", "StreetName2": "FAIRFIELD RD", "Intersection": "FAIRCLIFF LANE & FAIRFIELD RD", "Jurisdiction": "COV", "POINT_X": 474544.59929999989, "POINT_Y": 5362226.5381000005 }, "geometry": { "type": "MultiPoint", "coordinates": [ [ -123.344013650692048, 48.412684127409925 ] ] } },
{ "type": "Feature", "properties": { "OBJECTID": 2047, "StreetName1": "ARNOLD AVE", "StreetName2": "FAIRFIELD RD", "Intersection": "ARNOLD AVE & FAIRFIELD RD", "Jurisdiction": "COV", "POINT_X": 474745.43790000025, "POINT_Y": 5362139.7136000004 }, "geometry": { "type": "MultiPoint", "coordinates": [ [ -123.34129438626988, 48.411911103343058 ] ] } },
{ "type": "Feature", "properties": { "OBJECTID": 2048, "StreetName1": "BEECHWOOD AVE", "StreetName2": "FAIRFIELD RD", "Intersection": "BEECHWOOD AVE & FAIRFIELD RD", "Jurisdiction": "COV", "POINT_X": 475335.54250000045, "POINT_Y": 5362371.8282999992 }, "geometry": { "type": "MultiPoint", "coordinates": [ [ -123.333333758365086, 48.414022672548626 ] ] } },
{ "type": "Feature", "properties": { "OBJECTID": 2049, "StreetName1": "EARLE ST", "StreetName2": "FAIRFIELD RD", "Intersection": "EARLE ST & FAIRFIELD RD", "Jurisdiction": "COV", "POINT_X": 475391.60759999976, "POINT_Y": 5362455.9147999994 }, "geometry": { "type": "MultiPoint", "coordinates": [ [ -123.33258103436448, 48.414781339334162 ] ] } },
{ "type": "Feature", "properties": { "OBJECTID": 2050, "StreetName1": "FAIRFIELD PL", "StreetName2": "FAIRFIELD RD", "Intersection": "FAIRFIELD PL & FAIRFIELD RD", "Jurisdiction": "COV", "POINT_X": 475905.74610000011, "POINT_Y": 5362552.0379000008 }, "geometry": { "type": "MultiPoint", "coordinates": [ [ -123.325638438074066, 48.415665972465646 ] ] } },
{ "type": "Feature", "properties": { "OBJECTID": 2051, "StreetName1": "CHADWICK PL", "StreetName2": "FAIRFIELD RD", "Intersection": "CHADWICK PL & FAIRFIELD RD", "Jurisdiction": "COV", "POINT_X": 475915.28579999972, "POINT_Y": 5362553.2524999995 }, "geometry": { "type": "MultiPoint", "coordinates": [ [ -123.325509585119917, 48.415677264251215 ] ] } },
{ "type": "Feature", "properties": { "OBJECTID": 2052, "StreetName1": "COOK ST", "StreetName2": "FAITHFUL ST", "Intersection": "COOK ST & FAITHFUL ST", "Jurisdiction": "COV", "POINT_X": 473540.47879999969, "POINT_Y": 5361968.9805999994 }, "geometry": { "type": "MultiPoint", "coordinates": [ [ -123.357566591967185, 48.410325678507391 ] ] } },
{ "type": "Feature", "properties": { "OBJECTID": 2053, "StreetName1": "CAMBRIDGE ST", "StreetName2": "FAITHFUL ST", "Intersection": "CAMBRIDGE ST & FAITHFUL ST", "Jurisdiction": "COV", "POINT_X": 473730.55850000028, "POINT_Y": 5361937.3538000006 }, "geometry": { "type": "MultiPoint", "coordinates": [ [ -123.354996087683745, 48.410049105127399 ] ] } },
{ "type": "Feature", "properties": { "OBJECTID": 2054, "StreetName1": "BEGBIE ST", "StreetName2": "FERN ST", "Intersection": "BEGBIE ST & FERN ST", "Jurisdiction": "COV", "POINT_X": 475208.0652000001, "POINT_Y": 5364112.0495999996 }, "geometry": { "type": "MultiPoint", "coordinates": [ [ -123.335159379717851, 48.429673344344614 ] ] } },
{ "type": "Feature", "properties": { "OBJECTID": 2055, "StreetName1": "BALMORAL RD", "StreetName2": "FERNWOOD RD", "Intersection": "BALMORAL RD & FERNWOOD RD", "Jurisdiction": "COV", "POINT_X": 474455.7708000001, "POINT_Y": 5363900.1435000002 }, "geometry": { "type": "MultiPoint", "coordinates": [ [ -123.345315998250229, 48.427736894642543 ] ] } },
{ "type": "Feature", "properties": { "OBJECTID": 2056, "StreetName1": "CENTRE RD", "StreetName2": "FERNWOOD RD", "Intersection": "CENTRE RD & FERNWOOD RD", "Jurisdiction": "COV", "POINT_X": 474474.66249999963, "POINT_Y": 5364382.7309000008 }, "geometry": { "type": "MultiPoint", "coordinates": [ [ -123.345090024321507, 48.432079184992844 ] ] } },
{ "type": "Feature", "properties": { "OBJECTID": 2057, "StreetName1": "DENMAN ST", "StreetName2": "FERNWOOD RD", "Intersection": "DENMAN ST & FERNWOOD RD", "Jurisdiction": "COV", "POINT_X": 474477.14809999987, "POINT_Y": 5364463.1037000008 }, "geometry": { "type": "MultiPoint", "coordinates": [ [ -123.345061318113153, 48.43280234713491 ] ] } },
{ "type": "Feature", "properties": { "OBJECTID": 2058, "StreetName1": "BAY ST", "StreetName2": "FERNWOOD RD", "Intersection": "BAY ST & FERNWOOD RD", "Jurisdiction": "COV", "POINT_X": 474483.102, "POINT_Y": 5364652.6557 }, "geometry": { "type": "MultiPoint", "coordinates": [ [ -123.344992372533383, 48.434507863165457 ] ] } },
{ "type": "Feature", "properties": { "OBJECTID": 2059, "StreetName1": "CEDAR HILL RD", "StreetName2": "FERNWOOD RD", "Intersection": "CEDAR HILL RD & FERNWOOD RD", "Jurisdiction": "COV", "POINT_X": 474501.36830000021, "POINT_Y": 5365278.8057000004 }, "geometry": { "type": "MultiPoint", "coordinates": [ [ -123.344783539719842, 48.440141659584114 ] ] } },
{ "type": "Feature", "properties": { "OBJECTID": 2060, "StreetName1": "DOUGLAS ST", "StreetName2": "FIELD ST", "Intersection": "DOUGLAS ST & FIELD ST", "Jurisdiction": "COV", "POINT_X": 472997.06950000022, "POINT_Y": 5364709.3955000006 }, "geometry": { "type": "MultiPoint", "coordinates": [ [ -123.36508612220382, 48.434956330818267 ] ] } },
{ "type": "Feature", "properties": { "OBJECTID": 2061, "StreetName1": "BAY ST", "StreetName2": "FIFTH ST", "Intersection": "BAY ST & FIFTH ST", "Jurisdiction": "COV", "POINT_X": 473624.16380000021, "POINT_Y": 5364735.8202 }, "geometry": { "type": "MultiPoint", "coordinates": [ [ -123.356609844505698, 48.435220640167756 ] ] } },
{ "type": "Feature", "properties": { "OBJECTID": 2062, "StreetName1": "CEDAR HILL RD", "StreetName2": "FINLAYSON PL", "Intersection": "CEDAR HILL RD & FINLAYSON PL", "Jurisdiction": "COV", "POINT_X": 474544.27010000031, "POINT_Y": 5366135.0340999998 }, "geometry": { "type": "MultiPoint", "coordinates": [ [ -123.344255524496177, 48.447846306631675 ] ] } },
{ "type": "Feature", "properties": { "OBJECTID": 2063, "StreetName1": "BURNSIDE RD E", "StreetName2": "FINLAYSON ST", "Intersection": "BURNSIDE RD E & FINLAYSON ST", "Jurisdiction": "COV", "POINT_X": 472346.60259999987, "POINT_Y": 5365742.7676 }, "geometry": { "type": "MultiPoint", "coordinates": [ [ -123.373948260984577, 48.444224626239198 ] ] } },
{ "type": "Feature", "properties": { "OBJECTID": 2064, "StreetName1": "DOUGLAS ST", "StreetName2": "FINLAYSON ST", "Intersection": "DOUGLAS ST & FINLAYSON ST", "Jurisdiction": "COV", "POINT_X": 472583.3827, "POINT_Y": 5365832.3136999998 }, "geometry": { "type": "MultiPoint", "coordinates": [ [ -123.37075242050976, 48.445040568863753 ] ] } },
{ "type": "Feature", "properties": { "OBJECTID": 2065, "StreetName1": "BLANSHARD ST", "StreetName2": "FINLAYSON ST", "Intersection": "BLANSHARD ST & FINLAYSON ST", "Jurisdiction": "COV", "POINT_X": 472897.65069999977, "POINT_Y": 5365891.472 }, "geometry": { "type": "MultiPoint", "coordinates": [ [ -123.366620661376956, 48.445570530915518 ], [ -123.366392732126499, 48.445602242579596 ] ] } },
{ "type": "Feature", "properties": { "OBJECTID": 2066, "StreetName1": "FIFTH ST", "StreetName2": "FINLAYSON ST", "Intersection": "FIFTH ST & FINLAYSON ST", "Jurisdiction": "COV", "POINT_X": 473394.22410000023, "POINT_Y": 5365985.4651999995 }, "geometry": { "type": "MultiPoint", "coordinates": [ [ -123.359797894254569, 48.446453167349297 ] ] } },
{ "type": "Feature", "properties": { "OBJECTID": 2067, "StreetName1": "BLACKWOOD ST", "StreetName2": "FINLAYSON ST", "Intersection": "BLACKWOOD ST & FINLAYSON ST", "Jurisdiction": "COV", "POINT_X": 473675.4326, "POINT_Y": 5366037.3921000008 }, "geometry": { "type": "MultiPoint", "coordinates": [ [ -123.355998529115581, 48.446932143626874 ] ] } },
{ "type": "Feature", "properties": { "OBJECTID": 2068, "StreetName1": "COOK ST", "StreetName2": "FINLAYSON ST", "Intersection": "COOK ST & FINLAYSON ST", "Jurisdiction": "COV", "POINT_X": 474130.76989999972, "POINT_Y": 5366124.6572999991 }, "geometry": { "type": "MultiPoint", "coordinates": [ [ -123.349846580184405, 48.447736091232734 ] ] } },
{ "type": "Feature", "properties": { "OBJECTID": 2069, "StreetName1": "CEDAR HILL RD", "StreetName2": "FINLAYSON ST", "Intersection": "CEDAR HILL RD & FINLAYSON ST", "Jurisdiction": "COV", "POINT_X": 474565.97190000024, "POINT_Y": 5366192.975 }, "geometry": { "type": "MultiPoint", "coordinates": [ [ -123.34396557450043, 48.448368439041651 ] ] } },
{ "type": "Feature", "properties": { "OBJECTID": 2070, "StreetName1": "FAN TAN ALLEY", "StreetName2": "FISGARD ST", "Intersection": "FAN TAN ALLEY & FISGARD ST", "Jurisdiction": "COV", "POINT_X": 472783.7127, "POINT_Y": 5364088.9953000005 }, "geometry": { "type": "MultiPoint", "coordinates": [ [ -123.36793027891774, 48.429365823513947 ] ] } },
{ "type": "Feature", "properties": { "OBJECTID": 2071, "StreetName1": "DOUGLAS ST", "StreetName2": "FISGARD ST", "Intersection": "DOUGLAS ST & FISGARD ST", "Jurisdiction": "COV", "POINT_X": 473039.52589999977, "POINT_Y": 5364093.5032000002 }, "geometry": { "type": "MultiPoint", "coordinates": [ [ -123.364472508806315, 48.429417382577952 ] ] } },
{ "type": "Feature", "properties": { "OBJECTID": 2072, "StreetName1": "BLANSHARD ST", "StreetName2": "FISGARD ST", "Intersection": "BLANSHARD ST & FISGARD ST", "Jurisdiction": "COV", "POINT_X": 473230.97989999969, "POINT_Y": 5364086.3762999997 }, "geometry": { "type": "MultiPoint", "coordinates": [ [ -123.361883991977393, 48.429361434557514 ] ] } },
{ "type": "Feature", "properties": { "OBJECTID": 2073, "StreetName1": "BALMORAL RD", "StreetName2": "FISGARD ST", "Intersection": "BALMORAL RD & FISGARD ST", "Jurisdiction": "COV", "POINT_X": 473454.6445000004, "POINT_Y": 5364052.9132000003 }, "geometry": { "type": "MultiPoint", "coordinates": [ [ -123.358858392498078, 48.429069857661425 ] ] } },
{ "type": "Feature", "properties": { "OBJECTID": 2074, "StreetName1": "BAY ST", "StreetName2": "FORBES ST", "Intersection": "BAY ST & FORBES ST", "Jurisdiction": "COV", "POINT_X": 474966.0998000002, "POINT_Y": 5364613.6980499998 }, "geometry": { "type": "MultiPoint", "coordinates": [ [ -123.338602597448173, 48.434183684588348 ], [ -123.338317896083979, 48.4341698692973 ] ] } },
{ "type": "Feature", "properties": { "OBJECTID": 2075, "StreetName1": "DENMAN ST", "StreetName2": "FORBES ST", "Intersection": "DENMAN ST & FORBES ST", "Jurisdiction": "COV", "POINT_X": 474970.33619999979, "POINT_Y": 5364444.9365999997 }, "geometry": { "type": "MultiPoint", "coordinates": [ [ -123.338392892169566, 48.432658708558634 ] ] } },
{ "type": "Feature", "properties": { "OBJECTID": 2076, "StreetName1": "BROAD ST", "StreetName2": "FORT ST", "Intersection": "BROAD ST & FORT ST", "Jurisdiction": "COV", "POINT_X": 472886.6573000001, "POINT_Y": 5363574.1872000005 }, "geometry": { "type": "MultiPoint", "coordinates": [ [ -123.366505380292466, 48.424738879962391 ] ] } },
{ "type": "Feature", "properties": { "OBJECTID": 2077, "StreetName1": "DOUGLAS ST", "StreetName2": "FORT ST", "Intersection": "DOUGLAS ST & FORT ST", "Jurisdiction": "COV", "POINT_X": 472971.5335, "POINT_Y": 5363560.6208999995 }, "geometry": { "type": "MultiPoint", "coordinates": [ [ -123.365357260808764, 48.42462048119684 ] ] } },
{ "type": "Feature", "properties": { "OBJECTID": 2078, "StreetName1": "BLANSHARD ST", "StreetName2": "FORT ST", "Intersection": "BLANSHARD ST & FORT ST", "Jurisdiction": "COV", "POINT_X": 473182.13350000046, "POINT_Y": 5363526.5513000004 }, "geometry": { "type": "MultiPoint", "coordinates": [ [ -123.362508473434161, 48.424322982287997 ] ] } },
{ "type": "Feature", "properties": { "OBJECTID": 2079, "StreetName1": "COOK ST", "StreetName2": "FORT ST", "Intersection": "COOK ST & FORT ST", "Jurisdiction": "COV", "POINT_X": 473806.9545, "POINT_Y": 5363420.9981999993 }, "geometry": { "type": "MultiPoint", "coordinates": [ [ -123.354056430240007, 48.423399685135273 ] ] } },
{ "type": "Feature", "properties": { "OBJECTID": 2080, "StreetName1": "FERNWOOD RD", "StreetName2": "FORT ST", "Intersection": "FERNWOOD RD & FORT ST", "Jurisdiction": "COV", "POINT_X": 474435.91849999968, "POINT_Y": 5363440.4348000009 }, "geometry": { "type": "MultiPoint", "coordinates": [ [ -123.345556314652299, 48.423600386636878 ] ] } },
{ "type": "Feature", "properties": { "OBJECTID": 2081, "StreetName1": "CRAIGDARROCH RD", "StreetName2": "FORT ST", "Intersection": "CRAIGDARROCH RD & FORT ST", "Jurisdiction": "COV", "POINT_X": 474482.59609999973, "POINT_Y": 5363465.2315999996 }, "geometry": { "type": "MultiPoint", "coordinates": [ [ -123.344926910399167, 48.423825360398666 ] ] } },
{ "type": "Feature", "properties": { "OBJECTID": 2082, "StreetName1": "CARBERRY GDNS", "StreetName2": "FORT ST", "Intersection": "CARBERRY GDNS & FORT ST", "Jurisdiction": "COV", "POINT_X": 474622.03990000021, "POINT_Y": 5363535.3871999998 }, "geometry": { "type": "MultiPoint", "coordinates": [ [ -123.343046369158074, 48.424462139540353 ] ] } },
{ "type": "Feature", "properties": { "OBJECTID": 2083, "StreetName1": "ELFORD ST", "StreetName2": "FORT ST", "Intersection": "ELFORD ST & FORT ST", "Jurisdiction": "COV", "POINT_X": 474752.79289999977, "POINT_Y": 5363598.0335000008 }, "geometry": { "type": "MultiPoint", "coordinates": [ [ -123.341282800451893, 48.425030983289645 ] ] } },
{ "type": "Feature", "properties": { "OBJECTID": 2084, "StreetName1": "BELMONT AVE", "StreetName2": "FORT ST", "Intersection": "BELMONT AVE & FORT ST", "Jurisdiction": "COV", "POINT_X": 474991.63910000026, "POINT_Y": 5363712.4591000006 }, "geometry": { "type": "MultiPoint", "coordinates": [ [ -123.338061191100479, 48.426069926935654 ] ] } },
{ "type": "Feature", "properties": { "OBJECTID": 2085, "StreetName1": "BELCHER AVE", "StreetName2": "FORT ST", "Intersection": "BELCHER AVE & FORT ST", "Jurisdiction": "COV", "POINT_X": 475369.35240000021, "POINT_Y": 5363969.9274000004 }, "geometry": { "type": "MultiPoint", "coordinates": [ [ -123.332970740167468, 48.428401091199639 ] ] } },
{ "type": "Feature", "properties": { "OBJECTID": 2086, "StreetName1": "CHESTNUT ST", "StreetName2": "FORT ST", "Intersection": "CHESTNUT ST & FORT ST", "Jurisdiction": "COV", "POINT_X": 475445.5186000001, "POINT_Y": 5364013.7480999995 }, "geometry": { "type": "MultiPoint", "coordinates": [ [ -123.331943715561152, 48.428798292630788 ] ] } },
{ "type": "Feature", "properties": { "OBJECTID": 2087, "StreetName1": "ASHGROVE ST", "StreetName2": "FORT ST", "Intersection": "ASHGROVE ST & FORT ST", "Jurisdiction": "COV", "POINT_X": 475522.46320000011, "POINT_Y": 5364060.3913000003 }, "geometry": { "type": "MultiPoint", "coordinates": [ [ -123.330906317428472, 48.42922090739593 ] ] } },
{ "type": "Feature", "properties": { "OBJECTID": 2088, "StreetName1": "BANK ST", "StreetName2": "FORT ST", "Intersection": "BANK ST & FORT ST", "Jurisdiction": "COV", "POINT_X": 475672.6233000001, "POINT_Y": 5364158.4837999996 }, "geometry": { "type": "MultiPoint", "coordinates": [ [ -123.328882158998596, 48.430109202252495 ] ] } },
{ "type": "Feature", "properties": { "OBJECTID": 2089, "StreetName1": "DUCHESS ST", "StreetName2": "FORT ST", "Intersection": "DUCHESS ST & FORT ST", "Jurisdiction": "COV", "POINT_X": 475754.396, "POINT_Y": 5364226.0735999998 }, "geometry": { "type": "MultiPoint", "coordinates": [ [ -123.327780653091011, 48.430720418582169 ] ] } },
{ "type": "Feature", "properties": { "OBJECTID": 2090, "StreetName1": "DAVIE ST", "StreetName2": "FORT ST", "Intersection": "DAVIE ST & FORT ST", "Jurisdiction": "COV", "POINT_X": 475831.2242000001, "POINT_Y": 5364282.9587999992 }, "geometry": { "type": "MultiPoint", "coordinates": [ [ -123.326745345486444, 48.431235132123838 ] ] } },
{ "type": "Feature", "properties": { "OBJECTID": 2091, "StreetName1": "BEAVEN ST", "StreetName2": "FOUL BAY RD", "Intersection": "BEAVEN ST & FOUL BAY RD", "Jurisdiction": "COV", "POINT_X": 475745.05420000013, "POINT_Y": 5362374.1413000003 }, "geometry": { "type": "MultiPoint", "coordinates": [ [ -123.32779979386315, 48.414059379527039 ] ] } },
{ "type": "Feature", "properties": { "OBJECTID": 2092, "StreetName1": "CHANDLER AVE", "StreetName2": "FOUL BAY RD", "Intersection": "CHANDLER AVE & FOUL BAY RD", "Jurisdiction": "COV", "POINT_X": 475764.15180000011, "POINT_Y": 5362674.1250999998 }, "geometry": { "type": "MultiPoint", "coordinates": [ [ -123.327559046136642, 48.416758884879137 ] ] } },
{ "type": "Feature", "properties": { "OBJECTID": 2093, "StreetName1": "FAIRFIELD RD", "StreetName2": "FOUL BAY RD", "Intersection": "FAIRFIELD RD & FOUL BAY RD", "Jurisdiction": "COV", "POINT_X": 475765.32120000012, "POINT_Y": 5362532.6901999991 }, "geometry": { "type": "MultiPoint", "coordinates": [ [ -123.327535068972495, 48.415486526894917 ] ] } },
{ "type": "Feature", "properties": { "OBJECTID": 2094, "StreetName1": "CRESCENT RD", "StreetName2": "FOUL BAY RD", "Intersection": "CRESCENT RD & FOUL BAY RD", "Jurisdiction": "COV", "POINT_X": 475832.2527000001, "POINT_Y": 5362142.7762000002 }, "geometry": { "type": "MultiPoint", "coordinates": [ [ -123.326608070541099, 48.411981279342982 ] ] } },
{ "type": "Feature", "properties": { "OBJECTID": 2095, "StreetName1": "BOURCHIER ST", "StreetName2": "FOUL BAY RD", "Intersection": "BOURCHIER ST & FOUL BAY RD", "Jurisdiction": "COV", "POINT_X": 476141.783, "POINT_Y": 5364165.0463999994 }, "geometry": { "type": "MultiPoint", "coordinates": [ [ -123.322540353436324, 48.430186192723433 ] ] } },
{ "type": "Feature", "properties": { "OBJECTID": 2096, "StreetName1": "FORT ST", "StreetName2": "FOUL BAY RD", "Intersection": "FORT ST & FOUL BAY RD", "Jurisdiction": "COV", "POINT_X": 476147.8054, "POINT_Y": 5364384.0657000002 }, "geometry": { "type": "MultiPoint", "coordinates": [ [ -123.322471408581549, 48.432156798882048 ] ] } },
{ "type": "Feature", "properties": { "OBJECTID": 2097, "StreetName1": "BURNSIDE RD E", "StreetName2": "FRANCES AVE", "Intersection": "BURNSIDE RD E & FRANCES AVE", "Jurisdiction": "COV", "POINT_X": 472258.57330000028, "POINT_Y": 5365805.6687000003 }, "geometry": { "type": "MultiPoint", "coordinates": [ [ -123.375142746309535, 48.444786629163858 ] ] } },
{ "type": "Feature", "properties": { "OBJECTID": 2098, "StreetName1": "DOUGLAS ST", "StreetName2": "FRANCES AVE", "Intersection": "DOUGLAS ST & FRANCES AVE", "Jurisdiction": "COV", "POINT_X": 472549.37160000019, "POINT_Y": 5365921.3072999995 }, "geometry": { "type": "MultiPoint", "coordinates": [ [ -123.371218155163888, 48.445839699287504 ] ] } },
{ "type": "Feature", "properties": { "OBJECTID": 2099, "StreetName1": "ALPHA ST", "StreetName2": "GAMMA ST", "Intersection": "ALPHA ST & GAMMA ST", "Jurisdiction": "COV", "POINT_X": 472256.41220000014, "POINT_Y": 5366051.9109000005 }, "geometry": { "type": "MultiPoint", "coordinates": [ [ -123.375188285147559, 48.447001800982335 ] ] } },
{ "type": "Feature", "properties": { "OBJECTID": 2100, "StreetName1": "DELTA ST", "StreetName2": "GAMMA ST", "Intersection": "DELTA ST & GAMMA ST", "Jurisdiction": "COV", "POINT_X": 472285.84619999956, "POINT_Y": 5365978.0321999993 }, "geometry": { "type": "MultiPoint", "coordinates": [ [ -123.374785371283096, 48.446338463500517 ] ] } },
{ "type": "Feature", "properties": { "OBJECTID": 2101, "StreetName1": "BRIDGE ST", "StreetName2": "GARBALLY RD", "Intersection": "BRIDGE ST & GARBALLY RD", "Jurisdiction": "COV", "POINT_X": 472379.70079999976, "POINT_Y": 5365318.0253 }, "geometry": { "type": "MultiPoint", "coordinates": [ [ -123.373472698716441, 48.44040497015002 ] ] } },
{ "type": "Feature", "properties": { "OBJECTID": 2102, "StreetName1": "DOUGLAS ST", "StreetName2": "GARBALLY RD", "Intersection": "DOUGLAS ST & GARBALLY RD", "Jurisdiction": "COV", "POINT_X": 472750.5784, "POINT_Y": 5365388.733 }, "geometry": { "type": "MultiPoint", "coordinates": [ [ -123.368462724962086, 48.441057243031089 ] ] } },
{ "type": "Feature", "properties": { "OBJECTID": 2103, "StreetName1": "BAY ST", "StreetName2": "GARDEN ST", "Intersection": "BAY ST & GARDEN ST", "Jurisdiction": "COV", "POINT_X": 474383.65380000044, "POINT_Y": 5364662.1553000007 }, "geometry": { "type": "MultiPoint", "coordinates": [ [ -123.346337423753397, 48.434589286351908 ] ] } },
{ "type": "Feature", "properties": { "OBJECTID": 2104, "StreetName1": "CENTRAL SPUR RD", "StreetName2": "GAUDIN RD", "Intersection": "CENTRAL SPUR RD & GAUDIN RD", "Jurisdiction": "COV", "POINT_X": 471823.41160000023, "POINT_Y": 5364749.3756000008 }, "geometry": { "type": "MultiPoint", "coordinates": [ [ -123.380955932961612, 48.435264571425733 ] ] } },
{ "type": "Feature", "properties": { "OBJECTID": 2105, "StreetName1": "BUSHBY ST", "StreetName2": "GEORGE ST", "Intersection": "BUSHBY ST & GEORGE ST", "Jurisdiction": "COV", "POINT_X": 474210.41420000046, "POINT_Y": 5361698.9922000002 }, "geometry": { "type": "MultiPoint", "coordinates": [ [ -123.348497234927692, 48.407924536183607 ] ] } },
{ "type": "Feature", "properties": { "OBJECTID": 2106, "StreetName1": "CHAMBERS ST", "StreetName2": "GLADSTONE AVE", "Intersection": "CHAMBERS ST & GLADSTONE AVE", "Jurisdiction": "COV", "POINT_X": 474119.76350000035, "POINT_Y": 5364235.0369000006 }, "geometry": { "type": "MultiPoint", "coordinates": [ [ -123.349878659500334, 48.430735991914453 ] ] } },
{ "type": "Feature", "properties": { "OBJECTID": 2107, "StreetName1": "FERNWOOD RD", "StreetName2": "GLADSTONE AVE", "Intersection": "FERNWOOD RD & GLADSTONE AVE", "Jurisdiction": "COV", "POINT_X": 474466.9161, "POINT_Y": 5364203.5022999998 }, "geometry": { "type": "MultiPoint", "coordinates": [ [ -123.345183824184204, 48.430466468407296 ] ] } },
{ "type": "Feature", "properties": { "OBJECTID": 2108, "StreetName1": "BELMONT AVE", "StreetName2": "GLADSTONE AVE", "Intersection": "BELMONT AVE & GLADSTONE AVE", "Jurisdiction": "COV", "POINT_X": 474927.808, "POINT_Y": 5364185.1524 }, "geometry": { "type": "MultiPoint", "coordinates": [ [ -123.338952279265925, 48.430319906508942 ] ] } },
{ "type": "Feature", "properties": { "OBJECTID": 2109, "StreetName1": "BEGBIE ST", "StreetName2": "GLADSTONE AVE", "Intersection": "BEGBIE ST & GLADSTONE AVE", "Jurisdiction": "COV", "POINT_X": 475310.8618000001, "POINT_Y": 5364169.9232000001 }, "geometry": { "type": "MultiPoint", "coordinates": [ [ -123.333773181062867, 48.430198034874252 ] ] } },
{ "type": "Feature", "properties": { "OBJECTID": 2110, "StreetName1": "FINLAYSON ST", "StreetName2": "GLASGOW ST", "Intersection": "FINLAYSON ST & GLASGOW ST", "Jurisdiction": "COV", "POINT_X": 473206.24590000045, "POINT_Y": 5365951.3727000002 }, "geometry": { "type": "MultiPoint", "coordinates": [ [ -123.362337638411432, 48.446138485644418 ] ] } },
{ "type": "Feature", "properties": { "OBJECTID": 2111, "StreetName1": "GILLIE PL", "StreetName2": "GLASGOW ST", "Intersection": "GILLIE PL & GLASGOW ST", "Jurisdiction": "COV", "POINT_X": 473270.70320000034, "POINT_Y": 5365525.2639000006 }, "geometry": { "type": "MultiPoint", "coordinates": [ [ -123.361438823054755, 48.44230781978353 ] ] } },
{ "type": "Feature", "properties": { "OBJECTID": 2112, "StreetName1": "DESPARD AVE", "StreetName2": "GONZALES AVE", "Intersection": "DESPARD AVE & GONZALES AVE", "Jurisdiction": "COV", "POINT_X": 475409.5334000001, "POINT_Y": 5362971.0579000004 }, "geometry": { "type": "MultiPoint", "coordinates": [ [ -123.332622031724966, 48.419500502147585 ] ] } },
{ "type": "Feature", "properties": { "OBJECTID": 2113, "StreetName1": "FOUL BAY RD", "StreetName2": "GONZALES AVE", "Intersection": "FOUL BAY RD & GONZALES AVE", "Jurisdiction": "COV", "POINT_X": 475779.72449999955, "POINT_Y": 5362799.24 }, "geometry": { "type": "MultiPoint", "coordinates": [ [ -123.327355813222169, 48.417885065519371 ] ] } },
{ "type": "Feature", "properties": { "OBJECTID": 2114, "StreetName1": "COURTNEY ST", "StreetName2": "GORDON ST", "Intersection": "COURTNEY ST & GORDON ST", "Jurisdiction": "COV", "POINT_X": 472821.08079999965, "POINT_Y": 5363431.8261999991 }, "geometry": { "type": "MultiPoint", "coordinates": [ [ -123.367382526832557, 48.42345532612098 ] ] } },
{ "type": "Feature", "properties": { "OBJECTID": 2115, "StreetName1": "BROUGHTON ST", "StreetName2": "GORDON ST", "Intersection": "BROUGHTON ST & GORDON ST", "Jurisdiction": "COV", "POINT_X": 472834.6623999998, "POINT_Y": 5363508.4245999996 }, "geometry": { "type": "MultiPoint", "coordinates": [ [ -123.36720391706352, 48.42414501701839 ] ] } },
{ "type": "Feature", "properties": { "OBJECTID": 2116, "StreetName1": "BALFOUR AVE", "StreetName2": "GORGE RD E", "Intersection": "BALFOUR AVE & GORGE RD E", "Jurisdiction": "COV", "POINT_X": 471426.1267, "POINT_Y": 5365665.8061999995 }, "geometry": { "type": "MultiPoint", "coordinates": [ [ -123.386389523672662, 48.443491142855642 ] ] } },
{ "type": "Feature", "properties": { "OBJECTID": 2117, "StreetName1": "ALBANY ST", "StreetName2": "GORGE RD E", "Intersection": "ALBANY ST & GORGE RD E", "Jurisdiction": "COV", "POINT_X": 471519.71850000042, "POINT_Y": 5365650.5655000005 }, "geometry": { "type": "MultiPoint", "coordinates": [ [ -123.385122973635575, 48.443358275166979 ] ] } },
{ "type": "Feature", "properties": { "OBJECTID": 2118, "StreetName1": "CARROLL ST", "StreetName2": "GORGE RD E", "Intersection": "CARROLL ST & GORGE RD E", "Jurisdiction": "COV", "POINT_X": 471612.38460000046, "POINT_Y": 5365635.4857000001 }, "geometry": { "type": "MultiPoint", "coordinates": [ [ -123.383868957939953, 48.443226799270406 ] ] } },
{ "type": "Feature", "properties": { "OBJECTID": 2119, "StreetName1": "DUNEDIN ST", "StreetName2": "GORGE RD E", "Intersection": "DUNEDIN ST & GORGE RD E", "Jurisdiction": "COV", "POINT_X": 472284.6952, "POINT_Y": 5365403.1129000001 }, "geometry": { "type": "MultiPoint", "coordinates": [ [ -123.374762883628961, 48.441166267934179 ] ] } },
{ "type": "Feature", "properties": { "OBJECTID": 2120, "StreetName1": "BRIDGE ST", "StreetName2": "GORGE RD E", "Intersection": "BRIDGE ST & GORGE RD E", "Jurisdiction": "COV", "POINT_X": 472372.72869999986, "POINT_Y": 5365352.129000001 }, "geometry": { "type": "MultiPoint", "coordinates": [ [ -123.373569216920501, 48.440711471414225 ] ] } },
{ "type": "Feature", "properties": { "OBJECTID": 2121, "StreetName1": "GARBALLY RD", "StreetName2": "GORGE RD E", "Intersection": "GARBALLY RD & GORGE RD E", "Jurisdiction": "COV", "POINT_X": 472418.07490000036, "POINT_Y": 5365325.8705000002 }, "geometry": { "type": "MultiPoint", "coordinates": [ [ -123.372954365765068, 48.440477230616231 ] ] } },
{ "type": "Feature", "properties": { "OBJECTID": 2122, "StreetName1": "DAVID ST", "StreetName2": "GORGE RD E", "Intersection": "DAVID ST & GORGE RD E", "Jurisdiction": "COV", "POINT_X": 472737.91640000045, "POINT_Y": 5365137.1774000004 }, "geometry": { "type": "MultiPoint", "coordinates": [ [ -123.368617554046395, 48.438793622723892 ] ] } },
{ "type": "Feature", "properties": { "OBJECTID": 2123, "StreetName1": "DOUGLAS ST", "StreetName2": "GORGE RD E", "Intersection": "DOUGLAS ST & GORGE RD E", "Jurisdiction": "COV", "POINT_X": 472863.837, "POINT_Y": 5365081.5833000001 }, "geometry": { "type": "MultiPoint", "coordinates": [ [ -123.366911454333973, 48.438298921534077 ] ] } },
{ "type": "Feature", "properties": { "OBJECTID": 2124, "StreetName1": "CEDAR HILL RD", "StreetName2": "GOSWORTH RD", "Intersection": "CEDAR HILL RD & GOSWORTH RD", "Jurisdiction": "COV", "POINT_X": 474509.89769999962, "POINT_Y": 5366040.5821000002 }, "geometry": { "type": "MultiPoint", "coordinates": [ [ -123.344714586429888, 48.446995194767034 ] ] } },
{ "type": "Feature", "properties": { "OBJECTID": 2125, "StreetName1": "CLAWTHORPE AVE", "StreetName2": "GOSWORTH RD", "Intersection": "CLAWTHORPE AVE & GOSWORTH RD", "Jurisdiction": "COV", "POINT_X": 474531.6892, "POINT_Y": 5365988.5379000008 }, "geometry": { "type": "MultiPoint", "coordinates": [ [ -123.344416742374449, 48.446527870643614 ] ] } },
{ "type": "Feature", "properties": { "OBJECTID": 2126, "StreetName1": "BURTON AVE", "StreetName2": "GOSWORTH RD", "Intersection": "BURTON AVE & GOSWORTH RD", "Jurisdiction": "COV", "POINT_X": 474576.05840000045, "POINT_Y": 5365902.4332 }, "geometry": { "type": "MultiPoint", "coordinates": [ [ -123.343811531516067, 48.445755038896934 ] ] } },
{ "type": "Feature", "properties": { "OBJECTID": 2127, "StreetName1": "EDGEWARE RD", "StreetName2": "GOSWORTH RD", "Intersection": "EDGEWARE RD & GOSWORTH RD", "Jurisdiction": "COV", "POINT_X": 474666.88169999979, "POINT_Y": 5365727.902000001 }, "geometry": { "type": "MultiPoint", "coordinates": [ [ -123.342572832786942, 48.444188561662337 ] ] } },
{ "type": "Feature", "properties": { "OBJECTID": 2128, "StreetName1": "DALLAS RD", "StreetName2": "GOVERNMENT ST", "Intersection": "DALLAS RD & GOVERNMENT ST", "Jurisdiction": "COV", "POINT_X": 472329.82189999986, "POINT_Y": 5361970.7882000003 }, "geometry": { "type": "MultiPoint", "coordinates": [ [ -123.373926143877028, 48.410289940465788 ] ] } },
{ "type": "Feature", "properties": { "OBJECTID": 2129, "StreetName1": "BATTERY ST", "StreetName2": "GOVERNMENT ST", "Intersection": "BATTERY ST & GOVERNMENT ST", "Jurisdiction": "COV", "POINT_X": 472424.99019999988, "POINT_Y": 5362100.9321999997 }, "geometry": { "type": "MultiPoint", "coordinates": [ [ -123.372648704385512, 48.411464933451661 ] ] } },
{ "type": "Feature", "properties": { "OBJECTID": 2130, "StreetName1": "BELLEVILLE ST", "StreetName2": "GOVERNMENT ST", "Intersection": "BELLEVILLE ST & GOVERNMENT ST", "Jurisdiction": "COV", "POINT_X": 472708.60539999977, "POINT_Y": 5363121.0121999998 }, "geometry": { "type": "MultiPoint", "coordinates": [ [ -123.368882549407147, 48.420654274895355 ] ] } },
{ "type": "Feature", "properties": { "OBJECTID": 2131, "StreetName1": "COURTNEY ST", "StreetName2": "GOVERNMENT ST", "Intersection": "COURTNEY ST & GOVERNMENT ST", "Jurisdiction": "COV", "POINT_X": 472760.99789999984, "POINT_Y": 5363441.4385000002 }, "geometry": { "type": "MultiPoint", "coordinates": [ [ -123.368195252294854, 48.423539205999887 ] ] } },
{ "type": "Feature", "properties": { "OBJECTID": 2132, "StreetName1": "BROUGHTON ST", "StreetName2": "GOVERNMENT ST", "Intersection": "BROUGHTON ST & GOVERNMENT ST", "Jurisdiction": "COV", "POINT_X": 472773.62079999968, "POINT_Y": 5363518.0154999997 }, "geometry": { "type": "MultiPoint", "coordinates": [ [ -123.368029610162907, 48.424228664157084 ] ] } },
{ "type": "Feature", "properties": { "OBJECTID": 2133, "StreetName1": "FORT ST", "StreetName2": "GOVERNMENT ST", "Intersection": "FORT ST & GOVERNMENT ST", "Jurisdiction": "COV", "POINT_X": 472785.9310999997, "POINT_Y": 5363590.2871000003 }, "geometry": { "type": "MultiPoint", "coordinates": [ [ -123.367867909413349, 48.424879375680987 ] ] } },
{ "type": "Feature", "properties": { "OBJECTID": 2134, "StreetName1": "BASTION SQ", "StreetName2": "GOVERNMENT ST", "Intersection": "BASTION SQ & GOVERNMENT ST", "Jurisdiction": "COV", "POINT_X": 472800.40390000027, "POINT_Y": 5363682.5504000001 }, "geometry": { "type": "MultiPoint", "coordinates": [ [ -123.367678271580559, 48.425710032301865 ] ] } },
{ "type": "Feature", "properties": { "OBJECTID": 2135, "StreetName1": "GORGE RD E", "StreetName2": "GOVERNMENT ST", "Intersection": "GORGE RD E & GOVERNMENT ST", "Jurisdiction": "COV", "POINT_X": 472820.04920000024, "POINT_Y": 5365094.8867000006 }, "geometry": { "type": "MultiPoint", "coordinates": [ [ -123.367504340799272, 48.438416713999196 ] ] } },
{ "type": "Feature", "properties": { "OBJECTID": 2136, "StreetName1": "BAY ST", "StreetName2": "GOVERNMENT ST", "Intersection": "BAY ST & GOVERNMENT ST", "Jurisdiction": "COV", "POINT_X": 472830.123, "POINT_Y": 5364801.3693000004 }, "geometry": { "type": "MultiPoint", "coordinates": [ [ -123.367349102233035, 48.43577657382675 ] ] } },
{ "type": "Feature", "properties": { "OBJECTID": 2137, "StreetName1": "DOUGLAS ST", "StreetName2": "GOVERNMENT ST", "Intersection": "DOUGLAS ST & GOVERNMENT ST", "Jurisdiction": "COV", "POINT_X": 472831.66160000023, "POINT_Y": 5365168.4077000003 }, "geometry": { "type": "MultiPoint", "coordinates": [ [ -123.367352106329932, 48.439078633177878 ] ] } },
{ "type": "Feature", "properties": { "OBJECTID": 2138, "StreetName1": "DISCOVERY ST", "StreetName2": "GOVERNMENT ST", "Intersection": "DISCOVERY ST & GOVERNMENT ST", "Jurisdiction": "COV", "POINT_X": 472839.92239999957, "POINT_Y": 5364370.9107000008 }, "geometry": { "type": "MultiPoint", "coordinates": [ [ -123.367188713473482, 48.431904453146423 ] ] } },
{ "type": "Feature", "properties": { "OBJECTID": 2139, "StreetName1": "CHATHAM ST", "StreetName2": "GOVERNMENT ST", "Intersection": "CHATHAM ST & GOVERNMENT ST", "Jurisdiction": "COV", "POINT_X": 472841.9896999998, "POINT_Y": 5364277.2882000003 }, "geometry": { "type": "MultiPoint", "coordinates": [ [ -123.367154698626521, 48.431062283952578 ] ] } },
{ "type": "Feature", "properties": { "OBJECTID": 2140, "StreetName1": "FISGARD ST", "StreetName2": "GOVERNMENT ST", "Intersection": "FISGARD ST & GOVERNMENT ST", "Jurisdiction": "COV", "POINT_X": 472846.1233000001, "POINT_Y": 5364090.1044999994 }, "geometry": { "type": "MultiPoint", "coordinates": [ [ -123.36708669003194, 48.429378496587141 ] ] } },
{ "type": "Feature", "properties": { "OBJECTID": 2141, "StreetName1": "BAY ST", "StreetName2": "GRAHAM ST", "Intersection": "BAY ST & GRAHAM ST", "Jurisdiction": "COV", "POINT_X": 473771.87930000015, "POINT_Y": 5364722.8716000002 }, "geometry": { "type": "MultiPoint", "coordinates": [ [ -123.354611997188471, 48.435110321461643 ] ] } },
{ "type": "Feature", "properties": { "OBJECTID": 2142, "StreetName1": "AMPHION ST", "StreetName2": "GRANITE ST", "Intersection": "AMPHION ST & GRANITE ST", "Jurisdiction": "COV", "POINT_X": 476075.9156, "POINT_Y": 5363592.9642999992 }, "geometry": { "type": "MultiPoint", "coordinates": [ [ -123.323398105333467, 48.425037030358816 ] ] } },
{ "type": "Feature", "properties": { "OBJECTID": 2143, "StreetName1": "COOK ST", "StreetName2": "GRANT ST", "Intersection": "COOK ST & GRANT ST", "Jurisdiction": "COV", "POINT_X": 473883.0382000003, "POINT_Y": 5364050.7167000007 }, "geometry": { "type": "MultiPoint", "coordinates": [ [ -123.353067294324077, 48.429068010421929 ] ] } },
{ "type": "Feature", "properties": { "OBJECTID": 2144, "StreetName1": "CHAMBERS ST", "StreetName2": "GRANT ST", "Intersection": "CHAMBERS ST & GRANT ST", "Jurisdiction": "COV", "POINT_X": 474100.93439999968, "POINT_Y": 5364029.948000001 }, "geometry": { "type": "MultiPoint", "coordinates": [ [ -123.350120521906987, 48.428890167520251 ] ] } },
{ "type": "Feature", "properties": { "OBJECTID": 2145, "StreetName1": "CAMOSUN ST", "StreetName2": "GRANT ST", "Intersection": "CAMOSUN ST & GRANT ST", "Jurisdiction": "COV", "POINT_X": 474343.64659999963, "POINT_Y": 5364011.2655999996 }, "geometry": { "type": "MultiPoint", "coordinates": [ [ -123.346838440525019, 48.428732029747849 ] ] } },
{ "type": "Feature", "properties": { "OBJECTID": 2146, "StreetName1": "FERNWOOD RD", "StreetName2": "GRANT ST", "Intersection": "FERNWOOD RD & GRANT ST", "Jurisdiction": "COV", "POINT_X": 474459.78760000039, "POINT_Y": 5364000.8702000007 }, "geometry": { "type": "MultiPoint", "coordinates": [ [ -123.345267839465265, 48.428643230292174 ] ] } },
{ "type": "Feature", "properties": { "OBJECTID": 2147, "StreetName1": "BELMONT AVE", "StreetName2": "GRANT ST", "Intersection": "BELMONT AVE & GRANT ST", "Jurisdiction": "COV", "POINT_X": 474930.93020000029, "POINT_Y": 5363987.2278000005 }, "geometry": { "type": "MultiPoint", "coordinates": [ [ -123.338898232784032, 48.428539430890417 ] ] } },
{ "type": "Feature", "properties": { "OBJECTID": 2148, "StreetName1": "CEDAR HILL RD", "StreetName2": "GROSVENOR RD", "Intersection": "CEDAR HILL RD & GROSVENOR RD", "Jurisdiction": "COV", "POINT_X": 474349.904, "POINT_Y": 5365587.222 }, "geometry": { "type": "MultiPoint", "coordinates": [ [ -123.346850347585161, 48.442910120074792 ] ] } },
{ "type": "Feature", "properties": { "OBJECTID": 2149, "StreetName1": "BELMONT AVE", "StreetName2": "HAMILTON RD", "Intersection": "BELMONT AVE & HAMILTON RD", "Jurisdiction": "COV", "POINT_X": 474929.5916, "POINT_Y": 5365373.2903000005 }, "geometry": { "type": "MultiPoint", "coordinates": [ [ -123.338999271264726, 48.441008875939751 ] ] } },
{ "type": "Feature", "properties": { "OBJECTID": 2150, "StreetName1": "ARNOLD AVE", "StreetName2": "HAMLEY ST", "Intersection": "ARNOLD AVE & HAMLEY ST", "Jurisdiction": "COV", "POINT_X": 474760.84819999989, "POINT_Y": 5362522.8855000008 }, "geometry": { "type": "MultiPoint", "coordinates": [ [ -123.341109199077067, 48.415358879912553 ] ] } },
{ "type": "Feature", "properties": { "OBJECTID": 2151, "StreetName1": "FAIRFIELD RD", "StreetName2": "HARBINGER AVE", "Intersection": "FAIRFIELD RD & HARBINGER AVE", "Jurisdiction": "COV", "POINT_X": 474043.23759999964, "POINT_Y": 5362641.7095 }, "geometry": { "type": "MultiPoint", "coordinates": [ [ -123.350814502397569, 48.416398706680702 ] ] } },
{ "type": "Feature", "properties": { "OBJECTID": 2152, "StreetName1": "ESQUIMALT RD", "StreetName2": "HARBOUR RD", "Intersection": "ESQUIMALT RD & HARBOUR RD", "Jurisdiction": "COV", "POINT_X": 472263.3037, "POINT_Y": 5363957.4406000003 }, "geometry": { "type": "MultiPoint", "coordinates": [ [ -123.374956408363289, 48.42815960771815 ] ] } },
{ "type": "Feature", "properties": { "OBJECTID": 2153, "StreetName1": "GORGE RD E", "StreetName2": "HARRIET RD", "Intersection": "GORGE RD E & HARRIET RD", "Jurisdiction": "COV", "POINT_X": 471123.33849999961, "POINT_Y": 5365715.9847 }, "geometry": { "type": "MultiPoint", "coordinates": [ [ -123.390487171288058, 48.443928743606655 ] ] } },
{ "type": "Feature", "properties": { "OBJECTID": 2154, "StreetName1": "CHOWN PL", "StreetName2": "HARRIET RD", "Intersection": "CHOWN PL & HARRIET RD", "Jurisdiction": "COV", "POINT_X": 471296.4358000001, "POINT_Y": 5365956.4311999995 }, "geometry": { "type": "MultiPoint", "coordinates": [ [ -123.388163077728223, 48.446099785976443 ] ] } },
{ "type": "Feature", "properties": { "OBJECTID": 2155, "StreetName1": "BURNSIDE RD E", "StreetName2": "HARRIET RD", "Intersection": "BURNSIDE RD E & HARRIET RD", "Jurisdiction": "COV", "POINT_X": 471561.84449999966, "POINT_Y": 5366328.906 }, "geometry": { "type": "MultiPoint", "coordinates": [ [ -123.384599437633312, 48.449462722937007 ] ] } },
{ "type": "Feature", "properties": { "OBJECTID": 2156, "StreetName1": "FORT ST", "StreetName2": "HARRISON ST", "Intersection": "FORT ST & HARRISON ST", "Jurisdiction": "COV", "POINT_X": 474563.30829999968, "POINT_Y": 5363507.9072999991 }, "geometry": { "type": "MultiPoint", "coordinates": [ [ -123.343838555686048, 48.424212551204782 ] ] } },
{ "type": "Feature", "properties": { "OBJECTID": 2157, "StreetName1": "BLACKWOOD ST", "StreetName2": "HAULTAIN ST", "Intersection": "BLACKWOOD ST & HAULTAIN ST", "Jurisdiction": "COV", "POINT_X": 473919.284, "POINT_Y": 5364880.1313000005 }, "geometry": { "type": "MultiPoint", "coordinates": [ [ -123.352628956657327, 48.436531205522485 ] ] } },
{ "type": "Feature", "properties": { "OBJECTID": 2158, "StreetName1": "COOK ST", "StreetName2": "HAULTAIN ST", "Intersection": "COOK ST & HAULTAIN ST", "Jurisdiction": "COV", "POINT_X": 473955.8607000001, "POINT_Y": 5364868.6462999992 }, "geometry": { "type": "MultiPoint", "coordinates": [ [ -123.352133731811477, 48.43642939689412 ] ] } },
{ "type": "Feature", "properties": { "OBJECTID": 2159, "StreetName1": "EMPIRE ST", "StreetName2": "HAULTAIN ST", "Intersection": "EMPIRE ST & HAULTAIN ST", "Jurisdiction": "COV", "POINT_X": 474051.148, "POINT_Y": 5364859.4208000004 }, "geometry": { "type": "MultiPoint", "coordinates": [ [ -123.350844894559671, 48.436350336025285 ] ] } },
{ "type": "Feature", "properties": { "OBJECTID": 2160, "StreetName1": "CAPITAL HTS", "StreetName2": "HAULTAIN ST", "Intersection": "CAPITAL HTS & HAULTAIN ST", "Jurisdiction": "COV", "POINT_X": 474146.39429999981, "POINT_Y": 5364851.4148999993 }, "geometry": { "type": "MultiPoint", "coordinates": [ [ -123.349556690808797, 48.436282230956337 ] ] } },
{ "type": "Feature", "properties": { "OBJECTID": 2161, "StreetName1": "CEDAR HILL RD", "StreetName2": "HAULTAIN ST", "Intersection": "CEDAR HILL RD & HAULTAIN ST", "Jurisdiction": "COV", "POINT_X": 474342.57909999974, "POINT_Y": 5364846.4812000003 }, "geometry": { "type": "MultiPoint", "coordinates": [ [ -123.346904014863142, 48.436245871859029 ] ] } },
{ "type": "Feature", "properties": { "OBJECTID": 2162, "StreetName1": "GARDEN ST", "StreetName2": "HAULTAIN ST", "Intersection": "GARDEN ST & HAULTAIN ST", "Jurisdiction": "COV", "POINT_X": 474388.50519999955, "POINT_Y": 5364845.49 }, "geometry": { "type": "MultiPoint", "coordinates": [ [ -123.346283044234667, 48.436238824741849 ] ] } },
{ "type": "Feature", "properties": { "OBJECTID": 2163, "StreetName1": "FERNWOOD RD", "StreetName2": "HAULTAIN ST", "Intersection": "FERNWOOD RD & HAULTAIN ST", "Jurisdiction": "COV", "POINT_X": 474487.19770000037, "POINT_Y": 5364843.3606000002 }, "geometry": { "type": "MultiPoint", "coordinates": [ [ -123.344948615269942, 48.436223675235496 ] ] } },
{ "type": "Feature", "properties": { "OBJECTID": 2164, "StreetName1": "AVEBURY AVE", "StreetName2": "HAULTAIN ST", "Intersection": "AVEBURY AVE & HAULTAIN ST", "Jurisdiction": "COV", "POINT_X": 474684.37640000042, "POINT_Y": 5364838.8455999997 }, "geometry": { "type": "MultiPoint", "coordinates": [ [ -123.342282533118777, 48.436191016637039 ] ] } },
{ "type": "Feature", "properties": { "OBJECTID": 2165, "StreetName1": "ASQUITH ST", "StreetName2": "HAULTAIN ST", "Intersection": "ASQUITH ST & HAULTAIN ST", "Jurisdiction": "COV", "POINT_X": 474783.011, "POINT_Y": 5364836.5797000006 }, "geometry": { "type": "MultiPoint", "coordinates": [ [ -123.340948880928295, 48.436174590415384 ] ] } },
{ "type": "Feature", "properties": { "OBJECTID": 2166, "StreetName1": "BELMONT AVE", "StreetName2": "HAULTAIN ST", "Intersection": "BELMONT AVE & HAULTAIN ST", "Jurisdiction": "COV", "POINT_X": 474869.9594000001, "POINT_Y": 5364834.5821000002 }, "geometry": { "type": "MultiPoint", "coordinates": [ [ -123.339773240114752, 48.436160096080421 ] ] } },
{ "type": "Feature", "properties": { "OBJECTID": 2167, "StreetName1": "FORBES ST", "StreetName2": "HAULTAIN ST", "Intersection": "FORBES ST & HAULTAIN ST", "Jurisdiction": "COV", "POINT_X": 474961.10510000028, "POINT_Y": 5364832.4879000001 }, "geometry": { "type": "MultiPoint", "coordinates": [ [ -123.338540847693352, 48.436144887638164 ] ] } },
{ "type": "Feature", "properties": { "OBJECTID": 2168, "StreetName1": "EMPIRE ST", "StreetName2": "HAYWARD HTS", "Intersection": "EMPIRE ST & HAYWARD HTS", "Jurisdiction": "COV", "POINT_X": 474069.36830000021, "POINT_Y": 5365101.2488000002 }, "geometry": { "type": "MultiPoint", "coordinates": [ [ -123.350613529990724, 48.438526651542759 ] ] } },
{ "type": "Feature", "properties": { "OBJECTID": 2169, "StreetName1": "BASTION SQ", "StreetName2": "HELMCKEN ALLEY", "Intersection": "BASTION SQ & HELMCKEN ALLEY", "Jurisdiction": "COV", "POINT_X": 472682.9338999996, "POINT_Y": 5363698.6589000002 }, "geometry": { "type": "MultiPoint", "coordinates": [ [ -123.369267155880394, 48.425849865354252 ] ] } },
{ "type": "Feature", "properties": { "OBJECTID": 2170, "StreetName1": "CATHERINE ST", "StreetName2": "HENRY ST", "Intersection": "CATHERINE ST & HENRY ST", "Jurisdiction": "COV", "POINT_X": 471540.38460000046, "POINT_Y": 5364404.6375999991 }, "geometry": { "type": "MultiPoint", "coordinates": [ [ -123.384758884624944, 48.432150473585878 ] ] } },
{ "type": "Feature", "properties": { "OBJECTID": 2171, "StreetName1": "BAY ST", "StreetName2": "HENRY ST", "Intersection": "BAY ST & HENRY ST", "Jurisdiction": "COV", "POINT_X": 471651.2734000003, "POINT_Y": 5364402.5554000009 }, "geometry": { "type": "MultiPoint", "coordinates": [ [ -123.383259680038989, 48.432136743844175 ] ] } },
{ "type": "Feature", "properties": { "OBJECTID": 2172, "StreetName1": "GOVERNMENT ST", "StreetName2": "HERALD ST", "Intersection": "GOVERNMENT ST & HERALD ST", "Jurisdiction": "COV", "POINT_X": 472844.06390000042, "POINT_Y": 5364183.3607000001 }, "geometry": { "type": "MultiPoint", "coordinates": [ [ -123.367120571942763, 48.430217371040314 ] ] } },
{ "type": "Feature", "properties": { "OBJECTID": 2173, "StreetName1": "DOUGLAS ST", "StreetName2": "HERALD ST", "Intersection": "DOUGLAS ST & HERALD ST", "Jurisdiction": "COV", "POINT_X": 473037.51410000026, "POINT_Y": 5364186.7195999995 }, "geometry": { "type": "MultiPoint", "coordinates": [ [ -123.364505701697951, 48.430255901886774 ] ] } },
{ "type": "Feature", "properties": { "OBJECTID": 2174, "StreetName1": "BLANSHARD ST", "StreetName2": "HERALD ST", "Intersection": "BLANSHARD ST & HERALD ST", "Jurisdiction": "COV", "POINT_X": 473231.45050000027, "POINT_Y": 5364172.8705000002 }, "geometry": { "type": "MultiPoint", "coordinates": [ [ -123.36188315541709, 48.430139585121275 ] ] } },
{ "type": "Feature", "properties": { "OBJECTID": 2175, "StreetName1": "DOMINION RD", "StreetName2": "HEREWARD RD", "Intersection": "DOMINION RD & HEREWARD RD", "Jurisdiction": "COV", "POINT_X": 470867.3842000002, "POINT_Y": 5364837.1974999998 }, "geometry": { "type": "MultiPoint", "coordinates": [ [ -123.393886991107607, 48.436011129870067 ] ] } },
{ "type": "Feature", "properties": { "OBJECTID": 2176, "StreetName1": "CEDAR HILL RD", "StreetName2": "HESPLER PL", "Intersection": "CEDAR HILL RD & HESPLER PL", "Jurisdiction": "COV", "POINT_X": 474529.53380000032, "POINT_Y": 5365335.5308999997 }, "geometry": { "type": "MultiPoint", "coordinates": [ [ -123.344406169346115, 48.4406531186522 ] ] } },
{ "type": "Feature", "properties": { "OBJECTID": 2177, "StreetName1": "CAMAS CIR", "StreetName2": "HEYWOOD WAY", "Intersection": "CAMAS CIR & HEYWOOD WAY", "Jurisdiction": "COV", "POINT_X": 473206.5642, "POINT_Y": 5362071.8628000002 }, "geometry": { "type": "MultiPoint", "coordinates": [ [ -123.362085307662767, 48.411237134067157 ] ] } },
{ "type": "Feature", "properties": { "OBJECTID": 2178, "StreetName1": "BRIDGE WAY", "StreetName2": "HEYWOOD WAY", "Intersection": "BRIDGE WAY & HEYWOOD WAY", "Jurisdiction": "COV", "POINT_X": 473281.98, "POINT_Y": 5362154.9581000004 }, "geometry": { "type": "MultiPoint", "coordinates": [ [ -123.361071498148135, 48.411987891778075 ] ] } },
{ "type": "Feature", "properties": { "OBJECTID": 2179, "StreetName1": "HEYWOOD AVE", "StreetName2": "HEYWOOD WAY", "Intersection": "HEYWOOD AVE & HEYWOOD WAY", "Jurisdiction": "COV", "POINT_X": 473317.2368000001, "POINT_Y": 5362251.424000001 }, "geometry": { "type": "MultiPoint", "coordinates": [ [ -123.360601198404211, 48.412857227850068 ] ] } },
{ "type": "Feature", "properties": { "OBJECTID": 2180, "StreetName1": "CEDAR HILL RD", "StreetName2": "HIBBERSON CRES", "Intersection": "CEDAR HILL RD & HIBBERSON CRES", "Jurisdiction": "COV", "POINT_X": 474345.04214999976, "POINT_Y": 5365780.4008499999 }, "geometry": { "type": "MultiPoint", "coordinates": [ [ -123.347154438034536, 48.444410376954146 ], [ -123.346701405166584, 48.444885265766636 ] ] } },
{ "type": "Feature", "properties": { "OBJECTID": 2181, "StreetName1": "COOK ST", "StreetName2": "HIGGINS ST", "Intersection": "COOK ST & HIGGINS ST", "Jurisdiction": "COV", "POINT_X": 474139.22329999972, "POINT_Y": 5365512.0836999994 }, "geometry": { "type": "MultiPoint", "coordinates": [ [ -123.349694432609809, 48.442225530446173 ] ] } },
{ "type": "Feature", "properties": { "OBJECTID": 2182, "StreetName1": "BASIL AVE", "StreetName2": "HIGGINS ST", "Intersection": "BASIL AVE & HIGGINS ST", "Jurisdiction": "COV", "POINT_X": 474155.1634, "POINT_Y": 5365426.6306999996 }, "geometry": { "type": "MultiPoint", "coordinates": [ [ -123.34947362739635, 48.441457422183326 ] ] } },
{ "type": "Feature", "properties": { "OBJECTID": 2183, "StreetName1": "FINLAYSON ST", "StreetName2": "HIGHVIEW ST", "Intersection": "FINLAYSON ST & HIGHVIEW ST", "Jurisdiction": "COV", "POINT_X": 473899.23529999983, "POINT_Y": 5366078.7111000009 }, "geometry": { "type": "MultiPoint", "coordinates": [ [ -123.352974712975637, 48.447313184292334 ] ] } },
{ "type": "Feature", "properties": { "OBJECTID": 2184, "StreetName1": "COOK ST", "StreetName2": "HILDA ST", "Intersection": "COOK ST & HILDA ST", "Jurisdiction": "COV", "POINT_X": 473681.93340000045, "POINT_Y": 5362678.9089000002 }, "geometry": { "type": "MultiPoint", "coordinates": [ [ -123.355699678531067, 48.41671837575452 ] ] } },
{ "type": "Feature", "properties": { "OBJECTID": 2185, "StreetName1": "CHESTER AVE", "StreetName2": "HILDA ST", "Intersection": "CHESTER AVE & HILDA ST", "Jurisdiction": "COV", "POINT_X": 473779.3635, "POINT_Y": 5362663.5867999997 }, "geometry": { "type": "MultiPoint", "coordinates": [ [ -123.35438199426433, 48.416584595334605 ] ] } },
{ "type": "Feature", "properties": { "OBJECTID": 2186, "StreetName1": "BLANSHARD ST", "StreetName2": "HILL ST", "Intersection": "BLANSHARD ST & HILL ST", "Jurisdiction": "COV", "POINT_X": 473144.56149999984, "POINT_Y": 5365030.8830999993 }, "geometry": { "type": "MultiPoint", "coordinates": [ [ -123.363112729096159, 48.437854845037343 ] ] } },
{ "type": "Feature", "properties": { "OBJECTID": 2187, "StreetName1": "BRIDGE ST", "StreetName2": "HILLSIDE AVE", "Intersection": "BRIDGE ST & HILLSIDE AVE", "Jurisdiction": "COV", "POINT_X": 472389.8328, "POINT_Y": 5364940.3932000007 }, "geometry": { "type": "MultiPoint", "coordinates": [ [ -123.373310813203702, 48.4370081204979 ] ] } },
{ "type": "Feature", "properties": { "OBJECTID": 2188, "StreetName1": "GOVERNMENT ST", "StreetName2": "HILLSIDE AVE", "Intersection": "GOVERNMENT ST & HILLSIDE AVE", "Jurisdiction": "COV", "POINT_X": 472826.54069999978, "POINT_Y": 5365063.4747000001 }, "geometry": { "type": "MultiPoint", "coordinates": [ [ -123.367414535916296, 48.438134402054899 ] ] } },
{ "type": "Feature", "properties": { "OBJECTID": 2189, "StreetName1": "DOUGLAS ST", "StreetName2": "HILLSIDE AVE", "Intersection": "DOUGLAS ST & HILLSIDE AVE", "Jurisdiction": "COV", "POINT_X": 472863.837, "POINT_Y": 5365081.5833000001 }, "geometry": { "type": "MultiPoint", "coordinates": [ [ -123.366911454333973, 48.438298921534077 ] ] } },
{ "type": "Feature", "properties": { "OBJECTID": 2190, "StreetName1": "BLANSHARD ST", "StreetName2": "HILLSIDE AVE", "Intersection": "BLANSHARD ST & HILLSIDE AVE", "Jurisdiction": "COV", "POINT_X": 473131.11289999972, "POINT_Y": 5365145.5518000014 }, "geometry": { "type": "MultiPoint", "coordinates": [ [ -123.363403981580376, 48.43887337531055 ], [ -123.363199842354518, 48.438898358950659 ] ] } },
{ "type": "Feature", "properties": { "OBJECTID": 2191, "StreetName1": "FIFTH ST", "StreetName2": "HILLSIDE AVE", "Intersection": "FIFTH ST & HILLSIDE AVE", "Jurisdiction": "COV", "POINT_X": 473535.41629999969, "POINT_Y": 5365223.0727999993 }, "geometry": { "type": "MultiPoint", "coordinates": [ [ -123.357840447793919, 48.439600398207972 ] ] } },
{ "type": "Feature", "properties": { "OBJECTID": 2192, "StreetName1": "GRAHAM ST", "StreetName2": "HILLSIDE AVE", "Intersection": "GRAHAM ST & HILLSIDE AVE", "Jurisdiction": "COV", "POINT_X": 473634.447, "POINT_Y": 5365241.605 }, "geometry": { "type": "MultiPoint", "coordinates": [ [ -123.356502656042323, 48.439771275522943 ] ] } },
{ "type": "Feature", "properties": { "OBJECTID": 2193, "StreetName1": "BAKERY MEWS", "StreetName2": "HILLSIDE AVE", "Intersection": "BAKERY MEWS & HILLSIDE AVE", "Jurisdiction": "COV", "POINT_X": 473782.30549999978, "POINT_Y": 5365269.2748000007 }, "geometry": { "type": "MultiPoint", "coordinates": [ [ -123.354505239587041, 48.440026377703006 ] ] } },
{ "type": "Feature", "properties": { "OBJECTID": 2194, "StreetName1": "BLACKWOOD ST", "StreetName2": "HILLSIDE AVE", "Intersection": "BLACKWOOD ST & HILLSIDE AVE", "Jurisdiction": "COV", "POINT_X": 473832.06109999958, "POINT_Y": 5365278.5858999994 }, "geometry": { "type": "MultiPoint", "coordinates": [ [ -123.35383308799976, 48.440112213759491 ] ] } },
{ "type": "Feature", "properties": { "OBJECTID": 2195, "StreetName1": "COOK ST", "StreetName2": "HILLSIDE AVE", "Intersection": "COOK ST & HILLSIDE AVE", "Jurisdiction": "COV", "POINT_X": 473986.5159, "POINT_Y": 5365306.8630999997 }, "geometry": { "type": "MultiPoint", "coordinates": [ [ -123.351746494712984, 48.440373006659414 ] ] } },
{ "type": "Feature", "properties": { "OBJECTID": 2196, "StreetName1": "HIGGINS ST", "StreetName2": "HILLSIDE AVE", "Intersection": "HIGGINS ST & HILLSIDE AVE", "Jurisdiction": "COV", "POINT_X": 474169.26159999985, "POINT_Y": 5365356.9405000005 }, "geometry": { "type": "MultiPoint", "coordinates": [ [ -123.349278705307796, 48.440831045101653 ] ] } },
{ "type": "Feature", "properties": { "OBJECTID": 2197, "StreetName1": "GROSVENOR RD", "StreetName2": "HILLSIDE AVE", "Intersection": "GROSVENOR RD & HILLSIDE AVE", "Jurisdiction": "COV", "POINT_X": 474322.46679999959, "POINT_Y": 5365386.1653000005 }, "geometry": { "type": "MultiPoint", "coordinates": [ [ -123.347209012844957, 48.441100229461298 ] ] } },
{ "type": "Feature", "properties": { "OBJECTID": 2198, "StreetName1": "CEDAR HILL RD", "StreetName2": "HILLSIDE AVE", "Intersection": "CEDAR HILL RD & HILLSIDE AVE", "Jurisdiction": "COV", "POINT_X": 474539.4194, "POINT_Y": 5365408.4451000001 }, "geometry": { "type": "MultiPoint", "coordinates": [ [ -123.344276939458624, 48.441309478914079 ] ] } },
{ "type": "Feature", "properties": { "OBJECTID": 2199, "StreetName1": "HAMILTON RD", "StreetName2": "HILLSIDE AVE", "Intersection": "HAMILTON RD & HILLSIDE AVE", "Jurisdiction": "COV", "POINT_X": 474650.40610000025, "POINT_Y": 5365472.8624000009 }, "geometry": { "type": "MultiPoint", "coordinates": [ [ -123.342780175015122, 48.441893477929888 ] ] } },
{ "type": "Feature", "properties": { "OBJECTID": 2200, "StreetName1": "GOSWORTH RD", "StreetName2": "HILLSIDE AVE", "Intersection": "GOSWORTH RD & HILLSIDE AVE", "Jurisdiction": "COV", "POINT_X": 474763.80790000036, "POINT_Y": 5365540.0955999997 }, "geometry": { "type": "MultiPoint", "coordinates": [ [ -123.34125089028737, 48.442502887108347 ] ] } },
{ "type": "Feature", "properties": { "OBJECTID": 2201, "StreetName1": "BELMONT AVE", "StreetName2": "HILLSIDE AVE", "Intersection": "BELMONT AVE & HILLSIDE AVE", "Jurisdiction": "COV", "POINT_X": 474866.601, "POINT_Y": 5365600.9351000004 }, "geometry": { "type": "MultiPoint", "coordinates": [ [ -123.339864631709617, 48.443054332592041 ] ] } },
{ "type": "Feature", "properties": { "OBJECTID": 2202, "StreetName1": "DONCASTER DR", "StreetName2": "HILLSIDE AVE", "Intersection": "DONCASTER DR & HILLSIDE AVE", "Jurisdiction": "COV", "POINT_X": 474986.63370000012, "POINT_Y": 5365672.2067000009 }, "geometry": { "type": "MultiPoint", "coordinates": [ [ -123.338245857024134, 48.443700297419305 ] ] } },
{ "type": "Feature", "properties": { "OBJECTID": 2203, "StreetName1": "CEDAR HILL RD", "StreetName2": "HIPWOOD LANE", "Intersection": "CEDAR HILL RD & HIPWOOD LANE", "Jurisdiction": "COV", "POINT_X": 474279.78679999989, "POINT_Y": 5365678.6087999996 }, "geometry": { "type": "MultiPoint", "coordinates": [ [ -123.34780405251783, 48.443729403997992 ] ] } },
{ "type": "Feature", "properties": { "OBJECTID": 2204, "StreetName1": "HAMILTON RD", "StreetName2": "HOLLY ST", "Intersection": "HAMILTON RD & HOLLY ST", "Jurisdiction": "COV", "POINT_X": 474836.70309999958, "POINT_Y": 5365374.0387999993 }, "geometry": { "type": "MultiPoint", "coordinates": [ [ -123.340255265075882, 48.441011903147022 ] ] } },
{ "type": "Feature", "properties": { "OBJECTID": 2205, "StreetName1": "BELMONT AVE", "StreetName2": "HOLLY ST", "Intersection": "BELMONT AVE & HOLLY ST", "Jurisdiction": "COV", "POINT_X": 474931.64510000031, "POINT_Y": 5365429.5901999995 }, "geometry": { "type": "MultiPoint", "coordinates": [ [ -123.338974875786619, 48.441515450552387 ] ] } },
{ "type": "Feature", "properties": { "OBJECTID": 2206, "StreetName1": "DALLAS RD", "StreetName2": "HOLLYWOOD CRES", "Intersection": "DALLAS RD & HOLLYWOOD CRES", "Jurisdiction": "COV", "POINT_X": 475115.07259999961, "POINT_Y": 5361935.9997000005 }, "geometry": { "type": "MultiPoint", "coordinates": [ [ -123.336287308118614, 48.410093121429774 ] ] } },
{ "type": "Feature", "properties": { "OBJECTID": 2207, "StreetName1": "BEECHWOOD AVE", "StreetName2": "HOLLYWOOD CRES", "Intersection": "BEECHWOOD AVE & HOLLYWOOD CRES", "Jurisdiction": "COV", "POINT_X": 475366.505, "POINT_Y": 5361787.8597 }, "geometry": { "type": "MultiPoint", "coordinates": [ [ -123.332881042037016, 48.408770275388079 ] ] } },
{ "type": "Feature", "properties": { "OBJECTID": 2208, "StreetName1": "HOLLYWOOD CRES", "StreetName2": "HOLLYWOOD PL", "Intersection": "HOLLYWOOD CRES & HOLLYWOOD PL", "Jurisdiction": "COV", "POINT_X": 475200.52089999989, "POINT_Y": 5361825.1061000004 }, "geometry": { "type": "MultiPoint", "coordinates": [ [ -123.335126103190532, 48.40909884815477 ] ] } },
{ "type": "Feature", "properties": { "OBJECTID": 2209, "StreetName1": "DENMAN ST", "StreetName2": "HOWARD ST", "Intersection": "DENMAN ST & HOWARD ST", "Jurisdiction": "COV", "POINT_X": 475266.9402000001, "POINT_Y": 5364432.6325000003 }, "geometry": { "type": "MultiPoint", "coordinates": [ [ -123.334382427437092, 48.432559737595184 ] ] } },
{ "type": "Feature", "properties": { "OBJECTID": 2210, "StreetName1": "BAY ST", "StreetName2": "HOWARD ST", "Intersection": "BAY ST & HOWARD ST", "Jurisdiction": "COV", "POINT_X": 475267.881, "POINT_Y": 5364590.9027999993 }, "geometry": { "type": "MultiPoint", "coordinates": [ [ -123.334379051471402, 48.433983630033573 ] ] } },
{ "type": "Feature", "properties": { "OBJECTID": 2211, "StreetName1": "DALLAS RD", "StreetName2": "HOWE ST", "Intersection": "DALLAS RD & HOWE ST", "Jurisdiction": "COV", "POINT_X": 473937.1376, "POINT_Y": 5361540.4777000006 }, "geometry": { "type": "MultiPoint", "coordinates": [ [ -123.352179969870335, 48.406487236966498 ] ] } },
{ "type": "Feature", "properties": { "OBJECTID": 2212, "StreetName1": "FAITHFUL ST", "StreetName2": "HOWE ST", "Intersection": "FAITHFUL ST & HOWE ST", "Jurisdiction": "COV", "POINT_X": 473995.95, "POINT_Y": 5361893.1951000001 }, "geometry": { "type": "MultiPoint", "coordinates": [ [ -123.351407165609018, 48.409662845021302 ] ] } },
{ "type": "Feature", "properties": { "OBJECTID": 2213, "StreetName1": "CHAPMAN ST", "StreetName2": "HOWE ST", "Intersection": "CHAPMAN ST & HOWE ST", "Jurisdiction": "COV", "POINT_X": 474050.845, "POINT_Y": 5362204.8767000008 }, "geometry": { "type": "MultiPoint", "coordinates": [ [ -123.350684665514322, 48.412469111792269 ] ] } },
{ "type": "Feature", "properties": { "OBJECTID": 2214, "StreetName1": "GOVERNMENT ST", "StreetName2": "HUMBOLDT ST", "Intersection": "GOVERNMENT ST & HUMBOLDT ST", "Jurisdiction": "COV", "POINT_X": 472749.82079999987, "POINT_Y": 5363375.9502000008 }, "geometry": { "type": "MultiPoint", "coordinates": [ [ -123.368342069090801, 48.422949567763332 ] ] } },
{ "type": "Feature", "properties": { "OBJECTID": 2215, "StreetName1": "GORDON ST", "StreetName2": "HUMBOLDT ST", "Intersection": "GORDON ST & HUMBOLDT ST", "Jurisdiction": "COV", "POINT_X": 472807.1683, "POINT_Y": 5363348.4967999998 }, "geometry": { "type": "MultiPoint", "coordinates": [ [ -123.367565167715298, 48.422705066241456 ] ] } },
{ "type": "Feature", "properties": { "OBJECTID": 2216, "StreetName1": "BURDETT AVE", "StreetName2": "HUMBOLDT ST", "Intersection": "BURDETT AVE & HUMBOLDT ST", "Jurisdiction": "COV", "POINT_X": 472919.98749999981, "POINT_Y": 5363293.8798999991 }, "geometry": { "type": "MultiPoint", "coordinates": [ [ -123.366036759316501, 48.422218574768713 ] ] } },
{ "type": "Feature", "properties": { "OBJECTID": 2217, "StreetName1": "BLANSHARD ST", "StreetName2": "HUMBOLDT ST", "Intersection": "BLANSHARD ST & HUMBOLDT ST", "Jurisdiction": "COV", "POINT_X": 473079.3306, "POINT_Y": 5363106.2619000003 }, "geometry": { "type": "MultiPoint", "coordinates": [ [ -123.363871028209857, 48.42053752941392 ] ] } },
{ "type": "Feature", "properties": { "OBJECTID": 2218, "StreetName1": "AVALON RD", "StreetName2": "HUNTINGTON PL", "Intersection": "AVALON RD & HUNTINGTON PL", "Jurisdiction": "COV", "POINT_X": 472794.649, "POINT_Y": 5362482.8397000004 }, "geometry": { "type": "MultiPoint", "coordinates": [ [ -123.367678216335875, 48.414916776920414 ] ] } },
{ "type": "Feature", "properties": { "OBJECTID": 2219, "StreetName1": "DALLAS RD", "StreetName2": "HURON ST", "Intersection": "DALLAS RD & HURON ST", "Jurisdiction": "COV", "POINT_X": 471547.8953, "POINT_Y": 5363261.7292999998 }, "geometry": { "type": "MultiPoint", "coordinates": [ [ -123.384579765365061, 48.421868851951665 ] ] } },
{ "type": "Feature", "properties": { "OBJECTID": 2220, "StreetName1": "GORGE RD E", "StreetName2": "IRMA ST", "Intersection": "GORGE RD E & IRMA ST", "Jurisdiction": "COV", "POINT_X": 471306.81230000034, "POINT_Y": 5365685.5768999998 }, "geometry": { "type": "MultiPoint", "coordinates": [ [ -123.388004202863485, 48.443663577611218 ] ] } },
{ "type": "Feature", "properties": { "OBJECTID": 2221, "StreetName1": "BURNSIDE RD E", "StreetName2": "IRMA ST", "Intersection": "BURNSIDE RD E & IRMA ST", "Jurisdiction": "COV", "POINT_X": 471650.09860000014, "POINT_Y": 5366261.1627999991 }, "geometry": { "type": "MultiPoint", "coordinates": [ [ -123.383401370683416, 48.448857268427794 ] ] } },
{ "type": "Feature", "properties": { "OBJECTID": 2222, "StreetName1": "CRESCENT RD", "StreetName2": "IRVING RD", "Intersection": "CRESCENT RD & IRVING RD", "Jurisdiction": "COV", "POINT_X": 475672.1297000004, "POINT_Y": 5362171.0747999996 }, "geometry": { "type": "MultiPoint", "coordinates": [ [ -123.328773510778063, 48.412229702514374 ] ] } },
{ "type": "Feature", "properties": { "OBJECTID": 2223, "StreetName1": "BEAVEN ST", "StreetName2": "IRVING RD", "Intersection": "BEAVEN ST & IRVING RD", "Jurisdiction": "COV", "POINT_X": 475673.571, "POINT_Y": 5362374.7131999992 }, "geometry": { "type": "MultiPoint", "coordinates": [ [ -123.328765844258001, 48.414061768566626 ] ] } },
{ "type": "Feature", "properties": { "OBJECTID": 2224, "StreetName1": "FAIRFIELD RD", "StreetName2": "IRVING RD", "Intersection": "FAIRFIELD RD & IRVING RD", "Jurisdiction": "COV", "POINT_X": 475675.96750000026, "POINT_Y": 5362538.4376999997 }, "geometry": { "type": "MultiPoint", "coordinates": [ [ -123.328742953600113, 48.415534790076912 ] ] } },
{ "type": "Feature", "properties": { "OBJECTID": 2225, "StreetName1": "FINLAYSON ST", "StreetName2": "JACKSON ST", "Intersection": "FINLAYSON ST & JACKSON ST", "Jurisdiction": "COV", "POINT_X": 473517.08860000037, "POINT_Y": 5366007.7434 }, "geometry": { "type": "MultiPoint", "coordinates": [ [ -123.35813787371076, 48.446658771232123 ] ] } },
{ "type": "Feature", "properties": { "OBJECTID": 2226, "StreetName1": "GRAHAM ST", "StreetName2": "JACKSON ST", "Intersection": "GRAHAM ST & JACKSON ST", "Jurisdiction": "COV", "POINT_X": 473552.54810000025, "POINT_Y": 5365740.791 }, "geometry": { "type": "MultiPoint", "coordinates": [ [ -123.357641510218116, 48.44425867542482 ] ] } },
{ "type": "Feature", "properties": { "OBJECTID": 2227, "StreetName1": "CRAIGDARROCH RD", "StreetName2": "JOAN CRES", "Intersection": "CRAIGDARROCH RD & JOAN CRES", "Jurisdiction": "COV", "POINT_X": 474581.16395000019, "POINT_Y": 5363316.7413999997 }, "geometry": { "type": "MultiPoint", "coordinates": [ [ -123.344764895234007, 48.423626587840694 ], [ -123.342406391463697, 48.421360349421626 ] ] } },
{ "type": "Feature", "properties": { "OBJECTID": 2228, "StreetName1": "BRIDGE ST", "StreetName2": "JOHN ST", "Intersection": "BRIDGE ST & JOHN ST", "Jurisdiction": "COV", "POINT_X": 472414.0206000004, "POINT_Y": 5364852.2701999992 }, "geometry": { "type": "MultiPoint", "coordinates": [ [ -123.372977992845762, 48.436216399014548 ] ] } },
{ "type": "Feature", "properties": { "OBJECTID": 2229, "StreetName1": "GOVERNMENT ST", "StreetName2": "JOHN ST", "Intersection": "GOVERNMENT ST & JOHN ST", "Jurisdiction": "COV", "POINT_X": 472828.64709999971, "POINT_Y": 5364966.7785999998 }, "geometry": { "type": "MultiPoint", "coordinates": [ [ -123.367379784592899, 48.43726458447636 ] ] } },
{ "type": "Feature", "properties": { "OBJECTID": 2230, "StreetName1": "ESQUIMALT RD", "StreetName2": "JOHNSON ST", "Intersection": "ESQUIMALT RD & JOHNSON ST", "Jurisdiction": "COV", "POINT_X": 472440.81070000026, "POINT_Y": 5363934.7094000001 }, "geometry": { "type": "MultiPoint", "coordinates": [ [ -123.372555448665636, 48.427962903825289 ] ] } },
{ "type": "Feature", "properties": { "OBJECTID": 2231, "StreetName1": "GOVERNMENT ST", "StreetName2": "JOHNSON ST", "Intersection": "GOVERNMENT ST & JOHNSON ST", "Jurisdiction": "COV", "POINT_X": 472833.05360000022, "POINT_Y": 5363879.4527000003 }, "geometry": { "type": "MultiPoint", "coordinates": [ [ -123.367249710056612, 48.427482839983199 ] ] } },
{ "type": "Feature", "properties": { "OBJECTID": 2232, "StreetName1": "BROAD ST", "StreetName2": "JOHNSON ST", "Intersection": "BROAD ST & JOHNSON ST", "Jurisdiction": "COV", "POINT_X": 472924.70079999976, "POINT_Y": 5363863.7409000006 }, "geometry": { "type": "MultiPoint", "coordinates": [ [ -123.366009862268555, 48.427345438378701 ] ] } },
{ "type": "Feature", "properties": { "OBJECTID": 2233, "StreetName1": "DOUGLAS ST", "StreetName2": "JOHNSON ST", "Intersection": "DOUGLAS ST & JOHNSON ST", "Jurisdiction": "COV", "POINT_X": 473020.9726, "POINT_Y": 5363847.2365000006 }, "geometry": { "type": "MultiPoint", "coordinates": [ [ -123.364707457782856, 48.427201091040509 ] ] } },
{ "type": "Feature", "properties": { "OBJECTID": 2234, "StreetName1": "BLANSHARD ST", "StreetName2": "JOHNSON ST", "Intersection": "BLANSHARD ST & JOHNSON ST", "Jurisdiction": "COV", "POINT_X": 473231.5192, "POINT_Y": 5363811.5229000002 }, "geometry": { "type": "MultiPoint", "coordinates": [ [ -123.361859146623573, 48.426888784279257 ] ] } },
{ "type": "Feature", "properties": { "OBJECTID": 2235, "StreetName1": "COOK ST", "StreetName2": "JOHNSON ST", "Intersection": "COOK ST & JOHNSON ST", "Jurisdiction": "COV", "POINT_X": 473855.91820000019, "POINT_Y": 5363706.3905999996 }, "geometry": { "type": "MultiPoint", "coordinates": [ [ -123.353412419665403, 48.425969208989756 ] ] } },
{ "type": "Feature", "properties": { "OBJECTID": 2236, "StreetName1": "CHAMBERS ST", "StreetName2": "JOHNSON ST", "Intersection": "CHAMBERS ST & JOHNSON ST", "Jurisdiction": "COV", "POINT_X": 474057.07120000012, "POINT_Y": 5363672.7635999992 }, "geometry": { "type": "MultiPoint", "coordinates": [ [ -123.350691347036644, 48.425675007151412 ] ] } },
{ "type": "Feature", "properties": { "OBJECTID": 2237, "StreetName1": "CAMOSUN ST", "StreetName2": "JOHNSON ST", "Intersection": "CAMOSUN ST & JOHNSON ST", "Jurisdiction": "COV", "POINT_X": 474301.68350000028, "POINT_Y": 5363650.1745999996 }, "geometry": { "type": "MultiPoint", "coordinates": [ [ -123.347383548044164, 48.425481817466377 ] ] } },
{ "type": "Feature", "properties": { "OBJECTID": 2238, "StreetName1": "FERNWOOD RD", "StreetName2": "JOHNSON ST", "Intersection": "FERNWOOD RD & JOHNSON ST", "Jurisdiction": "COV", "POINT_X": 474443.93450000044, "POINT_Y": 5363645.9408999998 }, "geometry": { "type": "MultiPoint", "coordinates": [ [ -123.345460496019584, 48.425449518059956 ] ] } },
{ "type": "Feature", "properties": { "OBJECTID": 2239, "StreetName1": "HARRISON ST", "StreetName2": "JOHNSON ST", "Intersection": "HARRISON ST & JOHNSON ST", "Jurisdiction": "COV", "POINT_X": 474569.5751, "POINT_Y": 5363663.4043000005 }, "geometry": { "type": "MultiPoint", "coordinates": [ [ -123.343763283659811, 48.425611710856558 ] ] } },
{ "type": "Feature", "properties": { "OBJECTID": 2240, "StreetName1": "BEGBIE ST", "StreetName2": "JOHNSON ST", "Intersection": "BEGBIE ST & JOHNSON ST", "Jurisdiction": "COV", "POINT_X": 474651.02720000036, "POINT_Y": 5363792.2641000003 }, "geometry": { "type": "MultiPoint", "coordinates": [ [ -123.342670092984207, 48.426774263280855 ] ] } },
{ "type": "Feature", "properties": { "OBJECTID": 2241, "StreetName1": "BUSHBY ST", "StreetName2": "JOSEPH ST", "Intersection": "BUSHBY ST & JOSEPH ST", "Jurisdiction": "COV", "POINT_X": 474244.7229000004, "POINT_Y": 5361726.1964999996 }, "geometry": { "type": "MultiPoint", "coordinates": [ [ -123.348035317059441, 48.408170679535644 ] ] } },
{ "type": "Feature", "properties": { "OBJECTID": 2242, "StreetName1": "FIFTH ST", "StreetName2": "JOSETTE PL", "Intersection": "FIFTH ST & JOSETTE PL", "Jurisdiction": "COV", "POINT_X": 473417.57689999975, "POINT_Y": 5365855.7018 }, "geometry": { "type": "MultiPoint", "coordinates": [ [ -123.359473868594534, 48.445286762514478 ] ] } },
{ "type": "Feature", "properties": { "OBJECTID": 2243, "StreetName1": "CALEDONIA AVE", "StreetName2": "JULIA ST", "Intersection": "CALEDONIA AVE & JULIA ST", "Jurisdiction": "COV", "POINT_X": 473423.62590000033, "POINT_Y": 5364247.3480999991 }, "geometry": { "type": "MultiPoint", "coordinates": [ [ -123.359290027868042, 48.430817750705295 ] ] } },
{ "type": "Feature", "properties": { "OBJECTID": 2244, "StreetName1": "GARBALLY RD", "StreetName2": "JUTLAND RD", "Intersection": "GARBALLY RD & JUTLAND RD", "Jurisdiction": "COV", "POINT_X": 472063.02720000036, "POINT_Y": 5365173.3909000009 }, "geometry": { "type": "MultiPoint", "coordinates": [ [ -123.377744738867023, 48.439089820562344 ] ] } },
{ "type": "Feature", "properties": { "OBJECTID": 2245, "StreetName1": "DUNEDIN ST", "StreetName2": "JUTLAND RD", "Intersection": "DUNEDIN ST & JUTLAND RD", "Jurisdiction": "COV", "POINT_X": 472114.03, "POINT_Y": 5365447.7908999994 }, "geometry": { "type": "MultiPoint", "coordinates": [ [ -123.377073426906421, 48.44156066679605 ] ] } },
{ "type": "Feature", "properties": { "OBJECTID": 2246, "StreetName1": "GORGE RD E", "StreetName2": "JUTLAND RD", "Intersection": "GORGE RD E & JUTLAND RD", "Jurisdiction": "COV", "POINT_X": 472149.1305, "POINT_Y": 5365485.4785999991 }, "geometry": { "type": "MultiPoint", "coordinates": [ [ -123.376601334857426, 48.441901270678635 ] ] } },
{ "type": "Feature", "properties": { "OBJECTID": 2247, "StreetName1": "CECELIA RD", "StreetName2": "JUTLAND RD", "Intersection": "CECELIA RD & JUTLAND RD", "Jurisdiction": "COV", "POINT_X": 472245.93879999965, "POINT_Y": 5365620.874 }, "geometry": { "type": "MultiPoint", "coordinates": [ [ -123.375301341695618, 48.443123604247354 ] ] } },
{ "type": "Feature", "properties": { "OBJECTID": 2248, "StreetName1": "BURNSIDE RD E", "StreetName2": "JUTLAND RD", "Intersection": "BURNSIDE RD E & JUTLAND RD", "Jurisdiction": "COV", "POINT_X": 472346.60259999987, "POINT_Y": 5365742.7676 }, "geometry": { "type": "MultiPoint", "coordinates": [ [ -123.373948260984577, 48.444224626239198 ] ] } },
{ "type": "Feature", "properties": { "OBJECTID": 2249, "StreetName1": "CATHERINE ST", "StreetName2": "KIMTA RD", "Intersection": "CATHERINE ST & KIMTA RD", "Jurisdiction": "COV", "POINT_X": 471542.67779999971, "POINT_Y": 5364120.7894000001 }, "geometry": { "type": "MultiPoint", "coordinates": [ [ -123.38470860742261, 48.429596991667196 ] ] } },
{ "type": "Feature", "properties": { "OBJECTID": 2250, "StreetName1": "COOPERAGE PL", "StreetName2": "KIMTA RD", "Intersection": "COOPERAGE PL & KIMTA RD", "Jurisdiction": "COV", "POINT_X": 471755.2763, "POINT_Y": 5364014.0165999997 }, "geometry": { "type": "MultiPoint", "coordinates": [ [ -123.381827516242979, 48.428646002009749 ] ] } },
{ "type": "Feature", "properties": { "OBJECTID": 2251, "StreetName1": "DOUGLAS ST", "StreetName2": "KINGS RD", "Intersection": "DOUGLAS ST & KINGS RD", "Jurisdiction": "COV", "POINT_X": 472940.95540000033, "POINT_Y": 5364867.5851000007 }, "geometry": { "type": "MultiPoint", "coordinates": [ [ -123.365854968401777, 48.436377045658972 ] ] } },
{ "type": "Feature", "properties": { "OBJECTID": 2252, "StreetName1": "BLANSHARD ST", "StreetName2": "KINGS RD", "Intersection": "BLANSHARD ST & KINGS RD", "Jurisdiction": "COV", "POINT_X": 473162.81730000023, "POINT_Y": 5364932.3950999994 }, "geometry": { "type": "MultiPoint", "coordinates": [ [ -123.362859597766899, 48.436969594087877 ] ] } },
{ "type": "Feature", "properties": { "OBJECTID": 2253, "StreetName1": "DOWLER PL", "StreetName2": "KINGS RD", "Intersection": "DOWLER PL & KINGS RD", "Jurisdiction": "COV", "POINT_X": 473267.03980000038, "POINT_Y": 5364951.6072000004 }, "geometry": { "type": "MultiPoint", "coordinates": [ [ -123.361451742560845, 48.437146866705085 ] ] } },
{ "type": "Feature", "properties": { "OBJECTID": 2254, "StreetName1": "FIFTH ST", "StreetName2": "KINGS RD", "Intersection": "FIFTH ST & KINGS RD", "Jurisdiction": "COV", "POINT_X": 473575.55960000027, "POINT_Y": 5365009.2999000009 }, "geometry": { "type": "MultiPoint", "coordinates": [ [ -123.357284198609207, 48.437678914629878 ] ] } },
{ "type": "Feature", "properties": { "OBJECTID": 2255, "StreetName1": "GRAHAM ST", "StreetName2": "KINGS RD", "Intersection": "GRAHAM ST & KINGS RD", "Jurisdiction": "COV", "POINT_X": 473695.04830000014, "POINT_Y": 5365031.7845499991 }, "geometry": { "type": "MultiPoint", "coordinates": [ [ -123.355949622782447, 48.437850303715969 ], [ -123.355390592458846, 48.437922091877311 ] ] } },
{ "type": "Feature", "properties": { "OBJECTID": 2256, "StreetName1": "BAKERY MEWS", "StreetName2": "KINGS RD", "Intersection": "BAKERY MEWS & KINGS RD", "Jurisdiction": "COV", "POINT_X": 473822.26929999981, "POINT_Y": 5365055.724 }, "geometry": { "type": "MultiPoint", "coordinates": [ [ -123.353951552118957, 48.438106868472929 ] ] } },
{ "type": "Feature", "properties": { "OBJECTID": 2257, "StreetName1": "BLACKWOOD ST", "StreetName2": "KINGS RD", "Intersection": "BLACKWOOD ST & KINGS RD", "Jurisdiction": "COV", "POINT_X": 473873.97864999966, "POINT_Y": 5365065.2808999997 }, "geometry": { "type": "MultiPoint", "coordinates": [ [ -123.353291779085794, 48.438193353371766 ], [ -123.353214270888884, 48.438196633916483 ] ] } },
{ "type": "Feature", "properties": { "OBJECTID": 2258, "StreetName1": "COOK ST", "StreetName2": "KINGS RD", "Intersection": "COOK ST & KINGS RD", "Jurisdiction": "COV", "POINT_X": 473970.30910000019, "POINT_Y": 5365083.239 }, "geometry": { "type": "MultiPoint", "coordinates": [ [ -123.351951727001079, 48.43836054118642 ] ] } },
{ "type": "Feature", "properties": { "OBJECTID": 2259, "StreetName1": "EMPIRE ST", "StreetName2": "KINGS RD", "Intersection": "EMPIRE ST & KINGS RD", "Jurisdiction": "COV", "POINT_X": 474069.36830000021, "POINT_Y": 5365101.2488000002 }, "geometry": { "type": "MultiPoint", "coordinates": [ [ -123.350613529990724, 48.438526651542759 ] ] } },
{ "type": "Feature", "properties": { "OBJECTID": 2260, "StreetName1": "CAPITAL HTS", "StreetName2": "KINGS RD", "Intersection": "CAPITAL HTS & KINGS RD", "Jurisdiction": "COV", "POINT_X": 474167.48440000042, "POINT_Y": 5365119.304 }, "geometry": { "type": "MultiPoint", "coordinates": [ [ -123.349288078071396, 48.438693116086164 ] ] } },
{ "type": "Feature", "properties": { "OBJECTID": 2261, "StreetName1": "CEDAR HILL RD", "StreetName2": "KINGS RD", "Intersection": "CEDAR HILL RD & KINGS RD", "Jurisdiction": "COV", "POINT_X": 474415.84389999975, "POINT_Y": 5365064.9666000009 }, "geometry": { "type": "MultiPoint", "coordinates": [ [ -123.345926836168729, 48.438214421579701 ] ] } },
{ "type": "Feature", "properties": { "OBJECTID": 2262, "StreetName1": "FERNWOOD RD", "StreetName2": "KINGS RD", "Intersection": "FERNWOOD RD & KINGS RD", "Jurisdiction": "COV", "POINT_X": 474492.20679999981, "POINT_Y": 5365060.8915 }, "geometry": { "type": "MultiPoint", "coordinates": [ [ -123.344894139602019, 48.438180859493968 ] ] } },
{ "type": "Feature", "properties": { "OBJECTID": 2263, "StreetName1": "AVEBURY AVE", "StreetName2": "KINGS RD", "Intersection": "AVEBURY AVE & KINGS RD", "Jurisdiction": "COV", "POINT_X": 474689.40869999956, "POINT_Y": 5365056.6455000006 }, "geometry": { "type": "MultiPoint", "coordinates": [ [ -123.342227657646234, 48.43815062083214 ] ] } },
{ "type": "Feature", "properties": { "OBJECTID": 2264, "StreetName1": "ASQUITH ST", "StreetName2": "KINGS RD", "Intersection": "ASQUITH ST & KINGS RD", "Jurisdiction": "COV", "POINT_X": 474788.01279999968, "POINT_Y": 5365054.3973999992 }, "geometry": { "type": "MultiPoint", "coordinates": [ [ -123.340894367614581, 48.438134353013133 ] ] } },
{ "type": "Feature", "properties": { "OBJECTID": 2265, "StreetName1": "BELMONT AVE", "StreetName2": "KINGS RD", "Intersection": "BELMONT AVE & KINGS RD", "Jurisdiction": "COV", "POINT_X": 474874.9616, "POINT_Y": 5365052.415 }, "geometry": { "type": "MultiPoint", "coordinates": [ [ -123.339718677095789, 48.43811999499173 ] ] } },
{ "type": "Feature", "properties": { "OBJECTID": 2266, "StreetName1": "FORBES ST", "StreetName2": "KINGS RD", "Intersection": "FORBES ST & KINGS RD", "Jurisdiction": "COV", "POINT_X": 474966.1398, "POINT_Y": 5365050.3362000007 }, "geometry": { "type": "MultiPoint", "coordinates": [ [ -123.338485798791652, 48.438104925916299 ] ] } },
{ "type": "Feature", "properties": { "OBJECTID": 2267, "StreetName1": "FAIRFIELD RD", "StreetName2": "KIPLING ST", "Intersection": "FAIRFIELD RD & KIPLING ST", "Jurisdiction": "COV", "POINT_X": 474433.6342000002, "POINT_Y": 5362351.9645000007 }, "geometry": { "type": "MultiPoint", "coordinates": [ [ -123.345520824718363, 48.413808017341154 ] ] } },
{ "type": "Feature", "properties": { "OBJECTID": 2268, "StreetName1": "BROOKE ST", "StreetName2": "KIPLING ST", "Intersection": "BROOKE ST & KIPLING ST", "Jurisdiction": "COV", "POINT_X": 474514.3518000003, "POINT_Y": 5362459.6812999994 }, "geometry": { "type": "MultiPoint", "coordinates": [ [ -123.34443656718696, 48.414780348146678 ] ] } },
{ "type": "Feature", "properties": { "OBJECTID": 2269, "StreetName1": "HAMLEY ST", "StreetName2": "KIPLING ST", "Intersection": "HAMLEY ST & KIPLING ST", "Jurisdiction": "COV", "POINT_X": 474530.2423, "POINT_Y": 5362557.1361999996 }, "geometry": { "type": "MultiPoint", "coordinates": [ [ -123.344227740151979, 48.415657731298346 ] ] } },
{ "type": "Feature", "properties": { "OBJECTID": 2270, "StreetName1": "COOK ST", "StreetName2": "KIWANIS WAY", "Intersection": "COOK ST & KIWANIS WAY", "Jurisdiction": "COV", "POINT_X": 474198.17749999987, "POINT_Y": 5365599.4365999997 }, "geometry": { "type": "MultiPoint", "coordinates": [ [ -123.349063123321216, 48.442720362326675 ], [ -123.348742223896338, 48.443307247382748 ] ] } },
{ "type": "Feature", "properties": { "OBJECTID": 2271, "StreetName1": "CEDAR HILL RD", "StreetName2": "KIWANIS WAY", "Intersection": "CEDAR HILL RD & KIWANIS WAY", "Jurisdiction": "COV", "POINT_X": 474279.78679999989, "POINT_Y": 5365678.6087999996 }, "geometry": { "type": "MultiPoint", "coordinates": [ [ -123.34780405251783, 48.443729403997992 ] ] } },
{ "type": "Feature", "properties": { "OBJECTID": 2272, "StreetName1": "COOK ST", "StreetName2": "LANG ST", "Intersection": "COOK ST & LANG ST", "Jurisdiction": "COV", "POINT_X": 474148.04289999977, "POINT_Y": 5366034.5125999991 }, "geometry": { "type": "MultiPoint", "coordinates": [ [ -123.349607434359228, 48.446925830797447 ] ] } },
{ "type": "Feature", "properties": { "OBJECTID": 2273, "StreetName1": "CEDAR HILL RD", "StreetName2": "LANG ST", "Intersection": "CEDAR HILL RD & LANG ST", "Jurisdiction": "COV", "POINT_X": 474509.89769999962, "POINT_Y": 5366040.5821000002 }, "geometry": { "type": "MultiPoint", "coordinates": [ [ -123.344714586429888, 48.446995194767034 ] ] } },
{ "type": "Feature", "properties": { "OBJECTID": 2274, "StreetName1": "EVANS ST", "StreetName2": "LANGFORD ST", "Intersection": "EVANS ST & LANGFORD ST", "Jurisdiction": "COV", "POINT_X": 471059.9178, "POINT_Y": 5364716.2370999996 }, "geometry": { "type": "MultiPoint", "coordinates": [ [ -123.391275651655491, 48.434931814679636 ] ] } },
{ "type": "Feature", "properties": { "OBJECTID": 2275, "StreetName1": "FULLERTON AVE", "StreetName2": "LANGFORD ST", "Intersection": "FULLERTON AVE & LANGFORD ST", "Jurisdiction": "COV", "POINT_X": 471191.3503, "POINT_Y": 5364716.9781 }, "geometry": { "type": "MultiPoint", "coordinates": [ [ -123.389498820737259, 48.434944508791276 ] ] } },
{ "type": "Feature", "properties": { "OBJECTID": 2276, "StreetName1": "HUDSON ST", "StreetName2": "LANGFORD ST", "Intersection": "HUDSON ST & LANGFORD ST", "Jurisdiction": "COV", "POINT_X": 471243.044, "POINT_Y": 5364717.7673000004 }, "geometry": { "type": "MultiPoint", "coordinates": [ [ -123.388800009471638, 48.434953971967047 ] ] } },
{ "type": "Feature", "properties": { "OBJECTID": 2277, "StreetName1": "FRONT ST", "StreetName2": "LANGFORD ST", "Intersection": "FRONT ST & LANGFORD ST", "Jurisdiction": "COV", "POINT_X": 471358.57469999976, "POINT_Y": 5364687.7177000009 }, "geometry": { "type": "MultiPoint", "coordinates": [ [ -123.387236054148559, 48.434688903221463 ] ] } },
{ "type": "Feature", "properties": { "OBJECTID": 2278, "StreetName1": "CATHERINE ST", "StreetName2": "LANGFORD ST", "Intersection": "CATHERINE ST & LANGFORD ST", "Jurisdiction": "COV", "POINT_X": 471538.42069999967, "POINT_Y": 5364686.6673000008 }, "geometry": { "type": "MultiPoint", "coordinates": [ [ -123.384804592183528, 48.434687609446435 ] ] } },
{ "type": "Feature", "properties": { "OBJECTID": 2279, "StreetName1": "ALSTON ST", "StreetName2": "LANGFORD ST", "Intersection": "ALSTON ST & LANGFORD ST", "Jurisdiction": "COV", "POINT_X": 471646.34609999973, "POINT_Y": 5364683.8869000003 }, "geometry": { "type": "MultiPoint", "coordinates": [ [ -123.383345328757173, 48.434667465833208 ] ] } },
{ "type": "Feature", "properties": { "OBJECTID": 2280, "StreetName1": "BROUGHTON ST", "StreetName2": "LANGLEY ST", "Intersection": "BROUGHTON ST & LANGLEY ST", "Jurisdiction": "COV", "POINT_X": 472714.4863, "POINT_Y": 5363525.4514000006 }, "geometry": { "type": "MultiPoint", "coordinates": [ [ -123.368829388225763, 48.424293000888021 ] ] } },
{ "type": "Feature", "properties": { "OBJECTID": 2281, "StreetName1": "FORT ST", "StreetName2": "LANGLEY ST", "Intersection": "FORT ST & LANGLEY ST", "Jurisdiction": "COV", "POINT_X": 472726.7177, "POINT_Y": 5363599.7515999991 }, "geometry": { "type": "MultiPoint", "coordinates": [ [ -123.368668895951799, 48.424961960047483 ] ] } },
{ "type": "Feature", "properties": { "OBJECTID": 2282, "StreetName1": "BASTION SQ", "StreetName2": "LANGLEY ST", "Intersection": "BASTION SQ & LANGLEY ST", "Jurisdiction": "COV", "POINT_X": 472741.51570000034, "POINT_Y": 5363685.4295000006 }, "geometry": { "type": "MultiPoint", "coordinates": [ [ -123.368474446905338, 48.425733387575768 ] ] } },
{ "type": "Feature", "properties": { "OBJECTID": 2283, "StreetName1": "CHANCERY LANE", "StreetName2": "LANGLEY ST", "Intersection": "CHANCERY LANE & LANGLEY ST", "Jurisdiction": "COV", "POINT_X": 472748.22080000024, "POINT_Y": 5363729.1306999996 }, "geometry": { "type": "MultiPoint", "coordinates": [ [ -123.36838665573795, 48.426126828243845 ] ] } },
{ "type": "Feature", "properties": { "OBJECTID": 2284, "StreetName1": "DOUGLAS ST", "StreetName2": "LARCH ST", "Intersection": "DOUGLAS ST & LARCH ST", "Jurisdiction": "COV", "POINT_X": 472612.54849999957, "POINT_Y": 5365758.0628999993 }, "geometry": { "type": "MultiPoint", "coordinates": [ [ -123.370353182213861, 48.444373856244994 ] ] } },
{ "type": "Feature", "properties": { "OBJECTID": 2285, "StreetName1": "GONZALES AVE", "StreetName2": "LAURENTIAN PL", "Intersection": "GONZALES AVE & LAURENTIAN PL", "Jurisdiction": "COV", "POINT_X": 475503.939, "POINT_Y": 5362929.2238999996 }, "geometry": { "type": "MultiPoint", "coordinates": [ [ -123.331090624873426, 48.419043786263188 ] ] } },
{ "type": "Feature", "properties": { "OBJECTID": 2286, "StreetName1": "BOURCHIER ST", "StreetName2": "LEE AVE", "Intersection": "BOURCHIER ST & LEE AVE", "Jurisdiction": "COV", "POINT_X": 475913.8794, "POINT_Y": 5364166.5781999994 }, "geometry": { "type": "MultiPoint", "coordinates": [ [ -123.325621284761468, 48.430191296988482 ] ] } },
{ "type": "Feature", "properties": { "OBJECTID": 2287, "StreetName1": "FORT ST", "StreetName2": "LEE AVE", "Intersection": "FORT ST & LEE AVE", "Jurisdiction": "COV", "POINT_X": 475914.00650000013, "POINT_Y": 5364313.3337999992 }, "geometry": { "type": "MultiPoint", "coordinates": [ [ -123.325628002001537, 48.431511568748398 ] ] } },
{ "type": "Feature", "properties": { "OBJECTID": 2288, "StreetName1": "BELCHER AVE", "StreetName2": "LEIGHTON RD", "Intersection": "BELCHER AVE & LEIGHTON RD", "Jurisdiction": "COV", "POINT_X": 475369.35240000021, "POINT_Y": 5363969.9274000004 }, "geometry": { "type": "MultiPoint", "coordinates": [ [ -123.332970740167468, 48.428401091199639 ] ] } },
{ "type": "Feature", "properties": { "OBJECTID": 2289, "StreetName1": "FORT ST", "StreetName2": "LEIGHTON RD", "Intersection": "FORT ST & LEIGHTON RD", "Jurisdiction": "COV", "POINT_X": 475423.10709999967, "POINT_Y": 5364000.8541000001 }, "geometry": { "type": "MultiPoint", "coordinates": [ [ -123.332245913765121, 48.428681419244178 ] ] } },
{ "type": "Feature", "properties": { "OBJECTID": 2290, "StreetName1": "JUBILEE AVE", "StreetName2": "LEIGHTON RD", "Intersection": "JUBILEE AVE & LEIGHTON RD", "Jurisdiction": "COV", "POINT_X": 475469.60979999974, "POINT_Y": 5363969.4811000004 }, "geometry": { "type": "MultiPoint", "coordinates": [ [ -123.33161546426588, 48.428400989569461 ] ] } },
{ "type": "Feature", "properties": { "OBJECTID": 2291, "StreetName1": "BANK ST", "StreetName2": "LEIGHTON RD", "Intersection": "BANK ST & LEIGHTON RD", "Jurisdiction": "COV", "POINT_X": 475670.7122, "POINT_Y": 5363968.6208999995 }, "geometry": { "type": "MultiPoint", "coordinates": [ [ -123.328896971111661, 48.428401052608464 ] ] } },
{ "type": "Feature", "properties": { "OBJECTID": 2292, "StreetName1": "DUCHESS ST", "StreetName2": "LEIGHTON RD", "Intersection": "DUCHESS ST & LEIGHTON RD", "Jurisdiction": "COV", "POINT_X": 475754.78110000025, "POINT_Y": 5363967.5735999998 }, "geometry": { "type": "MultiPoint", "coordinates": [ [ -123.327760491638045, 48.428394873108928 ] ] } },
{ "type": "Feature", "properties": { "OBJECTID": 2293, "StreetName1": "FELL ST", "StreetName2": "LEIGHTON RD", "Intersection": "FELL ST & LEIGHTON RD", "Jurisdiction": "COV", "POINT_X": 475773.08349999972, "POINT_Y": 5363967.3783999998 }, "geometry": { "type": "MultiPoint", "coordinates": [ [ -123.327513073864594, 48.428393821422951 ] ] } },
{ "type": "Feature", "properties": { "OBJECTID": 2294, "StreetName1": "DAVIE ST", "StreetName2": "LEIGHTON RD", "Intersection": "DAVIE ST & LEIGHTON RD", "Jurisdiction": "COV", "POINT_X": 475850.46930000035, "POINT_Y": 5363966.8422500007 }, "geometry": { "type": "MultiPoint", "coordinates": [ [ -123.326773688797005, 48.428392513711707 ], [ -123.326160239791733, 48.428391426450503 ] ] } },
{ "type": "Feature", "properties": { "OBJECTID": 2295, "StreetName1": "LEE AVE", "StreetName2": "LEIGHTON RD", "Intersection": "LEE AVE & LEIGHTON RD", "Jurisdiction": "COV", "POINT_X": 475912.5784, "POINT_Y": 5363966.5357000008 }, "geometry": { "type": "MultiPoint", "coordinates": [ [ -123.325627373929521, 48.428391591449611 ] ] } },
{ "type": "Feature", "properties": { "OBJECTID": 2296, "StreetName1": "AMPHION ST", "StreetName2": "LEIGHTON RD", "Intersection": "AMPHION ST & LEIGHTON RD", "Jurisdiction": "COV", "POINT_X": 476045.97630000021, "POINT_Y": 5363968.6048000008 }, "geometry": { "type": "MultiPoint", "coordinates": [ [ -123.323824257917991, 48.428415294310646 ] ] } },
{ "type": "Feature", "properties": { "OBJECTID": 2297, "StreetName1": "FOUL BAY RD", "StreetName2": "LEIGHTON RD", "Intersection": "FOUL BAY RD & LEIGHTON RD", "Jurisdiction": "COV", "POINT_X": 476135.67449999973, "POINT_Y": 5363968.0726999994 }, "geometry": { "type": "MultiPoint", "coordinates": [ [ -123.322611712539896, 48.428413912999652 ] ] } },
{ "type": "Feature", "properties": { "OBJECTID": 2298, "StreetName1": "COOK ST", "StreetName2": "LEONARD ST", "Intersection": "COOK ST & LEONARD ST", "Jurisdiction": "COV", "POINT_X": 473549.977, "POINT_Y": 5362075.0507999994 }, "geometry": { "type": "MultiPoint", "coordinates": [ [ -123.357444931839908, 48.411280323657245 ] ] } },
{ "type": "Feature", "properties": { "OBJECTID": 2299, "StreetName1": "CAMBRIDGE ST", "StreetName2": "LEONARD ST", "Intersection": "CAMBRIDGE ST & LEONARD ST", "Jurisdiction": "COV", "POINT_X": 473743.14809999987, "POINT_Y": 5362042.2333000004 }, "geometry": { "type": "MultiPoint", "coordinates": [ [ -123.354832531258594, 48.410993164572815 ] ] } },
{ "type": "Feature", "properties": { "OBJECTID": 2300, "StreetName1": "DALLAS RD", "StreetName2": "LEWIS ST", "Intersection": "DALLAS RD & LEWIS ST", "Jurisdiction": "COV", "POINT_X": 472002.13080000039, "POINT_Y": 5362205.4871999994 }, "geometry": { "type": "MultiPoint", "coordinates": [ [ -123.378369844402201, 48.412386898619886 ] ] } },
{ "type": "Feature", "properties": { "OBJECTID": 2301, "StreetName1": "DUNELM WYNDE", "StreetName2": "LEWIS ST", "Intersection": "DUNELM WYNDE & LEWIS ST", "Jurisdiction": "COV", "POINT_X": 472033.73170000035, "POINT_Y": 5362248.4132000003 }, "geometry": { "type": "MultiPoint", "coordinates": [ [ -123.377945671065945, 48.412774479048323 ] ] } },
{ "type": "Feature", "properties": { "OBJECTID": 2302, "StreetName1": "BROTCHY LANE", "StreetName2": "LEWIS ST", "Intersection": "BROTCHY LANE & LEWIS ST", "Jurisdiction": "COV", "POINT_X": 472050.9079, "POINT_Y": 5362271.7452000007 }, "geometry": { "type": "MultiPoint", "coordinates": [ [ -123.377715115259718, 48.412985143865335 ] ] } },
{ "type": "Feature", "properties": { "OBJECTID": 2303, "StreetName1": "BEECHWOOD AVE", "StreetName2": "LILLIAN RD", "Intersection": "BEECHWOOD AVE & LILLIAN RD", "Jurisdiction": "COV", "POINT_X": 475375.6054999996, "POINT_Y": 5362280.1253999993 }, "geometry": { "type": "MultiPoint", "coordinates": [ [ -123.33278696763665, 48.413199245023627 ] ] } },
{ "type": "Feature", "properties": { "OBJECTID": 2304, "StreetName1": "IRVING RD", "StreetName2": "LILLIAN RD", "Intersection": "IRVING RD & LILLIAN RD", "Jurisdiction": "COV", "POINT_X": 475671.80420000013, "POINT_Y": 5362276.0172000006 }, "geometry": { "type": "MultiPoint", "coordinates": [ [ -123.328783996012717, 48.413173792743919 ] ] } },
{ "type": "Feature", "properties": { "OBJECTID": 2305, "StreetName1": "DALLAS RD", "StreetName2": "LINDEN AVE", "Intersection": "DALLAS RD & LINDEN AVE", "Jurisdiction": "COV", "POINT_X": 473769.8712, "POINT_Y": 5361642.5862000007 }, "geometry": { "type": "MultiPoint", "coordinates": [ [ -123.35444643388945, 48.40739890366649 ] ] } },
{ "type": "Feature", "properties": { "OBJECTID": 2306, "StreetName1": "FAITHFUL ST", "StreetName2": "LINDEN AVE", "Intersection": "FAITHFUL ST & LINDEN AVE", "Jurisdiction": "COV", "POINT_X": 473817.198, "POINT_Y": 5361922.9377999995 }, "geometry": { "type": "MultiPoint", "coordinates": [ [ -123.353824445100855, 48.409923019411458 ] ] } },
{ "type": "Feature", "properties": { "OBJECTID": 2307, "StreetName1": "CHAPMAN ST", "StreetName2": "LINDEN AVE", "Intersection": "CHAPMAN ST & LINDEN AVE", "Jurisdiction": "COV", "POINT_X": 473870.09069999959, "POINT_Y": 5362235.0815999992 }, "geometry": { "type": "MultiPoint", "coordinates": [ [ -123.35312916140785, 48.412733376005278 ] ] } },
{ "type": "Feature", "properties": { "OBJECTID": 2308, "StreetName1": "HILDA ST", "StreetName2": "LINDEN AVE", "Intersection": "HILDA ST & LINDEN AVE", "Jurisdiction": "COV", "POINT_X": 473937.19720000029, "POINT_Y": 5362637.0244999994 }, "geometry": { "type": "MultiPoint", "coordinates": [ [ -123.352247293469546, 48.41635218071184 ] ] } },
{ "type": "Feature", "properties": { "OBJECTID": 2309, "StreetName1": "FAIRFIELD RD", "StreetName2": "LINDEN AVE", "Intersection": "FAIRFIELD RD & LINDEN AVE", "Jurisdiction": "COV", "POINT_X": 473947.31259999983, "POINT_Y": 5362697.3390999995 }, "geometry": { "type": "MultiPoint", "coordinates": [ [ -123.352114336079282, 48.416895211108745 ] ] } },
{ "type": "Feature", "properties": { "OBJECTID": 2310, "StreetName1": "BURDETT AVE", "StreetName2": "LINDEN AVE", "Intersection": "BURDETT AVE & LINDEN AVE", "Jurisdiction": "COV", "POINT_X": 474020.87569999974, "POINT_Y": 5363141.5061000008 }, "geometry": { "type": "MultiPoint", "coordinates": [ [ -123.35114767727903, 48.420894135159855 ] ] } },
{ "type": "Feature", "properties": { "OBJECTID": 2311, "StreetName1": "FORT ST", "StreetName2": "LINDEN AVE", "Intersection": "FORT ST & LINDEN AVE", "Jurisdiction": "COV", "POINT_X": 474061.09970000014, "POINT_Y": 5363378.0242 }, "geometry": { "type": "MultiPoint", "coordinates": [ [ -123.35061865586249, 48.4230235937816 ] ] } },
{ "type": "Feature", "properties": { "OBJECTID": 2312, "StreetName1": "CARNSEW ST", "StreetName2": "LOTBINIERE AVE", "Intersection": "CARNSEW ST & LOTBINIERE AVE", "Jurisdiction": "COV", "POINT_X": 474477.64659999963, "POINT_Y": 5362684.2167000007 }, "geometry": { "type": "MultiPoint", "coordinates": [ [ -123.345028914794511, 48.416855008549952 ] ] } },
{ "type": "Feature", "properties": { "OBJECTID": 2313, "StreetName1": "HARRIET RD", "StreetName2": "LOTUS ST", "Intersection": "HARRIET RD & LOTUS ST", "Jurisdiction": "COV", "POINT_X": 471074.42750000022, "POINT_Y": 5365647.3598999996 }, "geometry": { "type": "MultiPoint", "coordinates": [ [ -123.391143792531295, 48.443309129700751 ] ] } },
{ "type": "Feature", "properties": { "OBJECTID": 2314, "StreetName1": "IRMA ST", "StreetName2": "LOTUS ST", "Intersection": "IRMA ST & LOTUS ST", "Jurisdiction": "COV", "POINT_X": 471218.9140999997, "POINT_Y": 5365544.326 }, "geometry": { "type": "MultiPoint", "coordinates": [ [ -123.389183025119067, 48.442388831190428 ] ] } },
{ "type": "Feature", "properties": { "OBJECTID": 2315, "StreetName1": "CAMAS CIR", "StreetName2": "LOVERS LANE", "Intersection": "CAMAS CIR & LOVERS LANE", "Jurisdiction": "COV", "POINT_X": 473270.32870000042, "POINT_Y": 5361973.9515000004 }, "geometry": { "type": "MultiPoint", "coordinates": [ [ -123.361217412184587, 48.410358996700381 ] ] } },
{ "type": "Feature", "properties": { "OBJECTID": 2316, "StreetName1": "JOHN ST", "StreetName2": "LUDGATE ST", "Intersection": "JOHN ST & LUDGATE ST", "Jurisdiction": "COV", "POINT_X": 472585.28760000039, "POINT_Y": 5364900.9946999997 }, "geometry": { "type": "MultiPoint", "coordinates": [ [ -123.370665699710244, 48.436662221212231 ] ] } },
{ "type": "Feature", "properties": { "OBJECTID": 2317, "StreetName1": "BAY ST", "StreetName2": "LUDGATE ST", "Intersection": "BAY ST & LUDGATE ST", "Jurisdiction": "COV", "POINT_X": 472605.55, "POINT_Y": 5364823.9024 }, "geometry": { "type": "MultiPoint", "coordinates": [ [ -123.37038671397238, 48.435969556765585 ] ] } },
{ "type": "Feature", "properties": { "OBJECTID": 2318, "StreetName1": "BOYD ST", "StreetName2": "LUXTON AVE", "Intersection": "BOYD ST & LUXTON AVE", "Jurisdiction": "COV", "POINT_X": 471967.0444, "POINT_Y": 5362387.1351999994 }, "geometry": { "type": "MultiPoint", "coordinates": [ [ -123.378856120721096, 48.414019505902878 ] ] } },
{ "type": "Feature", "properties": { "OBJECTID": 2319, "StreetName1": "DENMAN ST", "StreetName2": "LYDIA ST", "Intersection": "DENMAN ST & LYDIA ST", "Jurisdiction": "COV", "POINT_X": 475266.9402000001, "POINT_Y": 5364432.6325000003 }, "geometry": { "type": "MultiPoint", "coordinates": [ [ -123.334382427437092, 48.432559737595184 ] ] } },
{ "type": "Feature", "properties": { "OBJECTID": 2320, "StreetName1": "BRIGHTON AVE", "StreetName2": "MADDISON ST", "Intersection": "BRIGHTON AVE & MADDISON ST", "Jurisdiction": "COV", "POINT_X": 475840.12, "POINT_Y": 5363500.2928 }, "geometry": { "type": "MultiPoint", "coordinates": [ [ -123.326579970646407, 48.424194321577318 ] ] } },
{ "type": "Feature", "properties": { "OBJECTID": 2321, "StreetName1": "LAWNDALE AVE", "StreetName2": "MADDISON ST", "Intersection": "LAWNDALE AVE & MADDISON ST", "Jurisdiction": "COV", "POINT_X": 475842.05229999963, "POINT_Y": 5363344.1271000002 }, "geometry": { "type": "MultiPoint", "coordinates": [ [ -123.326544853053534, 48.422789470432022 ] ] } },
{ "type": "Feature", "properties": { "OBJECTID": 2322, "StreetName1": "HARRIET RD", "StreetName2": "MADDOCK AVE E", "Intersection": "HARRIET RD & MADDOCK AVE E", "Jurisdiction": "COV", "POINT_X": 471398.41509999987, "POINT_Y": 5366099.549000001 }, "geometry": { "type": "MultiPoint", "coordinates": [ [ -123.386793858223015, 48.447391956706312 ] ] } },
{ "type": "Feature", "properties": { "OBJECTID": 2323, "StreetName1": "IRMA ST", "StreetName2": "MADDOCK AVE E", "Intersection": "IRMA ST & MADDOCK AVE E", "Jurisdiction": "COV", "POINT_X": 471500.9134, "POINT_Y": 5366022.6404 }, "geometry": { "type": "MultiPoint", "coordinates": [ [ -123.385402573065903, 48.44670471546241 ] ] } },
{ "type": "Feature", "properties": { "OBJECTID": 2324, "StreetName1": "BALFOUR AVE", "StreetName2": "MADDOCK AVE E", "Intersection": "BALFOUR AVE & MADDOCK AVE E", "Jurisdiction": "COV", "POINT_X": 471586.2517, "POINT_Y": 5365958.6075999998 }, "geometry": { "type": "MultiPoint", "coordinates": [ [ -123.384244241871968, 48.446132517050408 ] ] } },
{ "type": "Feature", "properties": { "OBJECTID": 2325, "StreetName1": "ESQUIMALT RD", "StreetName2": "MAITLAND ST", "Intersection": "ESQUIMALT RD & MAITLAND ST", "Jurisdiction": "COV", "POINT_X": 471124.31439999957, "POINT_Y": 5364254.7455000002 }, "geometry": { "type": "MultiPoint", "coordinates": [ [ -123.390373247248135, 48.43078305559559 ] ] } },
{ "type": "Feature", "properties": { "OBJECTID": 2326, "StreetName1": "COOK ST", "StreetName2": "MALLEK CRES", "Intersection": "COOK ST & MALLEK CRES", "Jurisdiction": "COV", "POINT_X": 474158.89230000041, "POINT_Y": 5365959.5826999992 }, "geometry": { "type": "MultiPoint", "coordinates": [ [ -123.349456097608851, 48.446252183192286 ] ] } },
{ "type": "Feature", "properties": { "OBJECTID": 2327, "StreetName1": "COOK ST", "StreetName2": "MALLEK CRES", "Intersection": "COOK ST & MALLEK CRES", "Jurisdiction": "COV", "POINT_X": 474175.7687, "POINT_Y": 5365855.9565999992 }, "geometry": { "type": "MultiPoint", "coordinates": [ [ -123.349221496508008, 48.445320622442132 ] ] } },
{ "type": "Feature", "properties": { "OBJECTID": 2328, "StreetName1": "CECELIA RD", "StreetName2": "MANCHESTER RD", "Intersection": "CECELIA RD & MANCHESTER RD", "Jurisdiction": "COV", "POINT_X": 472380.38549999986, "POINT_Y": 5365523.0467000008 }, "geometry": { "type": "MultiPoint", "coordinates": [ [ -123.373476962025819, 48.44224943469407 ] ] } },
{ "type": "Feature", "properties": { "OBJECTID": 2329, "StreetName1": "BURNSIDE RD E", "StreetName2": "MANCHESTER RD", "Intersection": "BURNSIDE RD E & MANCHESTER RD", "Jurisdiction": "COV", "POINT_X": 472594.2949000001, "POINT_Y": 5365562.859 }, "geometry": { "type": "MultiPoint", "coordinates": [ [ -123.370587229919508, 48.442616948456148 ] ] } },
{ "type": "Feature", "properties": { "OBJECTID": 2330, "StreetName1": "JOAN CRES", "StreetName2": "MANOR RD", "Intersection": "JOAN CRES & MANOR RD", "Jurisdiction": "COV", "POINT_X": 474665.62040000036, "POINT_Y": 5363095.3103999998 }, "geometry": { "type": "MultiPoint", "coordinates": [ [ -123.342430712957338, 48.420504803710791 ] ] } },
{ "type": "Feature", "properties": { "OBJECTID": 2331, "StreetName1": "GOVERNMENT ST", "StreetName2": "MARIFIELD AVE", "Intersection": "GOVERNMENT ST & MARIFIELD AVE", "Jurisdiction": "COV", "POINT_X": 472652.27440000046, "POINT_Y": 5362470.7370999996 }, "geometry": { "type": "MultiPoint", "coordinates": [ [ -123.369601488131082, 48.414801733659431 ] ] } },
{ "type": "Feature", "properties": { "OBJECTID": 2332, "StreetName1": "DOUGLAS ST", "StreetName2": "MARKET ST", "Intersection": "DOUGLAS ST & MARKET ST", "Jurisdiction": "COV", "POINT_X": 472831.66160000023, "POINT_Y": 5365168.4077000003 }, "geometry": { "type": "MultiPoint", "coordinates": [ [ -123.367352106329932, 48.439078633177878 ] ] } },
{ "type": "Feature", "properties": { "OBJECTID": 2333, "StreetName1": "BLANSHARD ST", "StreetName2": "MARKET ST", "Intersection": "BLANSHARD ST & MARKET ST", "Jurisdiction": "COV", "POINT_X": 473105.12380000018, "POINT_Y": 5365242.7928999998 }, "geometry": { "type": "MultiPoint", "coordinates": [ [ -123.363659540071012, 48.439759568943643 ] ] } },
{ "type": "Feature", "properties": { "OBJECTID": 2334, "StreetName1": "DALLAS RD", "StreetName2": "MARLBOROUGH ST", "Intersection": "DALLAS RD & MARLBOROUGH ST", "Jurisdiction": "COV", "POINT_X": 473611.58980000019, "POINT_Y": 5361696.837 }, "geometry": { "type": "MultiPoint", "coordinates": [ [ -123.356588560354169, 48.407880356046839 ] ] } },
{ "type": "Feature", "properties": { "OBJECTID": 2335, "StreetName1": "FINLAYSON ST", "StreetName2": "MARS ST", "Intersection": "FINLAYSON ST & MARS ST", "Jurisdiction": "COV", "POINT_X": 473843.52180000022, "POINT_Y": 5366068.4242000002 }, "geometry": { "type": "MultiPoint", "coordinates": [ [ -123.353727466730234, 48.447218326916534 ] ] } },
{ "type": "Feature", "properties": { "OBJECTID": 2336, "StreetName1": "LANGFORD ST", "StreetName2": "MARY ST", "Intersection": "LANGFORD ST & MARY ST", "Jurisdiction": "COV", "POINT_X": 471446.12040000036, "POINT_Y": 5364687.7196999993 }, "geometry": { "type": "MultiPoint", "coordinates": [ [ -123.386052498530447, 48.43469289779096 ] ] } },
{ "type": "Feature", "properties": { "OBJECTID": 2337, "StreetName1": "BELLA ST", "StreetName2": "MARY ST", "Intersection": "BELLA ST & MARY ST", "Jurisdiction": "COV", "POINT_X": 471446.4841, "POINT_Y": 5364637.4568000007 }, "geometry": { "type": "MultiPoint", "coordinates": [ [ -123.386044155968747, 48.434240734157989 ] ] } },
{ "type": "Feature", "properties": { "OBJECTID": 2338, "StreetName1": "EDWARD ST", "StreetName2": "MARY ST", "Intersection": "EDWARD ST & MARY ST", "Jurisdiction": "COV", "POINT_X": 471446.84769999981, "POINT_Y": 5364587.1939000003 }, "geometry": { "type": "MultiPoint", "coordinates": [ [ -123.386035814930906, 48.43378857048382 ] ] } },
{ "type": "Feature", "properties": { "OBJECTID": 2339, "StreetName1": "HENRY ST", "StreetName2": "MARY ST", "Intersection": "HENRY ST & MARY ST", "Jurisdiction": "COV", "POINT_X": 471448.15869999956, "POINT_Y": 5364405.7166000009 }, "geometry": { "type": "MultiPoint", "coordinates": [ [ -123.386005724867559, 48.432156005268332 ] ] } },
{ "type": "Feature", "properties": { "OBJECTID": 2340, "StreetName1": "DUNDAS ST", "StreetName2": "MARY ST", "Intersection": "DUNDAS ST & MARY ST", "Jurisdiction": "COV", "POINT_X": 471448.85429999977, "POINT_Y": 5364307.7514999993 }, "geometry": { "type": "MultiPoint", "coordinates": [ [ -123.385989646205815, 48.431274712951272 ] ] } },
{ "type": "Feature", "properties": { "OBJECTID": 2341, "StreetName1": "ESQUIMALT RD", "StreetName2": "MARY ST", "Intersection": "ESQUIMALT RD & MARY ST", "Jurisdiction": "COV", "POINT_X": 471449.5499, "POINT_Y": 5364209.73 }, "geometry": { "type": "MultiPoint", "coordinates": [ [ -123.385973564348575, 48.430392913103518 ] ] } },
{ "type": "Feature", "properties": { "OBJECTID": 2342, "StreetName1": "AMELIA ST", "StreetName2": "MASON ST", "Intersection": "AMELIA ST & MASON ST", "Jurisdiction": "COV", "POINT_X": 473340.22950000037, "POINT_Y": 5363944.6791999992 }, "geometry": { "type": "MultiPoint", "coordinates": [ [ -123.360398151107248, 48.428091314725158 ] ] } },
{ "type": "Feature", "properties": { "OBJECTID": 2343, "StreetName1": "COOK ST", "StreetName2": "MASON ST", "Intersection": "COOK ST & MASON ST", "Jurisdiction": "COV", "POINT_X": 473874.50040000025, "POINT_Y": 5363950.1366000008 }, "geometry": { "type": "MultiPoint", "coordinates": [ [ -123.353176437013218, 48.428162803228744 ] ] } },
{ "type": "Feature", "properties": { "OBJECTID": 2344, "StreetName1": "CHAMBERS ST", "StreetName2": "MASON ST", "Intersection": "CHAMBERS ST & MASON ST", "Jurisdiction": "COV", "POINT_X": 474089.4276000001, "POINT_Y": 5363882.9693 }, "geometry": { "type": "MultiPoint", "coordinates": [ [ -123.350266981745804, 48.427567422924909 ] ] } },
{ "type": "Feature", "properties": { "OBJECTID": 2345, "StreetName1": "FAIRFIELD RD", "StreetName2": "MASTERS RD", "Intersection": "FAIRFIELD RD & MASTERS RD", "Jurisdiction": "COV", "POINT_X": 474381.36319999956, "POINT_Y": 5362410.0702 }, "geometry": { "type": "MultiPoint", "coordinates": [ [ -123.346230754452549, 48.414328634577515 ] ] } },
{ "type": "Feature", "properties": { "OBJECTID": 2346, "StreetName1": "LILLOOET HTS", "StreetName2": "MASTERS RD", "Intersection": "LILLOOET HTS & MASTERS RD", "Jurisdiction": "COV", "POINT_X": 474393.5521, "POINT_Y": 5362245.9032000005 }, "geometry": { "type": "MultiPoint", "coordinates": [ [ -123.346056011868669, 48.412852222527214 ] ] } },
{ "type": "Feature", "properties": { "OBJECTID": 2347, "StreetName1": "BELMONT AVE", "StreetName2": "MAUD ST", "Intersection": "BELMONT AVE & MAUD ST", "Jurisdiction": "COV", "POINT_X": 474993.08889999986, "POINT_Y": 5363562.0524000004 }, "geometry": { "type": "MultiPoint", "coordinates": [ [ -123.338032620927649, 48.424716871390565 ] ] } },
{ "type": "Feature", "properties": { "OBJECTID": 2348, "StreetName1": "COOK ST", "StreetName2": "MAY ST", "Intersection": "COOK ST & MAY ST", "Jurisdiction": "COV", "POINT_X": 473559.33970000036, "POINT_Y": 5362179.609 }, "geometry": { "type": "MultiPoint", "coordinates": [ [ -123.357325003012008, 48.412221360341896 ] ] } },
{ "type": "Feature", "properties": { "OBJECTID": 2349, "StreetName1": "CAMBRIDGE ST", "StreetName2": "MAY ST", "Intersection": "CAMBRIDGE ST & MAY ST", "Jurisdiction": "COV", "POINT_X": 473760.51549999975, "POINT_Y": 5362145.9094999991 }, "geometry": { "type": "MultiPoint", "coordinates": [ [ -123.354604329725859, 48.411926597302703 ] ] } },
{ "type": "Feature", "properties": { "OBJECTID": 2350, "StreetName1": "LINDEN AVE", "StreetName2": "MAY ST", "Intersection": "LINDEN AVE & MAY ST", "Jurisdiction": "COV", "POINT_X": 473852.17250000034, "POINT_Y": 5362130.5552999992 }, "geometry": { "type": "MultiPoint", "coordinates": [ [ -123.353364783605656, 48.411792275587686 ] ] } },
{ "type": "Feature", "properties": { "OBJECTID": 2351, "StreetName1": "HOWE ST", "StreetName2": "MAY ST", "Intersection": "HOWE ST & MAY ST", "Jurisdiction": "COV", "POINT_X": 474031.4888000004, "POINT_Y": 5362100.5162000004 }, "geometry": { "type": "MultiPoint", "coordinates": [ [ -123.350939773905139, 48.411529448566029 ] ] } },
{ "type": "Feature", "properties": { "OBJECTID": 2352, "StreetName1": "JOSEPH ST", "StreetName2": "MAY ST", "Intersection": "JOSEPH ST & MAY ST", "Jurisdiction": "COV", "POINT_X": 474297.37540000025, "POINT_Y": 5362055.9724000003 }, "geometry": { "type": "MultiPoint", "coordinates": [ [ -123.34734406370454, 48.411139617907757 ] ] } },
{ "type": "Feature", "properties": { "OBJECTID": 2353, "StreetName1": "EBERTS ST", "StreetName2": "MAY ST", "Intersection": "EBERTS ST & MAY ST", "Jurisdiction": "COV", "POINT_X": 474387.35539999977, "POINT_Y": 5362040.898 }, "geometry": { "type": "MultiPoint", "coordinates": [ [ -123.346127233932307, 48.411007666893568 ] ] } },
{ "type": "Feature", "properties": { "OBJECTID": 2354, "StreetName1": "LANGFORD ST", "StreetName2": "MCCASKILL ST", "Intersection": "LANGFORD ST & MCCASKILL ST", "Jurisdiction": "COV", "POINT_X": 471016.42250000034, "POINT_Y": 5364715.9919000007 }, "geometry": { "type": "MultiPoint", "coordinates": [ [ -123.391863662715053, 48.434927607932295 ] ] } },
{ "type": "Feature", "properties": { "OBJECTID": 2355, "StreetName1": "GRIFFITHS ST", "StreetName2": "MCCASKILL ST", "Intersection": "GRIFFITHS ST & MCCASKILL ST", "Jurisdiction": "COV", "POINT_X": 471028.23549999984, "POINT_Y": 5364627.1675500004 }, "geometry": { "type": "MultiPoint", "coordinates": [ [ -123.391881485150051, 48.434127636134477 ], [ -123.391514147448092, 48.434130486953876 ] ] } },
{ "type": "Feature", "properties": { "OBJECTID": 2356, "StreetName1": "COOK ST", "StreetName2": "MCCLURE ST", "Intersection": "COOK ST & MCCLURE ST", "Jurisdiction": "COV", "POINT_X": 473751.91189999972, "POINT_Y": 5363093.9097000007 }, "geometry": { "type": "MultiPoint", "coordinates": [ [ -123.354779926622982, 48.420454790543594 ] ] } },
{ "type": "Feature", "properties": { "OBJECTID": 2357, "StreetName1": "LINDEN AVE", "StreetName2": "MCCLURE ST", "Intersection": "LINDEN AVE & MCCLURE ST", "Jurisdiction": "COV", "POINT_X": 474005.7379000001, "POINT_Y": 5363051.1163 }, "geometry": { "type": "MultiPoint", "coordinates": [ [ -123.351346671054813, 48.420080331716179 ] ] } },
{ "type": "Feature", "properties": { "OBJECTID": 2358, "StreetName1": "COOK ST", "StreetName2": "MCKENZIE ST", "Intersection": "COOK ST & MCKENZIE ST", "Jurisdiction": "COV", "POINT_X": 473633.63219999988, "POINT_Y": 5362490.6172000002 }, "geometry": { "type": "MultiPoint", "coordinates": [ [ -123.356340610770729, 48.415022416248632 ] ] } },
{ "type": "Feature", "properties": { "OBJECTID": 2359, "StreetName1": "CHESTER AVE", "StreetName2": "MCKENZIE ST", "Intersection": "CHESTER AVE & MCKENZIE ST", "Jurisdiction": "COV", "POINT_X": 473812.97180000041, "POINT_Y": 5362458.6922999993 }, "geometry": { "type": "MultiPoint", "coordinates": [ [ -123.353914999755162, 48.414742688126736 ] ] } },
{ "type": "Feature", "properties": { "OBJECTID": 2360, "StreetName1": "LINDEN AVE", "StreetName2": "MCKENZIE ST", "Intersection": "LINDEN AVE & MCKENZIE ST", "Jurisdiction": "COV", "POINT_X": 473904.55339999963, "POINT_Y": 5362442.389 }, "geometry": { "type": "MultiPoint", "coordinates": [ [ -123.352676346822491, 48.414599817639981 ] ] } },
{ "type": "Feature", "properties": { "OBJECTID": 2361, "StreetName1": "COOK ST", "StreetName2": "MCNAIR ST", "Intersection": "COOK ST & MCNAIR ST", "Jurisdiction": "COV", "POINT_X": 474161.50949999969, "POINT_Y": 5365941.507 }, "geometry": { "type": "MultiPoint", "coordinates": [ [ -123.349419591238956, 48.446089675896722 ] ] } },
{ "type": "Feature", "properties": { "OBJECTID": 2362, "StreetName1": "FOUL BAY RD", "StreetName2": "MCNEILL AVE", "Intersection": "FOUL BAY RD & MCNEILL AVE", "Jurisdiction": "COV", "POINT_X": 476072.45210000034, "POINT_Y": 5363068.4816999994 }, "geometry": { "type": "MultiPoint", "coordinates": [ [ -123.323414985680785, 48.420318454275659 ] ] } },
{ "type": "Feature", "properties": { "OBJECTID": 2363, "StreetName1": "COOK ST", "StreetName2": "MEARES ST", "Intersection": "COOK ST & MEARES ST", "Jurisdiction": "COV", "POINT_X": 473797.62359999958, "POINT_Y": 5363365.5812 }, "geometry": { "type": "MultiPoint", "coordinates": [ [ -123.354179086167321, 48.422900746282565 ] ] } },
{ "type": "Feature", "properties": { "OBJECTID": 2365, "StreetName1": "BUSHBY ST", "StreetName2": "MEMORIAL CRES", "Intersection": "BUSHBY ST & MEMORIAL CRES", "Jurisdiction": "COV", "POINT_X": 474515.5, "POINT_Y": 5361940.8967000004 }, "geometry": { "type": "MultiPoint", "coordinates": [ [ -123.344389531416681, 48.410113213088465 ] ] } },
{ "type": "Feature", "properties": { "OBJECTID": 2366, "StreetName1": "MAY ST", "StreetName2": "MEMORIAL CRES", "Intersection": "MAY ST & MEMORIAL CRES", "Jurisdiction": "COV", "POINT_X": 474524.1256, "POINT_Y": 5362017.9845000003 }, "geometry": { "type": "MultiPoint", "coordinates": [ [ -123.344277656476947, 48.410807072990409 ] ] } },
{ "type": "Feature", "properties": { "OBJECTID": 2367, "StreetName1": "FAIRFIELD RD", "StreetName2": "MEMORIAL CRES", "Intersection": "FAIRFIELD RD & MEMORIAL CRES", "Jurisdiction": "COV", "POINT_X": 474592.3806, "POINT_Y": 5362173.2417000011 }, "geometry": { "type": "MultiPoint", "coordinates": [ [ -123.343556450379879, 48.412347671730608 ], [ -123.343173008364644, 48.412065490921428 ] ] } },
{ "type": "Feature", "properties": { "OBJECTID": 2368, "StreetName1": "DALLAS RD", "StreetName2": "MENZIES ST", "Intersection": "DALLAS RD & MENZIES ST", "Jurisdiction": "COV", "POINT_X": 472060.3503, "POINT_Y": 5362163.4198000003 }, "geometry": { "type": "MultiPoint", "coordinates": [ [ -123.377580299549066, 48.412011030154176 ] ] } },
{ "type": "Feature", "properties": { "OBJECTID": 2369, "StreetName1": "BROTCHY LANE", "StreetName2": "MENZIES ST", "Intersection": "BROTCHY LANE & MENZIES ST", "Jurisdiction": "COV", "POINT_X": 472108.501, "POINT_Y": 5362230.0526000001 }, "geometry": { "type": "MultiPoint", "coordinates": [ [ -123.376934055665757, 48.412612615058784 ] ] } },
{ "type": "Feature", "properties": { "OBJECTID": 2370, "StreetName1": "KINGSTON ST", "StreetName2": "MENZIES ST", "Intersection": "KINGSTON ST & MENZIES ST", "Jurisdiction": "COV", "POINT_X": 472490.932, "POINT_Y": 5362962.1566000003 }, "geometry": { "type": "MultiPoint", "coordinates": [ [ -123.371814112040695, 48.419215687552068 ] ] } },
{ "type": "Feature", "properties": { "OBJECTID": 2371, "StreetName1": "BELLEVILLE ST", "StreetName2": "MENZIES ST", "Intersection": "BELLEVILLE ST & MENZIES ST", "Jurisdiction": "COV", "POINT_X": 472555.89109999966, "POINT_Y": 5363138.5055999998 }, "geometry": { "type": "MultiPoint", "coordinates": [ [ -123.370947718826827, 48.420805016268893 ] ] } },
{ "type": "Feature", "properties": { "OBJECTID": 2372, "StreetName1": "COOK ST", "StreetName2": "MERRITT PL", "Intersection": "COOK ST & MERRITT PL", "Jurisdiction": "COV", "POINT_X": 474114.4748, "POINT_Y": 5366216.444 }, "geometry": { "type": "MultiPoint", "coordinates": [ [ -123.350072611051203, 48.448561163213192 ] ] } },
{ "type": "Feature", "properties": { "OBJECTID": 2373, "StreetName1": "HIGHVIEW ST", "StreetName2": "MERRITT ST", "Intersection": "HIGHVIEW ST & MERRITT ST", "Jurisdiction": "COV", "POINT_X": 473882.39010000043, "POINT_Y": 5366169.4166000001 }, "geometry": { "type": "MultiPoint", "coordinates": [ [ -123.353208164068533, 48.448128500428474 ] ] } },
{ "type": "Feature", "properties": { "OBJECTID": 2374, "StreetName1": "COOK ST", "StreetName2": "MERRITT ST", "Intersection": "COOK ST & MERRITT ST", "Jurisdiction": "COV", "POINT_X": 474114.4748, "POINT_Y": 5366216.444 }, "geometry": { "type": "MultiPoint", "coordinates": [ [ -123.350072611051203, 48.448561163213192 ] ] } },
{ "type": "Feature", "properties": { "OBJECTID": 2375, "StreetName1": "ALMA PL", "StreetName2": "MICHIGAN ST", "Intersection": "ALMA PL & MICHIGAN ST", "Jurisdiction": "COV", "POINT_X": 472183.7714, "POINT_Y": 5362867.2415999994 }, "geometry": { "type": "MultiPoint", "coordinates": [ [ -123.375959154128367, 48.418348311720386 ] ] } },
{ "type": "Feature", "properties": { "OBJECTID": 2376, "StreetName1": "MENZIES ST", "StreetName2": "MICHIGAN ST", "Intersection": "MENZIES ST & MICHIGAN ST", "Jurisdiction": "COV", "POINT_X": 472399.65249999985, "POINT_Y": 5362712.2498000003 }, "geometry": { "type": "MultiPoint", "coordinates": [ [ -123.373031324753413, 48.416963448371469 ] ] } },
{ "type": "Feature", "properties": { "OBJECTID": 2377, "StreetName1": "HEATHER ST", "StreetName2": "MICHIGAN ST", "Intersection": "HEATHER ST & MICHIGAN ST", "Jurisdiction": "COV", "POINT_X": 472627.37420000043, "POINT_Y": 5362726.9443999995 }, "geometry": { "type": "MultiPoint", "coordinates": [ [ -123.369954712872229, 48.417105581780348 ] ] } },
{ "type": "Feature", "properties": { "OBJECTID": 2378, "StreetName1": "GOVERNMENT ST", "StreetName2": "MICHIGAN ST", "Intersection": "GOVERNMENT ST & MICHIGAN ST", "Jurisdiction": "COV", "POINT_X": 472707.684, "POINT_Y": 5362734.5752000008 }, "geometry": { "type": "MultiPoint", "coordinates": [ [ -123.368869850280248, 48.417177715472604 ] ] } },
{ "type": "Feature", "properties": { "OBJECTID": 2379, "StreetName1": "MARY ST", "StreetName2": "MILNE ST", "Intersection": "MARY ST & MILNE ST", "Jurisdiction": "COV", "POINT_X": 471451.0418999996, "POINT_Y": 5363999.4229000006 }, "geometry": { "type": "MultiPoint", "coordinates": [ [ -123.385939068314428, 48.42850099330326 ] ] } },
{ "type": "Feature", "properties": { "OBJECTID": 2380, "StreetName1": "GONZALES AVE", "StreetName2": "MONTGOMERY AVE", "Intersection": "GONZALES AVE & MONTGOMERY AVE", "Jurisdiction": "COV", "POINT_X": 475243.34559999965, "POINT_Y": 5363054.8791000005 }, "geometry": { "type": "MultiPoint", "coordinates": [ [ -123.334620020986193, 48.420164039829132 ] ] } },
{ "type": "Feature", "properties": { "OBJECTID": 2381, "StreetName1": "DALLAS RD", "StreetName2": "MONTREAL ST", "Intersection": "DALLAS RD & MONTREAL ST", "Jurisdiction": "COV", "POINT_X": 471533.4804999996, "POINT_Y": 5362599.5255999994 }, "geometry": { "type": "MultiPoint", "coordinates": [ [ -123.384729638560216, 48.415910800379663 ] ] } },
{ "type": "Feature", "properties": { "OBJECTID": 2382, "StreetName1": "LADYSMITH ST", "StreetName2": "MONTREAL ST", "Intersection": "LADYSMITH ST & MONTREAL ST", "Jurisdiction": "COV", "POINT_X": 471716.31649999972, "POINT_Y": 5362851.1592999995 }, "geometry": { "type": "MultiPoint", "coordinates": [ [ -123.382275706420117, 48.418182815433447 ] ] } },
{ "type": "Feature", "properties": { "OBJECTID": 2383, "StreetName1": "DOBINSON ST", "StreetName2": "MONTREAL ST", "Intersection": "DOBINSON ST & MONTREAL ST", "Jurisdiction": "COV", "POINT_X": 471728.77209999971, "POINT_Y": 5362868.4811000004 }, "geometry": { "type": "MultiPoint", "coordinates": [ [ -123.382108537817516, 48.418339207168238 ] ] } },
{ "type": "Feature", "properties": { "OBJECTID": 2384, "StreetName1": "MICHIGAN ST", "StreetName2": "MONTREAL ST", "Intersection": "MICHIGAN ST & MONTREAL ST", "Jurisdiction": "COV", "POINT_X": 471879.6097, "POINT_Y": 5363089.6939000003 }, "geometry": { "type": "MultiPoint", "coordinates": [ [ -123.380084808546655, 48.420336061879986 ] ] } },
{ "type": "Feature", "properties": { "OBJECTID": 2385, "StreetName1": "KINGSTON ST", "StreetName2": "MONTREAL ST", "Intersection": "KINGSTON ST & MONTREAL ST", "Jurisdiction": "COV", "POINT_X": 471992.64290000033, "POINT_Y": 5363246.1240999997 }, "geometry": { "type": "MultiPoint", "coordinates": [ [ -123.378567558474344, 48.421748395357049 ] ] } },
{ "type": "Feature", "properties": { "OBJECTID": 2386, "StreetName1": "BLACKWOOD ST", "StreetName2": "MONTROSE AVE", "Intersection": "BLACKWOOD ST & MONTROSE AVE", "Jurisdiction": "COV", "POINT_X": 473783.9748, "POINT_Y": 5365534.3883999996 }, "geometry": { "type": "MultiPoint", "coordinates": [ [ -123.354499264876864, 48.442411494398399 ] ] } },
{ "type": "Feature", "properties": { "OBJECTID": 2387, "StreetName1": "FORT ST", "StreetName2": "MORRISON ST", "Intersection": "FORT ST & MORRISON ST", "Jurisdiction": "COV", "POINT_X": 475271.48620000016, "POINT_Y": 5363916.8153000008 }, "geometry": { "type": "MultiPoint", "coordinates": [ [ -123.334290532318221, 48.427919440067889 ] ] } },
{ "type": "Feature", "properties": { "OBJECTID": 2388, "StreetName1": "FAIRFIELD RD", "StreetName2": "MOSS ROCK PL", "Intersection": "FAIRFIELD RD & MOSS ROCK PL", "Jurisdiction": "COV", "POINT_X": 474494.1601, "POINT_Y": 5362283.5563999992 }, "geometry": { "type": "MultiPoint", "coordinates": [ [ -123.344698728941793, 48.413195045619815 ] ] } },
{ "type": "Feature", "properties": { "OBJECTID": 2389, "StreetName1": "DALLAS RD", "StreetName2": "MOSS ST", "Intersection": "DALLAS RD & MOSS ST", "Jurisdiction": "COV", "POINT_X": 474017.38350000046, "POINT_Y": 5361491.1272 }, "geometry": { "type": "MultiPoint", "coordinates": [ [ -123.351092642023545, 48.40604657468684 ] ] } },
{ "type": "Feature", "properties": { "OBJECTID": 2390, "StreetName1": "CLOVER AVE", "StreetName2": "MOSS ST", "Intersection": "CLOVER AVE & MOSS ST", "Jurisdiction": "COV", "POINT_X": 474040.6233000001, "POINT_Y": 5361624.6477000006 }, "geometry": { "type": "MultiPoint", "coordinates": [ [ -123.35078689222857, 48.407248733466318 ] ] } },
{ "type": "Feature", "properties": { "OBJECTID": 2391, "StreetName1": "GEORGE ST", "StreetName2": "MOSS ST", "Intersection": "GEORGE ST & MOSS ST", "Jurisdiction": "COV", "POINT_X": 474056.80119999964, "POINT_Y": 5361725.6389000006 }, "geometry": { "type": "MultiPoint", "coordinates": [ [ -123.350574539868049, 48.408157954677904 ] ] } },
{ "type": "Feature", "properties": { "OBJECTID": 2392, "StreetName1": "FAITHFUL ST", "StreetName2": "MOSS ST", "Intersection": "FAITHFUL ST & MOSS ST", "Jurisdiction": "COV", "POINT_X": 474082.54619999975, "POINT_Y": 5361878.7862 }, "geometry": { "type": "MultiPoint", "coordinates": [ [ -123.350236126116599, 48.409536784803443 ] ] } },
{ "type": "Feature", "properties": { "OBJECTID": 2393, "StreetName1": "MAY ST", "StreetName2": "MOSS ST", "Intersection": "MAY ST & MOSS ST", "Jurisdiction": "COV", "POINT_X": 474117.40149999969, "POINT_Y": 5362086.1238000002 }, "geometry": { "type": "MultiPoint", "coordinates": [ [ -123.349777929928408, 48.411403504096761 ] ] } },
{ "type": "Feature", "properties": { "OBJECTID": 2394, "StreetName1": "BOND ST", "StreetName2": "MOSS ST", "Intersection": "BOND ST & MOSS ST", "Jurisdiction": "COV", "POINT_X": 474131.66110000014, "POINT_Y": 5362170.9378999993 }, "geometry": { "type": "MultiPoint", "coordinates": [ [ -123.34959046781762, 48.412167108912591 ] ] } },
{ "type": "Feature", "properties": { "OBJECTID": 2395, "StreetName1": "FRANKLIN TERR", "StreetName2": "MOSS ST", "Intersection": "FRANKLIN TERR & MOSS ST", "Jurisdiction": "COV", "POINT_X": 474160.777, "POINT_Y": 5362344.1161000002 }, "geometry": { "type": "MultiPoint", "coordinates": [ [ -123.34920768196055, 48.41372627894809 ] ] } },
{ "type": "Feature", "properties": { "OBJECTID": 2396, "StreetName1": "MCKENZIE ST", "StreetName2": "MOSS ST", "Intersection": "MCKENZIE ST & MOSS ST", "Jurisdiction": "COV", "POINT_X": 474169.80740000028, "POINT_Y": 5362397.8288000003 }, "geometry": { "type": "MultiPoint", "coordinates": [ [ -123.349088954913185, 48.414209868531451 ] ] } },
{ "type": "Feature", "properties": { "OBJECTID": 2397, "StreetName1": "FAIRFIELD RD", "StreetName2": "MOSS ST", "Intersection": "FAIRFIELD RD & MOSS ST", "Jurisdiction": "COV", "POINT_X": 474189.18630000018, "POINT_Y": 5362513.0922999997 }, "geometry": { "type": "MultiPoint", "coordinates": [ [ -123.348834163479452, 48.41524761565708 ] ] } },
{ "type": "Feature", "properties": { "OBJECTID": 2398, "StreetName1": "CARNSEW ST", "StreetName2": "MOSS ST", "Intersection": "CARNSEW ST & MOSS ST", "Jurisdiction": "COV", "POINT_X": 474223.34669999965, "POINT_Y": 5362716.3188000005 }, "geometry": { "type": "MultiPoint", "coordinates": [ [ -123.348385004411668, 48.417077314364199 ] ] } },
{ "type": "Feature", "properties": { "OBJECTID": 2399, "StreetName1": "MINTO ST", "StreetName2": "MOSS ST", "Intersection": "MINTO ST & MOSS ST", "Jurisdiction": "COV", "POINT_X": 474240.405, "POINT_Y": 5362809.3373000007 }, "geometry": { "type": "MultiPoint", "coordinates": [ [ -123.348160180923472, 48.417914840474197 ] ] } },
{ "type": "Feature", "properties": { "OBJECTID": 2400, "StreetName1": "FORT ST", "StreetName2": "MOSS ST", "Intersection": "FORT ST & MOSS ST", "Jurisdiction": "COV", "POINT_X": 474328.03409999982, "POINT_Y": 5363400.2216999996 }, "geometry": { "type": "MultiPoint", "coordinates": [ [ -123.347012061775786, 48.423234227087718 ] ] } },
{ "type": "Feature", "properties": { "OBJECTID": 2401, "StreetName1": "HAULTAIN ST", "StreetName2": "MT STEPHEN AVE", "Intersection": "HAULTAIN ST & MT STEPHEN AVE", "Jurisdiction": "COV", "POINT_X": 474254.48060000036, "POINT_Y": 5364848.253 }, "geometry": { "type": "MultiPoint", "coordinates": [ [ -123.348095194495556, 48.436258214930746 ] ] } },
{ "type": "Feature", "properties": { "OBJECTID": 2402, "StreetName1": "KINGS RD", "StreetName2": "MT STEPHEN AVE", "Intersection": "KINGS RD & MT STEPHEN AVE", "Jurisdiction": "COV", "POINT_X": 474271.3153, "POINT_Y": 5365109.0468000006 }, "geometry": { "type": "MultiPoint", "coordinates": [ [ -123.347883611605226, 48.438605091238337 ] ] } },
{ "type": "Feature", "properties": { "OBJECTID": 2403, "StreetName1": "ACTON ST", "StreetName2": "MT STEPHEN AVE", "Intersection": "ACTON ST & MT STEPHEN AVE", "Jurisdiction": "COV", "POINT_X": 474277.62590000033, "POINT_Y": 5365204.2726000007 }, "geometry": { "type": "MultiPoint", "coordinates": [ [ -123.347804137817235, 48.439462031981357 ] ] } },
{ "type": "Feature", "properties": { "OBJECTID": 2404, "StreetName1": "HAMILTON RD", "StreetName2": "MYRTLE AVE", "Intersection": "HAMILTON RD & MYRTLE AVE", "Jurisdiction": "COV", "POINT_X": 474695.39240000024, "POINT_Y": 5365396.9878000002 }, "geometry": { "type": "MultiPoint", "coordinates": [ [ -123.342167318636214, 48.441212694963376 ] ] } },
{ "type": "Feature", "properties": { "OBJECTID": 2405, "StreetName1": "BELMONT AVE", "StreetName2": "MYRTLE AVE", "Intersection": "BELMONT AVE & MYRTLE AVE", "Jurisdiction": "COV", "POINT_X": 474911.55530000012, "POINT_Y": 5365524.9803999998 }, "geometry": { "type": "MultiPoint", "coordinates": [ [ -123.33925222805, 48.442372812296838 ] ] } },
{ "type": "Feature", "properties": { "OBJECTID": 2406, "StreetName1": "DONCASTER DR", "StreetName2": "MYRTLE AVE", "Intersection": "DONCASTER DR & MYRTLE AVE", "Jurisdiction": "COV", "POINT_X": 475025.89489999972, "POINT_Y": 5365592.6534000002 }, "geometry": { "type": "MultiPoint", "coordinates": [ [ -123.337710232221596, 48.442986168472679 ] ] } },
{ "type": "Feature", "properties": { "OBJECTID": 2407, "StreetName1": "FINLAYSON ST", "StreetName2": "NANAIMO ST", "Intersection": "FINLAYSON ST & NANAIMO ST", "Jurisdiction": "COV", "POINT_X": 472701.67179999966, "POINT_Y": 5365856.7108999994 }, "geometry": { "type": "MultiPoint", "coordinates": [ [ -123.369154498344898, 48.445265195302184 ] ] } },
{ "type": "Feature", "properties": { "OBJECTID": 2408, "StreetName1": "LARCH ST", "StreetName2": "NANAIMO ST", "Intersection": "LARCH ST & NANAIMO ST", "Jurisdiction": "COV", "POINT_X": 472717.8224, "POINT_Y": 5365777.1371 }, "geometry": { "type": "MultiPoint", "coordinates": [ [ -123.368930923183015, 48.444550025747589 ] ] } },
{ "type": "Feature", "properties": { "OBJECTID": 2409, "StreetName1": "MARKET ST", "StreetName2": "NANAIMO ST", "Intersection": "MARKET ST & NANAIMO ST", "Jurisdiction": "COV", "POINT_X": 473015.14109999966, "POINT_Y": 5365225.965 }, "geometry": { "type": "MultiPoint", "coordinates": [ [ -123.364875082240459, 48.43960432884893 ] ] } },
{ "type": "Feature", "properties": { "OBJECTID": 2410, "StreetName1": "HILLSIDE AVE", "StreetName2": "NANAIMO ST", "Intersection": "HILLSIDE AVE & NANAIMO ST", "Jurisdiction": "COV", "POINT_X": 473033.7938000001, "POINT_Y": 5365129.5551999994 }, "geometry": { "type": "MultiPoint", "coordinates": [ [ -123.364616679000193, 48.438737795289299 ] ] } },
{ "type": "Feature", "properties": { "OBJECTID": 2411, "StreetName1": "CECELIA RD", "StreetName2": "NAPIER LANE", "Intersection": "CECELIA RD & NAPIER LANE", "Jurisdiction": "COV", "POINT_X": 472033.06259999983, "POINT_Y": 5365776.4089000002 }, "geometry": { "type": "MultiPoint", "coordinates": [ [ -123.378190144121362, 48.444513418881641 ] ] } },
{ "type": "Feature", "properties": { "OBJECTID": 2412, "StreetName1": "BURNSIDE RD E", "StreetName2": "NAPIER LANE", "Intersection": "BURNSIDE RD E & NAPIER LANE", "Jurisdiction": "COV", "POINT_X": 472126.74019999988, "POINT_Y": 5365903.819 }, "geometry": { "type": "MultiPoint", "coordinates": [ [ -123.37693192537013, 48.44566379317645 ] ] } },
{ "type": "Feature", "properties": { "OBJECTID": 2413, "StreetName1": "MONTREAL ST", "StreetName2": "NIAGARA ST", "Intersection": "MONTREAL ST & NIAGARA ST", "Jurisdiction": "COV", "POINT_X": 471653.98539999966, "POINT_Y": 5362764.477 }, "geometry": { "type": "MultiPoint", "coordinates": [ [ -123.383112246748368, 48.417400191272897 ] ] } },
{ "type": "Feature", "properties": { "OBJECTID": 2414, "StreetName1": "DOCK ST", "StreetName2": "NIAGARA ST", "Intersection": "DOCK ST & NIAGARA ST", "Jurisdiction": "COV", "POINT_X": 471727.16490000021, "POINT_Y": 5362712.0764000006 }, "geometry": { "type": "MultiPoint", "coordinates": [ [ -123.382119714022068, 48.416932066649615 ] ] } },
{ "type": "Feature", "properties": { "OBJECTID": 2415, "StreetName1": "BOYD ST", "StreetName2": "NIAGARA ST", "Intersection": "BOYD ST & NIAGARA ST", "Jurisdiction": "COV", "POINT_X": 472038.12710000016, "POINT_Y": 5362486.0994000006 }, "geometry": { "type": "MultiPoint", "coordinates": [ [ -123.37790211948662, 48.414912980224784 ] ] } },
{ "type": "Feature", "properties": { "OBJECTID": 2416, "StreetName1": "CROFT ST", "StreetName2": "NIAGARA ST", "Intersection": "CROFT ST & NIAGARA ST", "Jurisdiction": "COV", "POINT_X": 472088.1612999998, "POINT_Y": 5362449.2947000004 }, "geometry": { "type": "MultiPoint", "coordinates": [ [ -123.377223504901622, 48.414584091273376 ] ] } },
{ "type": "Feature", "properties": { "OBJECTID": 2417, "StreetName1": "MENZIES ST", "StreetName2": "NIAGARA ST", "Intersection": "MENZIES ST & NIAGARA ST", "Jurisdiction": "COV", "POINT_X": 472204.74739999976, "POINT_Y": 5362365.911 }, "geometry": { "type": "MultiPoint", "coordinates": [ [ -123.375642437297827, 48.4138390972007 ] ] } },
{ "type": "Feature", "properties": { "OBJECTID": 2418, "StreetName1": "MEDANA ST", "StreetName2": "NIAGARA ST", "Intersection": "MEDANA ST & NIAGARA ST", "Jurisdiction": "COV", "POINT_X": 472260.36089999974, "POINT_Y": 5362324.3299000002 }, "geometry": { "type": "MultiPoint", "coordinates": [ [ -123.374888138705543, 48.413467470313876 ] ] } },
{ "type": "Feature", "properties": { "OBJECTID": 2419, "StreetName1": "CLARENCE ST", "StreetName2": "NIAGARA ST", "Intersection": "CLARENCE ST & NIAGARA ST", "Jurisdiction": "COV", "POINT_X": 472330.45029999968, "POINT_Y": 5362271.9255999997 }, "geometry": { "type": "MultiPoint", "coordinates": [ [ -123.373937515827393, 48.412999105059804 ] ] } },
{ "type": "Feature", "properties": { "OBJECTID": 2420, "StreetName1": "GOVERNMENT ST", "StreetName2": "NIAGARA ST", "Intersection": "GOVERNMENT ST & NIAGARA ST", "Jurisdiction": "COV", "POINT_X": 472475.68070000038, "POINT_Y": 5362170.1086 }, "geometry": { "type": "MultiPoint", "coordinates": [ [ -123.371968254836631, 48.412089484914901 ] ] } },
{ "type": "Feature", "properties": { "OBJECTID": 2421, "StreetName1": "DOUGLAS ST", "StreetName2": "NIAGARA ST", "Intersection": "DOUGLAS ST & NIAGARA ST", "Jurisdiction": "COV", "POINT_X": 472713.61830000021, "POINT_Y": 5362000.6139000002 }, "geometry": { "type": "MultiPoint", "coordinates": [ [ -123.368741901656577, 48.410574999603078 ] ] } },
{ "type": "Feature", "properties": { "OBJECTID": 2422, "StreetName1": "FOUL BAY RD", "StreetName2": "NORMANTON CRT", "Intersection": "FOUL BAY RD & NORMANTON CRT", "Jurisdiction": "COV", "POINT_X": 475841.92669999972, "POINT_Y": 5362827.3334 }, "geometry": { "type": "MultiPoint", "coordinates": [ [ -123.326516773814859, 48.418140193004206 ] ] } },
{ "type": "Feature", "properties": { "OBJECTID": 2423, "StreetName1": "CEDAR HILL RD", "StreetName2": "NORTH DAIRY RD", "Intersection": "CEDAR HILL RD & NORTH DAIRY RD", "Jurisdiction": "COV", "POINT_X": 474565.97190000024, "POINT_Y": 5366192.975 }, "geometry": { "type": "MultiPoint", "coordinates": [ [ -123.34396557450043, 48.448368439041651 ] ] } },
{ "type": "Feature", "properties": { "OBJECTID": 2424, "StreetName1": "DONCASTER DR", "StreetName2": "NORTH DAIRY RD", "Intersection": "DONCASTER DR & NORTH DAIRY RD", "Jurisdiction": "COV", "POINT_X": 474725.31989999954, "POINT_Y": 5366186.4412999991 }, "geometry": { "type": "MultiPoint", "coordinates": [ [ -123.341810319062958, 48.448316080040946 ] ] } },
{ "type": "Feature", "properties": { "OBJECTID": 2425, "StreetName1": "CLAWTHORPE AVE", "StreetName2": "NORTH DAIRY RD", "Intersection": "CLAWTHORPE AVE & NORTH DAIRY RD", "Jurisdiction": "COV", "POINT_X": 474904.4156, "POINT_Y": 5366180.6663000006 }, "geometry": { "type": "MultiPoint", "coordinates": [ [ -123.339388065900792, 48.448271294017005 ] ] } },
{ "type": "Feature", "properties": { "OBJECTID": 2426, "StreetName1": "BLANSHARD ST", "StreetName2": "NORTH PARK ST", "Intersection": "BLANSHARD ST & NORTH PARK ST", "Jurisdiction": "COV", "POINT_X": 473231.45050000027, "POINT_Y": 5364172.8705000002 }, "geometry": { "type": "MultiPoint", "coordinates": [ [ -123.36188315541709, 48.430139585121275 ] ] } },
{ "type": "Feature", "properties": { "OBJECTID": 2427, "StreetName1": "BLANSHARD ST", "StreetName2": "NORTH PARK ST", "Intersection": "BLANSHARD ST & NORTH PARK ST", "Jurisdiction": "COV", "POINT_X": 473244.7517, "POINT_Y": 5364167.0984000005 }, "geometry": { "type": "MultiPoint", "coordinates": [ [ -123.361702979650119, 48.430088222701201 ] ] } },
{ "type": "Feature", "properties": { "OBJECTID": 2428, "StreetName1": "COOK ST", "StreetName2": "NORTH PARK ST", "Intersection": "COOK ST & NORTH PARK ST", "Jurisdiction": "COV", "POINT_X": 473888.10240000021, "POINT_Y": 5364105.5889 }, "geometry": { "type": "MultiPoint", "coordinates": [ [ -123.353002256226659, 48.429561869494208 ] ] } },
{ "type": "Feature", "properties": { "OBJECTID": 2429, "StreetName1": "CHAMBERS ST", "StreetName2": "NORTH PARK ST", "Intersection": "CHAMBERS ST & NORTH PARK ST", "Jurisdiction": "COV", "POINT_X": 474105.69070000015, "POINT_Y": 5364085.2788999993 }, "geometry": { "type": "MultiPoint", "coordinates": [ [ -123.35005964598065, 48.429388138972143 ] ] } },
{ "type": "Feature", "properties": { "OBJECTID": 2430, "StreetName1": "BURLEITH CRES", "StreetName2": "NORTHCOTT AVE", "Intersection": "BURLEITH CRES & NORTHCOTT AVE", "Jurisdiction": "COV", "POINT_X": 470975.73259999976, "POINT_Y": 5365302.8391999993 }, "geometry": { "type": "MultiPoint", "coordinates": [ [ -123.392454425469253, 48.440205180920067 ] ] } },
{ "type": "Feature", "properties": { "OBJECTID": 2431, "StreetName1": "COVENTRY AVE", "StreetName2": "NORTHCOTT AVE", "Intersection": "COVENTRY AVE & NORTHCOTT AVE", "Jurisdiction": "COV", "POINT_X": 471122.04590000026, "POINT_Y": 5365225.6594999991 }, "geometry": { "type": "MultiPoint", "coordinates": [ [ -123.39047083896881, 48.439517579607632 ] ] } },
{ "type": "Feature", "properties": { "OBJECTID": 2432, "StreetName1": "FORT ST", "StreetName2": "OAK BAY AVE", "Intersection": "FORT ST & OAK BAY AVE", "Jurisdiction": "COV", "POINT_X": 475074.36330000032, "POINT_Y": 5363763.7492999993 }, "geometry": { "type": "MultiPoint", "coordinates": [ [ -123.336946051788814, 48.426534631675452 ] ] } },
{ "type": "Feature", "properties": { "OBJECTID": 2433, "StreetName1": "MCGREGOR AVE", "StreetName2": "OAK BAY AVE", "Intersection": "MCGREGOR AVE & OAK BAY AVE", "Jurisdiction": "COV", "POINT_X": 475162.43759999983, "POINT_Y": 5363761.9315000009 }, "geometry": { "type": "MultiPoint", "coordinates": [ [ -123.335755425912367, 48.426521757860669 ] ] } },
{ "type": "Feature", "properties": { "OBJECTID": 2434, "StreetName1": "MORRISON ST", "StreetName2": "OAK BAY AVE", "Intersection": "MORRISON ST & OAK BAY AVE", "Jurisdiction": "COV", "POINT_X": 475271.959, "POINT_Y": 5363758.7902000006 }, "geometry": { "type": "MultiPoint", "coordinates": [ [ -123.334274817791737, 48.426497807537601 ] ] } },
{ "type": "Feature", "properties": { "OBJECTID": 2435, "StreetName1": "BELCHER AVE", "StreetName2": "OAK BAY AVE", "Intersection": "BELCHER AVE & OAK BAY AVE", "Jurisdiction": "COV", "POINT_X": 475367.42839999963, "POINT_Y": 5363756.3639000002 }, "geometry": { "type": "MultiPoint", "coordinates": [ [ -123.332984196548537, 48.426479721088256 ] ] } },
{ "type": "Feature", "properties": { "OBJECTID": 2436, "StreetName1": "JUBILEE AVE", "StreetName2": "OAK BAY AVE", "Intersection": "JUBILEE AVE & OAK BAY AVE", "Jurisdiction": "COV", "POINT_X": 475466.5691, "POINT_Y": 5363754.9586999994 }, "geometry": { "type": "MultiPoint", "coordinates": [ [ -123.331644010258131, 48.426470949383067 ] ] } },
{ "type": "Feature", "properties": { "OBJECTID": 2437, "StreetName1": "BEVERLEY PL", "StreetName2": "OAK BAY AVE", "Intersection": "BEVERLEY PL & OAK BAY AVE", "Jurisdiction": "COV", "POINT_X": 475490.99710000027, "POINT_Y": 5363754.6124000009 }, "geometry": { "type": "MultiPoint", "coordinates": [ [ -123.33131379204039, 48.426468785099289 ] ] } },
{ "type": "Feature", "properties": { "OBJECTID": 2438, "StreetName1": "BANK ST", "StreetName2": "OAK BAY AVE", "Intersection": "BANK ST & OAK BAY AVE", "Jurisdiction": "COV", "POINT_X": 475658.51884999988, "POINT_Y": 5363752.8849000009 }, "geometry": { "type": "MultiPoint", "coordinates": [ [ -123.329193324061194, 48.426459994902622 ], [ -123.328905211381496, 48.42645948726058 ] ] } },
{ "type": "Feature", "properties": { "OBJECTID": 2439, "StreetName1": "CLARE ST", "StreetName2": "OAK BAY AVE", "Intersection": "CLARE ST & OAK BAY AVE", "Jurisdiction": "COV", "POINT_X": 475721.58619999979, "POINT_Y": 5363752.4467999991 }, "geometry": { "type": "MultiPoint", "coordinates": [ [ -123.328196748790788, 48.426458234371005 ] ] } },
{ "type": "Feature", "properties": { "OBJECTID": 2440, "StreetName1": "FELL ST", "StreetName2": "OAK BAY AVE", "Intersection": "FELL ST & OAK BAY AVE", "Jurisdiction": "COV", "POINT_X": 475769.73280000035, "POINT_Y": 5363752.1124000009 }, "geometry": { "type": "MultiPoint", "coordinates": [ [ -123.327545922539827, 48.426457080275654 ] ] } },
{ "type": "Feature", "properties": { "OBJECTID": 2441, "StreetName1": "CHAMBERLAIN ST", "StreetName2": "OAK BAY AVE", "Intersection": "CHAMBERLAIN ST & OAK BAY AVE", "Jurisdiction": "COV", "POINT_X": 475809.9104000004, "POINT_Y": 5363751.8328000009 }, "geometry": { "type": "MultiPoint", "coordinates": [ [ -123.327002817982006, 48.426456109450335 ] ] } },
{ "type": "Feature", "properties": { "OBJECTID": 2442, "StreetName1": "DAVIE ST", "StreetName2": "OAK BAY AVE", "Intersection": "DAVIE ST & OAK BAY AVE", "Jurisdiction": "COV", "POINT_X": 475883.46970000013, "POINT_Y": 5363751.3226999994 }, "geometry": { "type": "MultiPoint", "coordinates": [ [ -123.326185705097004, 48.426454657167334 ], [ -123.325831241343451, 48.426454025803523 ] ] } },
{ "type": "Feature", "properties": { "OBJECTID": 2443, "StreetName1": "AMPHION ST", "StreetName2": "OAK BAY AVE", "Intersection": "AMPHION ST & OAK BAY AVE", "Jurisdiction": "COV", "POINT_X": 476058.7371, "POINT_Y": 5363750.1075499998 }, "geometry": { "type": "MultiPoint", "coordinates": [ [ -123.3238143744979, 48.426450412849739 ], [ -123.323464185024335, 48.426449781059496 ] ] } },
{ "type": "Feature", "properties": { "OBJECTID": 2444, "StreetName1": "FOUL BAY RD", "StreetName2": "OAK BAY AVE", "Intersection": "FOUL BAY RD & OAK BAY AVE", "Jurisdiction": "COV", "POINT_X": 476124.346, "POINT_Y": 5363749.6526999995 }, "geometry": { "type": "MultiPoint", "coordinates": [ [ -123.32275240536373, 48.42644849587785 ] ] } },
{ "type": "Feature", "properties": { "OBJECTID": 2445, "StreetName1": "GOSWORTH RD", "StreetName2": "OAKLAND AVE", "Intersection": "GOSWORTH RD & OAKLAND AVE", "Jurisdiction": "COV", "POINT_X": 474619.68450000044, "POINT_Y": 5365816.1076999996 }, "geometry": { "type": "MultiPoint", "coordinates": [ [ -123.343216373946646, 48.444980187464537 ] ] } },
{ "type": "Feature", "properties": { "OBJECTID": 2446, "StreetName1": "DONCASTER DR", "StreetName2": "OAKLAND AVE", "Intersection": "DONCASTER DR & OAKLAND AVE", "Jurisdiction": "COV", "POINT_X": 474854.7882000003, "POINT_Y": 5365937.1654000003 }, "geometry": { "type": "MultiPoint", "coordinates": [ [ -123.340044550701521, 48.446078699496709 ] ] } },
{ "type": "Feature", "properties": { "OBJECTID": 2447, "StreetName1": "HEYWOOD AVE", "StreetName2": "OLIPHANT AVE", "Intersection": "HEYWOOD AVE & OLIPHANT AVE", "Jurisdiction": "COV", "POINT_X": 473319.99380000029, "POINT_Y": 5362369.7204 }, "geometry": { "type": "MultiPoint", "coordinates": [ [ -123.360571466229956, 48.413921581510998 ] ] } },
{ "type": "Feature", "properties": { "OBJECTID": 2448, "StreetName1": "COOK ST", "StreetName2": "OLIPHANT AVE", "Intersection": "COOK ST & OLIPHANT AVE", "Jurisdiction": "COV", "POINT_X": 473594.658, "POINT_Y": 5362355.6848000009 }, "geometry": { "type": "MultiPoint", "coordinates": [ [ -123.356858817855638, 48.413806883346851 ] ] } },
{ "type": "Feature", "properties": { "OBJECTID": 2449, "StreetName1": "GEORGE ST", "StreetName2": "OLIVE ST", "Intersection": "GEORGE ST & OLIVE ST", "Jurisdiction": "COV", "POINT_X": 474147.3158, "POINT_Y": 5361709.9378999993 }, "geometry": { "type": "MultiPoint", "coordinates": [ [ -123.349350510826127, 48.408020422408683 ] ] } },
{ "type": "Feature", "properties": { "OBJECTID": 2450, "StreetName1": "MAY ST", "StreetName2": "OLIVE ST", "Intersection": "MAY ST & OLIVE ST", "Jurisdiction": "COV", "POINT_X": 474207.79729999974, "POINT_Y": 5362070.9796999991 }, "geometry": { "type": "MultiPoint", "coordinates": [ [ -123.348555464649436, 48.41127096883028 ] ] } },
{ "type": "Feature", "properties": { "OBJECTID": 2451, "StreetName1": "DALLAS RD", "StreetName2": "OLYMPIA AVE", "Intersection": "DALLAS RD & OLYMPIA AVE", "Jurisdiction": "COV", "POINT_X": 472554.18460000027, "POINT_Y": 5361825.8911000006 }, "geometry": { "type": "MultiPoint", "coordinates": [ [ -123.370884886232318, 48.408996207105673 ] ] } },
{ "type": "Feature", "properties": { "OBJECTID": 2452, "StreetName1": "BATTERY ST", "StreetName2": "OLYMPIA AVE", "Intersection": "BATTERY ST & OLYMPIA AVE", "Jurisdiction": "COV", "POINT_X": 472596.3449, "POINT_Y": 5361975.8516000006 }, "geometry": { "type": "MultiPoint", "coordinates": [ [ -123.37032499050332, 48.410347139897326 ] ] } },
{ "type": "Feature", "properties": { "OBJECTID": 2453, "StreetName1": "DALLAS RD", "StreetName2": "ONTARIO ST", "Intersection": "DALLAS RD & ONTARIO ST", "Jurisdiction": "COV", "POINT_X": 471525.09179999959, "POINT_Y": 5363230.4321999997 }, "geometry": { "type": "MultiPoint", "coordinates": [ [ -123.384885849375479, 48.421586262705361 ] ] } },
{ "type": "Feature", "properties": { "OBJECTID": 2454, "StreetName1": "MONTREAL ST", "StreetName2": "ONTARIO ST", "Intersection": "MONTREAL ST & ONTARIO ST", "Jurisdiction": "COV", "POINT_X": 471824.1512000002, "POINT_Y": 5363012.9451000001 }, "geometry": { "type": "MultiPoint", "coordinates": [ [ -123.380829200088883, 48.419643126237347 ] ] } },
{ "type": "Feature", "properties": { "OBJECTID": 2455, "StreetName1": "DENMAN ST", "StreetName2": "OREGON AVE", "Intersection": "DENMAN ST & OREGON AVE", "Jurisdiction": "COV", "POINT_X": 474626.16089999955, "POINT_Y": 5364458.8663 }, "geometry": { "type": "MultiPoint", "coordinates": [ [ -123.343046579138871, 48.432770248856791 ] ] } },
{ "type": "Feature", "properties": { "OBJECTID": 2456, "StreetName1": "BAY ST", "StreetName2": "OREGON AVE", "Intersection": "BAY ST & OREGON AVE", "Jurisdiction": "COV", "POINT_X": 474633.9051000001, "POINT_Y": 5364640.8637000006 }, "geometry": { "type": "MultiPoint", "coordinates": [ [ -123.342952905158739, 48.4344078722078 ] ] } },
{ "type": "Feature", "properties": { "OBJECTID": 2457, "StreetName1": "FORT ST", "StreetName2": "ORMOND ST", "Intersection": "FORT ST & ORMOND ST", "Jurisdiction": "COV", "POINT_X": 474120.99239999987, "POINT_Y": 5363369.2161999997 }, "geometry": { "type": "MultiPoint", "coordinates": [ [ -123.349808587315437, 48.422946817619462 ] ] } },
{ "type": "Feature", "properties": { "OBJECTID": 2458, "StreetName1": "COOK ST", "StreetName2": "OSCAR ST", "Intersection": "COOK ST & OSCAR ST", "Jurisdiction": "COV", "POINT_X": 473661.47790000029, "POINT_Y": 5362588.0581 }, "geometry": { "type": "MultiPoint", "coordinates": [ [ -123.355970420019375, 48.415900194445818 ] ] } },
{ "type": "Feature", "properties": { "OBJECTID": 2459, "StreetName1": "CHESTER AVE", "StreetName2": "OSCAR ST", "Intersection": "CHESTER AVE & OSCAR ST", "Jurisdiction": "COV", "POINT_X": 473797.65755000047, "POINT_Y": 5362566.3903000001 }, "geometry": { "type": "MultiPoint", "coordinates": [ [ -123.354577173079079, 48.415754954466969 ], [ -123.353680199395214, 48.415666927117044 ] ] } },
{ "type": "Feature", "properties": { "OBJECTID": 2460, "StreetName1": "LINDEN AVE", "StreetName2": "OSCAR ST", "Intersection": "LINDEN AVE & OSCAR ST", "Jurisdiction": "COV", "POINT_X": 473921.93740000017, "POINT_Y": 5362546.0315000005 }, "geometry": { "type": "MultiPoint", "coordinates": [ [ -123.352447863587045, 48.415532943150886 ] ] } },
{ "type": "Feature", "properties": { "OBJECTID": 2461, "StreetName1": "CEDAR HILL RD", "StreetName2": "OSWALD RD", "Intersection": "CEDAR HILL RD & OSWALD RD", "Jurisdiction": "COV", "POINT_X": 474447.4984, "POINT_Y": 5365942.3147999998 }, "geometry": { "type": "MultiPoint", "coordinates": [ [ -123.345552390975797, 48.446108619972108 ] ] } },
{ "type": "Feature", "properties": { "OBJECTID": 2462, "StreetName1": "DALLAS RD", "StreetName2": "OSWEGO ST", "Intersection": "DALLAS RD & OSWEGO ST", "Jurisdiction": "COV", "POINT_X": 471721.21040000021, "POINT_Y": 5362407.3496000003 }, "geometry": { "type": "MultiPoint", "coordinates": [ [ -123.382179639502453, 48.414190375382972 ] ] } },
{ "type": "Feature", "properties": { "OBJECTID": 2463, "StreetName1": "NIAGARA ST", "StreetName2": "OSWEGO ST", "Intersection": "NIAGARA ST & OSWEGO ST", "Jurisdiction": "COV", "POINT_X": 471868.95220000017, "POINT_Y": 5362610.7208999991 }, "geometry": { "type": "MultiPoint", "coordinates": [ [ -123.380196717820198, 48.41602658601257 ] ] } },
{ "type": "Feature", "properties": { "OBJECTID": 2464, "StreetName1": "BECKLEY AVE", "StreetName2": "OSWEGO ST", "Intersection": "BECKLEY AVE & OSWEGO ST", "Jurisdiction": "COV", "POINT_X": 471896.5641000001, "POINT_Y": 5362648.1546 }, "geometry": { "type": "MultiPoint", "coordinates": [ [ -123.379826069400366, 48.41636458446748 ] ] } },
{ "type": "Feature", "properties": { "OBJECTID": 2465, "StreetName1": "ONTARIO ST", "StreetName2": "OSWEGO ST", "Intersection": "ONTARIO ST & OSWEGO ST", "Jurisdiction": "COV", "POINT_X": 472045.8723, "POINT_Y": 5362851.5156999994 }, "geometry": { "type": "MultiPoint", "coordinates": [ [ -123.37782180816194, 48.41820073202998 ] ] } },
{ "type": "Feature", "properties": { "OBJECTID": 2466, "StreetName1": "MICHIGAN ST", "StreetName2": "OSWEGO ST", "Intersection": "MICHIGAN ST & OSWEGO ST", "Jurisdiction": "COV", "POINT_X": 472100.7303, "POINT_Y": 5362926.861 }, "geometry": { "type": "MultiPoint", "coordinates": [ [ -123.377085419022393, 48.418880995492884 ] ] } },
{ "type": "Feature", "properties": { "OBJECTID": 2467, "StreetName1": "KINGSTON ST", "StreetName2": "OSWEGO ST", "Intersection": "KINGSTON ST & OSWEGO ST", "Jurisdiction": "COV", "POINT_X": 472211.06269999966, "POINT_Y": 5363078.3743999992 }, "geometry": { "type": "MultiPoint", "coordinates": [ [ -123.375604305461138, 48.420248937567408 ] ] } },
{ "type": "Feature", "properties": { "OBJECTID": 2468, "StreetName1": "BELLEVILLE ST", "StreetName2": "OSWEGO ST", "Intersection": "BELLEVILLE ST & OSWEGO ST", "Jurisdiction": "COV", "POINT_X": 472318.91150000039, "POINT_Y": 5363229.1077999994 }, "geometry": { "type": "MultiPoint", "coordinates": [ [ -123.374156628968763, 48.421609734174005 ] ] } },
{ "type": "Feature", "properties": { "OBJECTID": 2469, "StreetName1": "COOK ST", "StreetName2": "OXFORD ST", "Intersection": "COOK ST & OXFORD ST", "Jurisdiction": "COV", "POINT_X": 473604.30389999971, "POINT_Y": 5362387.9882999994 }, "geometry": { "type": "MultiPoint", "coordinates": [ [ -123.356730498047725, 48.414097901519511 ] ] } },
{ "type": "Feature", "properties": { "OBJECTID": 2470, "StreetName1": "CHESTER AVE", "StreetName2": "OXFORD ST", "Intersection": "CHESTER AVE & OXFORD ST", "Jurisdiction": "COV", "POINT_X": 473794.91569999978, "POINT_Y": 5362354.8461000007 }, "geometry": { "type": "MultiPoint", "coordinates": [ [ -123.354152522567006, 48.413807699134509 ] ] } },
{ "type": "Feature", "properties": { "OBJECTID": 2471, "StreetName1": "LINDEN AVE", "StreetName2": "OXFORD ST", "Intersection": "LINDEN AVE & OXFORD ST", "Jurisdiction": "COV", "POINT_X": 473887.254, "POINT_Y": 5362338.7903000005 }, "geometry": { "type": "MultiPoint", "coordinates": [ [ -123.352903681249018, 48.413667089091049 ] ] } },
{ "type": "Feature", "properties": { "OBJECTID": 2472, "StreetName1": "HOWE ST", "StreetName2": "OXFORD ST", "Intersection": "HOWE ST & OXFORD ST", "Jurisdiction": "COV", "POINT_X": 474068.13949999958, "POINT_Y": 5362306.6242999993 }, "geometry": { "type": "MultiPoint", "coordinates": [ [ -123.35045724747151, 48.413385182856167 ] ] } },
{ "type": "Feature", "properties": { "OBJECTID": 2473, "StreetName1": "MOSS ST", "StreetName2": "OXFORD ST", "Intersection": "MOSS ST & OXFORD ST", "Jurisdiction": "COV", "POINT_X": 474151.96729999967, "POINT_Y": 5362291.7171999998 }, "geometry": { "type": "MultiPoint", "coordinates": [ [ -123.349323505277809, 48.413254517692508 ] ] } },
{ "type": "Feature", "properties": { "OBJECTID": 2474, "StreetName1": "DALLAS RD", "StreetName2": "PADDON AVE", "Intersection": "DALLAS RD & PADDON AVE", "Jurisdiction": "COV", "POINT_X": 472463.7752, "POINT_Y": 5361871.4661999997 }, "geometry": { "type": "MultiPoint", "coordinates": [ [ -123.37210953470948, 48.409402272642055 ] ] } },
{ "type": "Feature", "properties": { "OBJECTID": 2475, "StreetName1": "BATTERY ST", "StreetName2": "PADDON AVE", "Intersection": "BATTERY ST & PADDON AVE", "Jurisdiction": "COV", "POINT_X": 472546.0093, "POINT_Y": 5362013.0902999993 }, "geometry": { "type": "MultiPoint", "coordinates": [ [ -123.371007605501632, 48.410679961318181 ] ] } },
{ "type": "Feature", "properties": { "OBJECTID": 2476, "StreetName1": "COOK ST", "StreetName2": "PAKINGTON ST", "Intersection": "COOK ST & PAKINGTON ST", "Jurisdiction": "COV", "POINT_X": 473690.77610000037, "POINT_Y": 5362732.799000001 }, "geometry": { "type": "MultiPoint", "coordinates": [ [ -123.355583554117459, 48.417203559765625 ] ] } },
{ "type": "Feature", "properties": { "OBJECTID": 2477, "StreetName1": "JOHNSON ST", "StreetName2": "PANDORA AVE", "Intersection": "JOHNSON ST & PANDORA AVE", "Jurisdiction": "COV", "POINT_X": 472545.01460000034, "POINT_Y": 5363954.8807999995 }, "geometry": { "type": "MultiPoint", "coordinates": [ [ -123.371148190756784, 48.428148923984779 ] ] } },
{ "type": "Feature", "properties": { "OBJECTID": 2478, "StreetName1": "FAN TAN ALLEY", "StreetName2": "PANDORA AVE", "Intersection": "FAN TAN ALLEY & PANDORA AVE", "Jurisdiction": "COV", "POINT_X": 472785.33860000037, "POINT_Y": 5363995.6678 }, "geometry": { "type": "MultiPoint", "coordinates": [ [ -123.367902239613485, 48.428526289034259 ] ] } },
{ "type": "Feature", "properties": { "OBJECTID": 2479, "StreetName1": "GOVERNMENT ST", "StreetName2": "PANDORA AVE", "Intersection": "GOVERNMENT ST & PANDORA AVE", "Jurisdiction": "COV", "POINT_X": 472848.1338, "POINT_Y": 5363996.7591999993 }, "geometry": { "type": "MultiPoint", "coordinates": [ [ -123.367053464557301, 48.428538818317222 ] ] } },
{ "type": "Feature", "properties": { "OBJECTID": 2481, "StreetName1": "BROAD ST", "StreetName2": "PANDORA AVE", "Intersection": "BROAD ST & PANDORA AVE", "Jurisdiction": "COV", "POINT_X": 472940.02390000038, "POINT_Y": 5363955.2928999998 }, "geometry": { "type": "MultiPoint", "coordinates": [ [ -123.365808645254219, 48.428169729127973 ] ] } },
{ "type": "Feature", "properties": { "OBJECTID": 2482, "StreetName1": "DOUGLAS ST", "StreetName2": "PANDORA AVE", "Intersection": "DOUGLAS ST & PANDORA AVE", "Jurisdiction": "COV", "POINT_X": 473036.66249999963, "POINT_Y": 5363939.5163000003 }, "geometry": { "type": "MultiPoint", "coordinates": [ [ -123.364501308833155, 48.428031942820418 ] ] } },
{ "type": "Feature", "properties": { "OBJECTID": 2483, "StreetName1": "BLANSHARD ST", "StreetName2": "PANDORA AVE", "Intersection": "BLANSHARD ST & PANDORA AVE", "Jurisdiction": "COV", "POINT_X": 473246.08519999962, "POINT_Y": 5363905.5414000005 }, "geometry": { "type": "MultiPoint", "coordinates": [ [ -123.361668255735509, 48.427735225295436 ] ] } },
{ "type": "Feature", "properties": { "OBJECTID": 2484, "StreetName1": "AMELIA ST", "StreetName2": "PANDORA AVE", "Intersection": "AMELIA ST & PANDORA AVE", "Jurisdiction": "COV", "POINT_X": 473334.79310000036, "POINT_Y": 5363892.3573000003 }, "geometry": { "type": "MultiPoint", "coordinates": [ [ -123.360468309173967, 48.427620379126694 ] ] } },
{ "type": "Feature", "properties": { "OBJECTID": 2485, "StreetName1": "COOK ST", "StreetName2": "PANDORA AVE", "Intersection": "COOK ST & PANDORA AVE", "Jurisdiction": "COV", "POINT_X": 473865.01484999969, "POINT_Y": 5363807.5764000006 }, "geometry": { "type": "MultiPoint", "coordinates": [ [ -123.353318900972766, 48.426574658159439 ], [ -123.353313255211987, 48.426808163515474 ], [ -123.353272637351495, 48.42718511984085 ] ] } },
{ "type": "Feature", "properties": { "OBJECTID": 2486, "StreetName1": "CHAMBERS ST", "StreetName2": "PANDORA AVE", "Intersection": "CHAMBERS ST & PANDORA AVE", "Jurisdiction": "COV", "POINT_X": 474076.2051500004, "POINT_Y": 5363794.5271000005 }, "geometry": { "type": "MultiPoint", "coordinates": [ [ -123.350514047575402, 48.426496407619581 ], [ -123.350366442191884, 48.427046036301476 ] ] } },
{ "type": "Feature", "properties": { "OBJECTID": 2487, "StreetName1": "CAMOSUN ST", "StreetName2": "PANDORA AVE", "Intersection": "CAMOSUN ST & PANDORA AVE", "Jurisdiction": "COV", "POINT_X": 474320.71040000021, "POINT_Y": 5363810.1097 }, "geometry": { "type": "MultiPoint", "coordinates": [ [ -123.347136161735492, 48.426921426048018 ] ] } },
{ "type": "Feature", "properties": { "OBJECTID": 2488, "StreetName1": "FERNWOOD RD", "StreetName2": "PANDORA AVE", "Intersection": "FERNWOOD RD & PANDORA AVE", "Jurisdiction": "COV", "POINT_X": 474451.31130000018, "POINT_Y": 5363800.5627999995 }, "geometry": { "type": "MultiPoint", "coordinates": [ [ -123.345370209358947, 48.426840850694148 ] ] } },
{ "type": "Feature", "properties": { "OBJECTID": 2489, "StreetName1": "HARRISON ST", "StreetName2": "PANDORA AVE", "Intersection": "HARRISON ST & PANDORA AVE", "Jurisdiction": "COV", "POINT_X": 474573.86, "POINT_Y": 5363794.9421999995 }, "geometry": { "type": "MultiPoint", "coordinates": [ [ -123.343713344220191, 48.42679524555988 ] ] } },
{ "type": "Feature", "properties": { "OBJECTID": 2490, "StreetName1": "BEGBIE ST", "StreetName2": "PANDORA AVE", "Intersection": "BEGBIE ST & PANDORA AVE", "Jurisdiction": "COV", "POINT_X": 474610.53469999973, "POINT_Y": 5363793.6693999991 }, "geometry": { "type": "MultiPoint", "coordinates": [ [ -123.343217525609717, 48.426785274654563 ] ] } },
{ "type": "Feature", "properties": { "OBJECTID": 2491, "StreetName1": "BEGBIE ST", "StreetName2": "PANDORA AVE", "Intersection": "BEGBIE ST & PANDORA AVE", "Jurisdiction": "COV", "POINT_X": 474651.02720000036, "POINT_Y": 5363792.2641000003 }, "geometry": { "type": "MultiPoint", "coordinates": [ [ -123.342670092984207, 48.426774263280855 ] ] } },
{ "type": "Feature", "properties": { "OBJECTID": 2492, "StreetName1": "JOHNSON ST", "StreetName2": "PANDORA AVE", "Intersection": "JOHNSON ST & PANDORA AVE", "Jurisdiction": "COV", "POINT_X": 474697.81070000026, "POINT_Y": 5363785.254000001 }, "geometry": { "type": "MultiPoint", "coordinates": [ [ -123.342037285181888, 48.426713079314545 ] ] } },
{ "type": "Feature", "properties": { "OBJECTID": 2493, "StreetName1": "ELFORD ST", "StreetName2": "PANDORA AVE", "Intersection": "ELFORD ST & PANDORA AVE", "Jurisdiction": "COV", "POINT_X": 474754.15539999958, "POINT_Y": 5363779.4657000005 }, "geometry": { "type": "MultiPoint", "coordinates": [ [ -123.341275311569547, 48.426663266975254 ] ] } },
{ "type": "Feature", "properties": { "OBJECTID": 2494, "StreetName1": "BELMONT AVE", "StreetName2": "PANDORA AVE", "Intersection": "BELMONT AVE & PANDORA AVE", "Jurisdiction": "COV", "POINT_X": 474984.42459999956, "POINT_Y": 5363765.2182999998 }, "geometry": { "type": "MultiPoint", "coordinates": [ [ -123.338161858857944, 48.426544281183929 ] ] } },
{ "type": "Feature", "properties": { "OBJECTID": 2495, "StreetName1": "FORT ST", "StreetName2": "PANDORA AVE", "Intersection": "FORT ST & PANDORA AVE", "Jurisdiction": "COV", "POINT_X": 475074.36330000032, "POINT_Y": 5363763.7492999993 }, "geometry": { "type": "MultiPoint", "coordinates": [ [ -123.336946051788814, 48.426534631675452 ] ] } },
{ "type": "Feature", "properties": { "OBJECTID": 2496, "StreetName1": "HEYWOOD AVE", "StreetName2": "PARK BLVD", "Intersection": "HEYWOOD AVE & PARK BLVD", "Jurisdiction": "COV", "POINT_X": 473317.2368000001, "POINT_Y": 5362251.424000001 }, "geometry": { "type": "MultiPoint", "coordinates": [ [ -123.360601198404211, 48.412857227850068 ] ] } },
{ "type": "Feature", "properties": { "OBJECTID": 2497, "StreetName1": "NURSERY RD", "StreetName2": "PARK BLVD", "Intersection": "NURSERY RD & PARK BLVD", "Jurisdiction": "COV", "POINT_X": 473517.51960000023, "POINT_Y": 5362246.7335000001 }, "geometry": { "type": "MultiPoint", "coordinates": [ [ -123.357894371683955, 48.412823480397712 ] ] } },
{ "type": "Feature", "properties": { "OBJECTID": 2498, "StreetName1": "COOK ST", "StreetName2": "PARK BLVD", "Intersection": "COOK ST & PARK BLVD", "Jurisdiction": "COV", "POINT_X": 473562.54509999976, "POINT_Y": 5362248.1396999992 }, "geometry": { "type": "MultiPoint", "coordinates": [ [ -123.357286006536441, 48.412838021955118 ] ] } },
{ "type": "Feature", "properties": { "OBJECTID": 2499, "StreetName1": "MICHIGAN ST", "StreetName2": "PARRY ST", "Intersection": "MICHIGAN ST & PARRY ST", "Jurisdiction": "COV", "POINT_X": 472509.47439999972, "POINT_Y": 5362715.3370999992 }, "geometry": { "type": "MultiPoint", "coordinates": [ [ -123.371547326680087, 48.416996024697497 ] ] } },
{ "type": "Feature", "properties": { "OBJECTID": 2500, "StreetName1": "HOLLYWOOD CRES", "StreetName2": "PASSMORE ST", "Intersection": "HOLLYWOOD CRES & PASSMORE ST", "Jurisdiction": "COV", "POINT_X": 475200.25939999986, "POINT_Y": 5361878.1974 }, "geometry": { "type": "MultiPoint", "coordinates": [ [ -123.335132775108377, 48.409576467897288 ] ] } },
{ "type": "Feature", "properties": { "OBJECTID": 2501, "StreetName1": "KIMTA RD", "StreetName2": "PAUL KANE PL", "Intersection": "KIMTA RD & PAUL KANE PL", "Jurisdiction": "COV", "POINT_X": 471850.4216, "POINT_Y": 5363903.0404000003 }, "geometry": { "type": "MultiPoint", "coordinates": [ [ -123.380533917119351, 48.427651885427061 ] ] } },
{ "type": "Feature", "properties": { "OBJECTID": 2502, "StreetName1": "BELMONT AVE", "StreetName2": "PEARL ST", "Intersection": "BELMONT AVE & PEARL ST", "Jurisdiction": "COV", "POINT_X": 474933.52570000011, "POINT_Y": 5365487.0259000007 }, "geometry": { "type": "MultiPoint", "coordinates": [ [ -123.338952885667709, 48.442032236267856 ] ] } },
{ "type": "Feature", "properties": { "OBJECTID": 2503, "StreetName1": "DONCASTER DR", "StreetName2": "PEARL ST", "Intersection": "DONCASTER DR & PEARL ST", "Jurisdiction": "COV", "POINT_X": 475090.1201, "POINT_Y": 5365482.4999000002 }, "geometry": { "type": "MultiPoint", "coordinates": [ [ -123.33683525467201, 48.441997735679394 ] ] } },
{ "type": "Feature", "properties": { "OBJECTID": 2504, "StreetName1": "FORT ST", "StreetName2": "PEMBERTON RD", "Intersection": "FORT ST & PEMBERTON RD", "Jurisdiction": "COV", "POINT_X": 474692.40490000043, "POINT_Y": 5363568.4748999998 }, "geometry": { "type": "MultiPoint", "coordinates": [ [ -123.342097268114614, 48.424762639789265 ] ] } },
{ "type": "Feature", "properties": { "OBJECTID": 2505, "StreetName1": "CARBERRY GDNS", "StreetName2": "PEMBERTON RD", "Intersection": "CARBERRY GDNS & PEMBERTON RD", "Jurisdiction": "COV", "POINT_X": 474763.76939999964, "POINT_Y": 5363453.372 }, "geometry": { "type": "MultiPoint", "coordinates": [ [ -123.341125724314793, 48.423729996189408 ] ] } },
{ "type": "Feature", "properties": { "OBJECTID": 2506, "StreetName1": "ANGUS RD", "StreetName2": "PEMBERTON RD", "Intersection": "ANGUS RD & PEMBERTON RD", "Jurisdiction": "COV", "POINT_X": 474805.0044, "POINT_Y": 5363216.2307999991 }, "geometry": { "type": "MultiPoint", "coordinates": [ [ -123.340554121515439, 48.421598238540135 ] ] } },
{ "type": "Feature", "properties": { "OBJECTID": 2507, "StreetName1": "GOVERNMENT ST", "StreetName2": "PEMBROKE ST", "Intersection": "GOVERNMENT ST & PEMBROKE ST", "Jurisdiction": "COV", "POINT_X": 472837.92190000042, "POINT_Y": 5364462.485 }, "geometry": { "type": "MultiPoint", "coordinates": [ [ -123.367221693690112, 48.432728198818367 ] ] } },
{ "type": "Feature", "properties": { "OBJECTID": 2508, "StreetName1": "DOUGLAS ST", "StreetName2": "PEMBROKE ST", "Intersection": "DOUGLAS ST & PEMBROKE ST", "Jurisdiction": "COV", "POINT_X": 473031.57060000021, "POINT_Y": 5364466.2139 }, "geometry": { "type": "MultiPoint", "coordinates": [ [ -123.364604035044238, 48.432770069409713 ] ] } },
{ "type": "Feature", "properties": { "OBJECTID": 2509, "StreetName1": "BLANSHARD ST", "StreetName2": "PEMBROKE ST", "Intersection": "BLANSHARD ST & PEMBROKE ST", "Jurisdiction": "COV", "POINT_X": 473226.57010000024, "POINT_Y": 5364436.6204499993 }, "geometry": { "type": "MultiPoint", "coordinates": [ [ -123.362257033553448, 48.432817487361781 ], [ -123.36178077478651, 48.432472615669219 ], [ -123.361674932493912, 48.432206830141652 ] ] } },
{ "type": "Feature", "properties": { "OBJECTID": 2510, "StreetName1": "DOWLER PL", "StreetName2": "PEMBROKE ST", "Intersection": "DOWLER PL & PEMBROKE ST", "Jurisdiction": "COV", "POINT_X": 473266.0887000002, "POINT_Y": 5364430.1144999992 }, "geometry": { "type": "MultiPoint", "coordinates": [ [ -123.361431324049306, 48.432455308650368 ] ] } },
{ "type": "Feature", "properties": { "OBJECTID": 2511, "StreetName1": "COOK ST", "StreetName2": "PEMBROKE ST", "Intersection": "COOK ST & PEMBROKE ST", "Jurisdiction": "COV", "POINT_X": 473912.27979999967, "POINT_Y": 5364367.3223000001 }, "geometry": { "type": "MultiPoint", "coordinates": [ [ -123.352691720942559, 48.431917514176547 ] ] } },
{ "type": "Feature", "properties": { "OBJECTID": 2512, "StreetName1": "CAMERON ST", "StreetName2": "PEMBROKE ST", "Intersection": "CAMERON ST & PEMBROKE ST", "Jurisdiction": "COV", "POINT_X": 474049.00779999979, "POINT_Y": 5364353.2926000003 }, "geometry": { "type": "MultiPoint", "coordinates": [ [ -123.350842479713549, 48.431796948355064 ] ] } },
{ "type": "Feature", "properties": { "OBJECTID": 2513, "StreetName1": "CHAMBERS ST", "StreetName2": "PEMBROKE ST", "Intersection": "CHAMBERS ST & PEMBROKE ST", "Jurisdiction": "COV", "POINT_X": 474130.39659999963, "POINT_Y": 5364344.9411999993 }, "geometry": { "type": "MultiPoint", "coordinates": [ [ -123.349741703226954, 48.431725165500509 ] ] } },
{ "type": "Feature", "properties": { "OBJECTID": 2514, "StreetName1": "FERNWOOD RD", "StreetName2": "PEMBROKE ST", "Intersection": "FERNWOOD RD & PEMBROKE ST", "Jurisdiction": "COV", "POINT_X": 474471.2604, "POINT_Y": 5364304.0163000003 }, "geometry": { "type": "MultiPoint", "coordinates": [ [ -123.345131220470165, 48.431370903337402 ] ] } },
{ "type": "Feature", "properties": { "OBJECTID": 2515, "StreetName1": "OREGON AVE", "StreetName2": "PEMBROKE ST", "Intersection": "OREGON AVE & PEMBROKE ST", "Jurisdiction": "COV", "POINT_X": 474620.0197000001, "POINT_Y": 5364298.6493999995 }, "geometry": { "type": "MultiPoint", "coordinates": [ [ -123.343119896572034, 48.431328634549381 ] ] } },
{ "type": "Feature", "properties": { "OBJECTID": 2516, "StreetName1": "BELMONT AVE", "StreetName2": "PEMBROKE ST", "Intersection": "BELMONT AVE & PEMBROKE ST", "Jurisdiction": "COV", "POINT_X": 474892.43415000004, "POINT_Y": 5364286.6741500003 }, "geometry": { "type": "MultiPoint", "coordinates": [ [ -123.339810965227741, 48.431239950128969 ], [ -123.339062140820275, 48.431223693533994 ] ] } },
{ "type": "Feature", "properties": { "OBJECTID": 2517, "StreetName1": "FORBES ST", "StreetName2": "PEMBROKE ST", "Intersection": "FORBES ST & PEMBROKE ST", "Jurisdiction": "COV", "POINT_X": 474965.10369999986, "POINT_Y": 5364283.981000001 }, "geometry": { "type": "MultiPoint", "coordinates": [ [ -123.33845401277425, 48.431210487408173 ] ] } },
{ "type": "Feature", "properties": { "OBJECTID": 2518, "StreetName1": "LYDIA ST", "StreetName2": "PEMBROKE ST", "Intersection": "LYDIA ST & PEMBROKE ST", "Jurisdiction": "COV", "POINT_X": 475265.99959999975, "POINT_Y": 5364271.8585000001 }, "geometry": { "type": "MultiPoint", "coordinates": [ [ -123.334385652931772, 48.431113320634125 ] ] } },
{ "type": "Feature", "properties": { "OBJECTID": 2519, "StreetName1": "BEGBIE ST", "StreetName2": "PEMBROKE ST", "Intersection": "BEGBIE ST & PEMBROKE ST", "Jurisdiction": "COV", "POINT_X": 475426.37195000029, "POINT_Y": 5364239.4935000008 }, "geometry": { "type": "MultiPoint", "coordinates": [ [ -123.332520566053518, 48.430705108761302 ], [ -123.331910980298716, 48.430951755878823 ] ] } },
{ "type": "Feature", "properties": { "OBJECTID": 2520, "StreetName1": "BIRCH ST", "StreetName2": "PEMBROKE ST", "Intersection": "BIRCH ST & PEMBROKE ST", "Jurisdiction": "COV", "POINT_X": 475485.82980000041, "POINT_Y": 5364249.1842999998 }, "geometry": { "type": "MultiPoint", "coordinates": [ [ -123.331412568961355, 48.430917932259675 ] ] } },
{ "type": "Feature", "properties": { "OBJECTID": 2521, "StreetName1": "HEYWOOD AVE", "StreetName2": "PENDERGAST ST", "Intersection": "HEYWOOD AVE & PENDERGAST ST", "Jurisdiction": "COV", "POINT_X": 473324.8666000003, "POINT_Y": 5362578.8092999998 }, "geometry": { "type": "MultiPoint", "coordinates": [ [ -123.360518914549644, 48.415802826220975 ] ] } },
{ "type": "Feature", "properties": { "OBJECTID": 2522, "StreetName1": "COOK ST", "StreetName2": "PENDERGAST ST", "Intersection": "COOK ST & PENDERGAST ST", "Jurisdiction": "COV", "POINT_X": 473647.04970000032, "POINT_Y": 5362537.5694999993 }, "geometry": { "type": "MultiPoint", "coordinates": [ [ -123.356162235295557, 48.415445377456109 ] ] } },
{ "type": "Feature", "properties": { "OBJECTID": 2523, "StreetName1": "KINGSTON ST", "StreetName2": "PENDRAY ST", "Intersection": "KINGSTON ST & PENDRAY ST", "Jurisdiction": "COV", "POINT_X": 472092.96079999954, "POINT_Y": 5363165.4441 }, "geometry": { "type": "MultiPoint", "coordinates": [ [ -123.377206304232431, 48.421027024136926 ] ] } },
{ "type": "Feature", "properties": { "OBJECTID": 2524, "StreetName1": "CROSS ST", "StreetName2": "PENDRAY ST", "Intersection": "CROSS ST & PENDRAY ST", "Jurisdiction": "COV", "POINT_X": 472157.706, "POINT_Y": 5363246.7888999991 }, "geometry": { "type": "MultiPoint", "coordinates": [ [ -123.376336630635109, 48.421761694057885 ] ] } },
{ "type": "Feature", "properties": { "OBJECTID": 2525, "StreetName1": "BELLEVILLE ST", "StreetName2": "PENDRAY ST", "Intersection": "BELLEVILLE ST & PENDRAY ST", "Jurisdiction": "COV", "POINT_X": 472237.42059999984, "POINT_Y": 5363293.7707000002 }, "geometry": { "type": "MultiPoint", "coordinates": [ [ -123.375262328893626, 48.422187876473167 ] ] } },
{ "type": "Feature", "properties": { "OBJECTID": 2526, "StreetName1": "LANGHAM CRT", "StreetName2": "PENTRELEW PL", "Intersection": "LANGHAM CRT & PENTRELEW PL", "Jurisdiction": "COV", "POINT_X": 474136.23039999977, "POINT_Y": 5363159.8981999997 }, "geometry": { "type": "MultiPoint", "coordinates": [ [ -123.349589713792227, 48.421064344209888 ] ] } },
{ "type": "Feature", "properties": { "OBJECTID": 2527, "StreetName1": "FORT ST", "StreetName2": "PENTRELEW PL", "Intersection": "FORT ST & PENTRELEW PL", "Jurisdiction": "COV", "POINT_X": 474223.87949999981, "POINT_Y": 5363381.6015000008 }, "geometry": { "type": "MultiPoint", "coordinates": [ [ -123.348418702789019, 48.423062459216013 ] ] } },
{ "type": "Feature", "properties": { "OBJECTID": 2528, "StreetName1": "HUMBOLDT ST", "StreetName2": "PENWILL ST", "Intersection": "HUMBOLDT ST & PENWILL ST", "Jurisdiction": "COV", "POINT_X": 472978.46630000044, "POINT_Y": 5363213.6264999993 }, "geometry": { "type": "MultiPoint", "coordinates": [ [ -123.36524118639953, 48.421499099301073 ] ] } },
{ "type": "Feature", "properties": { "OBJECTID": 2529, "StreetName1": "FAIRFIELD RD", "StreetName2": "PENWILL ST", "Intersection": "FAIRFIELD RD & PENWILL ST", "Jurisdiction": "COV", "POINT_X": 473045.69039999973, "POINT_Y": 5363261.4965000004 }, "geometry": { "type": "MultiPoint", "coordinates": [ [ -123.364335674790297, 48.421932634525078 ] ] } },
{ "type": "Feature", "properties": { "OBJECTID": 2530, "StreetName1": "DALLAS RD", "StreetName2": "PILOT ST", "Intersection": "DALLAS RD & PILOT ST", "Jurisdiction": "COV", "POINT_X": 471662.43429999985, "POINT_Y": 5362462.7491999995 }, "geometry": { "type": "MultiPoint", "coordinates": [ [ -123.382977674562824, 48.414686127863831 ] ] } },
{ "type": "Feature", "properties": { "OBJECTID": 2531, "StreetName1": "NIAGARA ST", "StreetName2": "PILOT ST", "Intersection": "NIAGARA ST & PILOT ST", "Jurisdiction": "COV", "POINT_X": 471802.393, "POINT_Y": 5362658.2087999992 }, "geometry": { "type": "MultiPoint", "coordinates": [ [ -123.38109941512208, 48.41645082745459 ] ] } },
{ "type": "Feature", "properties": { "OBJECTID": 2532, "StreetName1": "DOMINION RD", "StreetName2": "PINE ST", "Intersection": "DOMINION RD & PINE ST", "Jurisdiction": "COV", "POINT_X": 470867.3842000002, "POINT_Y": 5364837.1974999998 }, "geometry": { "type": "MultiPoint", "coordinates": [ [ -123.393886991107607, 48.436011129870067 ] ] } },
{ "type": "Feature", "properties": { "OBJECTID": 2533, "StreetName1": "MCCASKILL ST", "StreetName2": "PINE ST", "Intersection": "MCCASKILL ST & PINE ST", "Jurisdiction": "COV", "POINT_X": 470984.18269999977, "POINT_Y": 5364875.3268 }, "geometry": { "type": "MultiPoint", "coordinates": [ [ -123.392310559435501, 48.436359546112357 ] ] } },
{ "type": "Feature", "properties": { "OBJECTID": 2534, "StreetName1": "CRAIGFLOWER RD", "StreetName2": "PINE ST", "Intersection": "CRAIGFLOWER RD & PINE ST", "Jurisdiction": "COV", "POINT_X": 471255.19479999971, "POINT_Y": 5364960.1278000008 }, "geometry": { "type": "MultiPoint", "coordinates": [ [ -123.388652368284951, 48.437134873352534 ] ] } },
{ "type": "Feature", "properties": { "OBJECTID": 2535, "StreetName1": "HILLSIDE AVE", "StreetName2": "PLEASANT ST", "Intersection": "HILLSIDE AVE & PLEASANT ST", "Jurisdiction": "COV", "POINT_X": 472134.58469999954, "POINT_Y": 5364871.5125999991 }, "geometry": { "type": "MultiPoint", "coordinates": [ [ -123.376757165739278, 48.436377203107007 ] ] } },
{ "type": "Feature", "properties": { "OBJECTID": 2536, "StreetName1": "JOHN ST", "StreetName2": "PLEASANT ST", "Intersection": "JOHN ST & PLEASANT ST", "Jurisdiction": "COV", "POINT_X": 472146.42360000033, "POINT_Y": 5364780.317 }, "geometry": { "type": "MultiPoint", "coordinates": [ [ -123.376591043275297, 48.435557303350521 ] ] } },
{ "type": "Feature", "properties": { "OBJECTID": 2537, "StreetName1": "BAY ST", "StreetName2": "PLEASANT ST", "Intersection": "BAY ST & PLEASANT ST", "Jurisdiction": "COV", "POINT_X": 472159.87750000041, "POINT_Y": 5364687.3465 }, "geometry": { "type": "MultiPoint", "coordinates": [ [ -123.376402974587194, 48.434721507090224 ] ] } },
{ "type": "Feature", "properties": { "OBJECTID": 2538, "StreetName1": "MOSS ST", "StreetName2": "POINT ST", "Intersection": "MOSS ST & POINT ST", "Jurisdiction": "COV", "POINT_X": 474029.83980000019, "POINT_Y": 5361557.3311000001 }, "geometry": { "type": "MultiPoint", "coordinates": [ [ -123.350928433112358, 48.406642683537747 ] ] } },
{ "type": "Feature", "properties": { "OBJECTID": 2539, "StreetName1": "DOMINION RD", "StreetName2": "POWDERLY AVE", "Intersection": "DOMINION RD & POWDERLY AVE", "Jurisdiction": "COV", "POINT_X": 470887.70710000023, "POINT_Y": 5365006.4071999993 }, "geometry": { "type": "MultiPoint", "coordinates": [ [ -123.393623992424594, 48.437534329219936 ] ] } },
{ "type": "Feature", "properties": { "OBJECTID": 2540, "StreetName1": "MICHIGAN ST", "StreetName2": "POWELL ST", "Intersection": "MICHIGAN ST & POWELL ST", "Jurisdiction": "COV", "POINT_X": 472563.09549999982, "POINT_Y": 5362720.8367999997 }, "geometry": { "type": "MultiPoint", "coordinates": [ [ -123.370823017561904, 48.417047839494103 ] ] } },
{ "type": "Feature", "properties": { "OBJECTID": 2541, "StreetName1": "GOVERNMENT ST", "StreetName2": "PRINCESS AVE", "Intersection": "GOVERNMENT ST & PRINCESS AVE", "Jurisdiction": "COV", "POINT_X": 472835.88750000019, "POINT_Y": 5364555.0245999992 }, "geometry": { "type": "MultiPoint", "coordinates": [ [ -123.367255195927754, 48.433560627045864 ] ] } },
{ "type": "Feature", "properties": { "OBJECTID": 2542, "StreetName1": "DOUGLAS ST", "StreetName2": "PRINCESS AVE", "Intersection": "DOUGLAS ST & PRINCESS AVE", "Jurisdiction": "COV", "POINT_X": 473030.3569, "POINT_Y": 5364542.563 }, "geometry": { "type": "MultiPoint", "coordinates": [ [ -123.364625357303993, 48.433456878679173 ] ] } },
{ "type": "Feature", "properties": { "OBJECTID": 2543, "StreetName1": "DOWLER PL", "StreetName2": "PRINCESS AVE", "Intersection": "DOWLER PL & PRINCESS AVE", "Jurisdiction": "COV", "POINT_X": 473275.30740000028, "POINT_Y": 5364520.0338000003 }, "geometry": { "type": "MultiPoint", "coordinates": [ [ -123.361312434193806, 48.433264643511137 ] ] } },
{ "type": "Feature", "properties": { "OBJECTID": 2544, "StreetName1": "COOK ST", "StreetName2": "PRINCESS AVE", "Intersection": "COOK ST & PRINCESS AVE", "Jurisdiction": "COV", "POINT_X": 473920.87210000027, "POINT_Y": 5364460.1778999995 }, "geometry": { "type": "MultiPoint", "coordinates": [ [ -123.352581344398516, 48.432753230413326 ] ] } },
{ "type": "Feature", "properties": { "OBJECTID": 2545, "StreetName1": "CHAMBERS ST", "StreetName2": "PRINCESS AVE", "Intersection": "CHAMBERS ST & PRINCESS AVE", "Jurisdiction": "COV", "POINT_X": 474140.77460000012, "POINT_Y": 5364442.2627000008 }, "geometry": { "type": "MultiPoint", "coordinates": [ [ -123.349607413821289, 48.432601129146299 ] ] } },
{ "type": "Feature", "properties": { "OBJECTID": 2546, "StreetName1": "HILLSIDE AVE", "StreetName2": "PRIOR ST", "Intersection": "HILLSIDE AVE & PRIOR ST", "Jurisdiction": "COV", "POINT_X": 473733.16860000044, "POINT_Y": 5365260.0793999992 }, "geometry": { "type": "MultiPoint", "coordinates": [ [ -123.355169030868112, 48.43994160441715 ] ] } },
{ "type": "Feature", "properties": { "OBJECTID": 2547, "StreetName1": "KINGS RD", "StreetName2": "PRIOR ST", "Intersection": "KINGS RD & PRIOR ST", "Jurisdiction": "COV", "POINT_X": 473785.5208000001, "POINT_Y": 5365048.8092999998 }, "geometry": { "type": "MultiPoint", "coordinates": [ [ -123.35444796814447, 48.438043132339814 ] ] } },
{ "type": "Feature", "properties": { "OBJECTID": 2548, "StreetName1": "BAY ST", "StreetName2": "PRIOR ST", "Intersection": "BAY ST & PRIOR ST", "Jurisdiction": "COV", "POINT_X": 473858.30279999971, "POINT_Y": 5364715.2958000004 }, "geometry": { "type": "MultiPoint", "coordinates": [ [ -123.353443126095087, 48.435045761522304 ] ] } },
{ "type": "Feature", "properties": { "OBJECTID": 2549, "StreetName1": "MOSS ST", "StreetName2": "PURCELL PL", "Intersection": "MOSS ST & PURCELL PL", "Jurisdiction": "COV", "POINT_X": 474324.93319999985, "POINT_Y": 5363322.1033999994 }, "geometry": { "type": "MultiPoint", "coordinates": [ [ -123.347049190188059, 48.422531320538951 ] ] } },
{ "type": "Feature", "properties": { "OBJECTID": 2550, "StreetName1": "ACADEMY CLOSE", "StreetName2": "QUADRA ST", "Intersection": "ACADEMY CLOSE & QUADRA ST", "Jurisdiction": "COV", "POINT_X": 473203.8871, "POINT_Y": 5362807.7983999997 }, "geometry": { "type": "MultiPoint", "coordinates": [ [ -123.362168502077608, 48.417857758763489 ] ] } },
{ "type": "Feature", "properties": { "OBJECTID": 2551, "StreetName1": "CONVENT PL", "StreetName2": "QUADRA ST", "Intersection": "CONVENT PL & QUADRA ST", "Jurisdiction": "COV", "POINT_X": 473246.7187000001, "POINT_Y": 5362873.5298999995 }, "geometry": { "type": "MultiPoint", "coordinates": [ [ -123.361593832436782, 48.418450922842759 ] ] } },
{ "type": "Feature", "properties": { "OBJECTID": 2552, "StreetName1": "HUMBOLDT ST", "StreetName2": "QUADRA ST", "Intersection": "HUMBOLDT ST & QUADRA ST", "Jurisdiction": "COV", "POINT_X": 473266.81120000035, "POINT_Y": 5362925.09 }, "geometry": { "type": "MultiPoint", "coordinates": [ [ -123.361325568989812, 48.418915628553115 ] ] } },
{ "type": "Feature", "properties": { "OBJECTID": 2553, "StreetName1": "FINLAYSON ST", "StreetName2": "QUADRA ST", "Intersection": "FINLAYSON ST & QUADRA ST", "Jurisdiction": "COV", "POINT_X": 473293.6316, "POINT_Y": 5365967.2224000003 }, "geometry": { "type": "MultiPoint", "coordinates": [ [ -123.361156987850052, 48.446284788775884 ] ] } },
{ "type": "Feature", "properties": { "OBJECTID": 2554, "StreetName1": "FAIRFIELD RD", "StreetName2": "QUADRA ST", "Intersection": "FAIRFIELD RD & QUADRA ST", "Jurisdiction": "COV", "POINT_X": 473326.57959999982, "POINT_Y": 5363008.435000001 }, "geometry": { "type": "MultiPoint", "coordinates": [ [ -123.360523092126286, 48.419667962972667 ] ] } },
{ "type": "Feature", "properties": { "OBJECTID": 2555, "StreetName1": "BURDETT AVE", "StreetName2": "QUADRA ST", "Intersection": "BURDETT AVE & QUADRA ST", "Jurisdiction": "COV", "POINT_X": 473343.7285000002, "POINT_Y": 5363239.88 }, "geometry": { "type": "MultiPoint", "coordinates": [ [ -123.360306033462891, 48.421750848661567 ] ] } },
{ "type": "Feature", "properties": { "OBJECTID": 2556, "StreetName1": "COURTNEY ST", "StreetName2": "QUADRA ST", "Intersection": "COURTNEY ST & QUADRA ST", "Jurisdiction": "COV", "POINT_X": 473355.6632000003, "POINT_Y": 5363307.7734999992 }, "geometry": { "type": "MultiPoint", "coordinates": [ [ -123.360149040135099, 48.422362147047657 ] ] } },
{ "type": "Feature", "properties": { "OBJECTID": 2557, "StreetName1": "BROUGHTON ST", "StreetName2": "QUADRA ST", "Intersection": "BROUGHTON ST & QUADRA ST", "Jurisdiction": "COV", "POINT_X": 473372.27049999963, "POINT_Y": 5363400.7888999991 }, "geometry": { "type": "MultiPoint", "coordinates": [ [ -123.359930482856328, 48.42319964799362 ] ] } },
{ "type": "Feature", "properties": { "OBJECTID": 2558, "StreetName1": "MEARES ST", "StreetName2": "QUADRA ST", "Intersection": "MEARES ST & QUADRA ST", "Jurisdiction": "COV", "POINT_X": 473378.37739999965, "POINT_Y": 5363436.0945999995 }, "geometry": { "type": "MultiPoint", "coordinates": [ [ -123.359850182313238, 48.423517528378355 ] ] } },
{ "type": "Feature", "properties": { "OBJECTID": 2559, "StreetName1": "FORT ST", "StreetName2": "QUADRA ST", "Intersection": "FORT ST & QUADRA ST", "Jurisdiction": "COV", "POINT_X": 473388.0115, "POINT_Y": 5363491.7920999993 }, "geometry": { "type": "MultiPoint", "coordinates": [ [ -123.3597235000789, 48.424019009374348 ] ] } },
{ "type": "Feature", "properties": { "OBJECTID": 2560, "StreetName1": "MARKET ST", "StreetName2": "QUADRA ST", "Intersection": "MARKET ST & QUADRA ST", "Jurisdiction": "COV", "POINT_X": 473417.74990000017, "POINT_Y": 5365301.2453000005 }, "geometry": { "type": "MultiPoint", "coordinates": [ [ -123.359436333735545, 48.440298704975959 ] ] } },
{ "type": "Feature", "properties": { "OBJECTID": 2561, "StreetName1": "HILLSIDE AVE", "StreetName2": "QUADRA ST", "Intersection": "HILLSIDE AVE & QUADRA ST", "Jurisdiction": "COV", "POINT_X": 473435.86909999978, "POINT_Y": 5365204.4366999995 }, "geometry": { "type": "MultiPoint", "coordinates": [ [ -123.359185207283744, 48.439428548844518 ] ] } },
{ "type": "Feature", "properties": { "OBJECTID": 2562, "StreetName1": "JOHNSON ST", "StreetName2": "QUADRA ST", "Intersection": "JOHNSON ST & QUADRA ST", "Jurisdiction": "COV", "POINT_X": 473437.212, "POINT_Y": 5363776.9035 }, "geometry": { "type": "MultiPoint", "coordinates": [ [ -123.359076549023698, 48.426586045998626 ] ] } },
{ "type": "Feature", "properties": { "OBJECTID": 2563, "StreetName1": "PANDORA AVE", "StreetName2": "QUADRA ST", "Intersection": "PANDORA AVE & QUADRA ST", "Jurisdiction": "COV", "POINT_X": 473444.9012, "POINT_Y": 5363865.3882500008 }, "geometry": { "type": "MultiPoint", "coordinates": [ [ -123.359028590457669, 48.427498213279591 ], [ -123.358927847576922, 48.427266604937302 ] ] } },
{ "type": "Feature", "properties": { "OBJECTID": 2564, "StreetName1": "MASON ST", "StreetName2": "QUADRA ST", "Intersection": "MASON ST & QUADRA ST", "Jurisdiction": "COV", "POINT_X": 473445.60219999962, "POINT_Y": 5363941.6246000007 }, "geometry": { "type": "MultiPoint", "coordinates": [ [ -123.358973573448893, 48.428068286674197 ] ] } },
{ "type": "Feature", "properties": { "OBJECTID": 2565, "StreetName1": "CORMORANT ST", "StreetName2": "QUADRA ST", "Intersection": "CORMORANT ST & QUADRA ST", "Jurisdiction": "COV", "POINT_X": 473449.43030000012, "POINT_Y": 5363993.8228999991 }, "geometry": { "type": "MultiPoint", "coordinates": [ [ -123.358925133661472, 48.428538041604931 ] ] } },
{ "type": "Feature", "properties": { "OBJECTID": 2566, "StreetName1": "BALMORAL RD", "StreetName2": "QUADRA ST", "Intersection": "BALMORAL RD & QUADRA ST", "Jurisdiction": "COV", "POINT_X": 473454.6445000004, "POINT_Y": 5364052.9132000003 }, "geometry": { "type": "MultiPoint", "coordinates": [ [ -123.358858392498078, 48.429069857661425 ] ] } },
{ "type": "Feature", "properties": { "OBJECTID": 2567, "StreetName1": "NORTH PARK ST", "StreetName2": "QUADRA ST", "Intersection": "NORTH PARK ST & QUADRA ST", "Jurisdiction": "COV", "POINT_X": 473462.41579999961, "POINT_Y": 5364144.7772000004 }, "geometry": { "type": "MultiPoint", "coordinates": [ [ -123.358759158553084, 48.429896624598086 ] ] } },
{ "type": "Feature", "properties": { "OBJECTID": 2568, "StreetName1": "CALEDONIA AVE", "StreetName2": "QUADRA ST", "Intersection": "CALEDONIA AVE & QUADRA ST", "Jurisdiction": "COV", "POINT_X": 473472.54320000019, "POINT_Y": 5364242.6205000002 }, "geometry": { "type": "MultiPoint", "coordinates": [ [ -123.358628449559632, 48.430777282381541 ] ] } },
{ "type": "Feature", "properties": { "OBJECTID": 2569, "StreetName1": "KINGS RD", "StreetName2": "QUADRA ST", "Intersection": "KINGS RD & QUADRA ST", "Jurisdiction": "COV", "POINT_X": 473475.87650000025, "POINT_Y": 5364990.5439 }, "geometry": { "type": "MultiPoint", "coordinates": [ [ -123.358630739120443, 48.43750598744387 ] ] } },
{ "type": "Feature", "properties": { "OBJECTID": 2570, "StreetName1": "GREEN ST", "StreetName2": "QUADRA ST", "Intersection": "GREEN ST & QUADRA ST", "Jurisdiction": "COV", "POINT_X": 473480.1234, "POINT_Y": 5364324.7188000008 }, "geometry": { "type": "MultiPoint", "coordinates": [ [ -123.358531174032706, 48.431516185356266 ] ] } },
{ "type": "Feature", "properties": { "OBJECTID": 2571, "StreetName1": "PEMBROKE ST", "StreetName2": "QUADRA ST", "Intersection": "PEMBROKE ST & QUADRA ST", "Jurisdiction": "COV", "POINT_X": 473487.70349999983, "POINT_Y": 5364406.8172999993 }, "geometry": { "type": "MultiPoint", "coordinates": [ [ -123.358433897108497, 48.432255089955547 ] ] } },
{ "type": "Feature", "properties": { "OBJECTID": 2572, "StreetName1": "PRINCESS AVE", "StreetName2": "QUADRA ST", "Intersection": "PRINCESS AVE & QUADRA ST", "Jurisdiction": "COV", "POINT_X": 473496.45409999974, "POINT_Y": 5364499.6231999993 }, "geometry": { "type": "MultiPoint", "coordinates": [ [ -123.358321470874259, 48.433090370966802 ] ] } },
{ "type": "Feature", "properties": { "OBJECTID": 2573, "StreetName1": "EMPRESS AVE", "StreetName2": "QUADRA ST", "Intersection": "EMPRESS AVE & QUADRA ST", "Jurisdiction": "COV", "POINT_X": 473514.2971000001, "POINT_Y": 5364688.1289000008 }, "geometry": { "type": "MultiPoint", "coordinates": [ [ -123.358092169610018, 48.434786981175087 ] ] } },
{ "type": "Feature", "properties": { "OBJECTID": 2574, "StreetName1": "BAY ST", "StreetName2": "QUADRA ST", "Intersection": "BAY ST & QUADRA ST", "Jurisdiction": "COV", "POINT_X": 473519.64460000023, "POINT_Y": 5364744.9818999991 }, "geometry": { "type": "MultiPoint", "coordinates": [ [ -123.358023468363143, 48.435298674334227 ] ] } },
{ "type": "Feature", "properties": { "OBJECTID": 2575, "StreetName1": "BANK ST", "StreetName2": "QUAMICHAN ST", "Intersection": "BANK ST & QUAMICHAN ST", "Jurisdiction": "COV", "POINT_X": 475682.16160000023, "POINT_Y": 5363237.8787999991 }, "geometry": { "type": "MultiPoint", "coordinates": [ [ -123.328699807990944, 48.421827467869825 ] ] } },
{ "type": "Feature", "properties": { "OBJECTID": 2576, "StreetName1": "MADDISON ST", "StreetName2": "QUAMICHAN ST", "Intersection": "MADDISON ST & QUAMICHAN ST", "Jurisdiction": "COV", "POINT_X": 475764.09729999956, "POINT_Y": 5363192.0571999997 }, "geometry": { "type": "MultiPoint", "coordinates": [ [ -123.327589719036411, 48.42141839750721 ] ] } },
{ "type": "Feature", "properties": { "OBJECTID": 2577, "StreetName1": "LAWNDALE AVE", "StreetName2": "QUAMICHAN ST", "Intersection": "LAWNDALE AVE & QUAMICHAN ST", "Jurisdiction": "COV", "POINT_X": 475853.3694000002, "POINT_Y": 5363141.9367999993 }, "geometry": { "type": "MultiPoint", "coordinates": [ [ -123.326380243325076, 48.420970924014675 ] ] } },
{ "type": "Feature", "properties": { "OBJECTID": 2578, "StreetName1": "COWICHAN ST", "StreetName2": "QUAMICHAN ST", "Intersection": "COWICHAN ST & QUAMICHAN ST", "Jurisdiction": "COV", "POINT_X": 475958.7257000003, "POINT_Y": 5363122.9006999992 }, "geometry": { "type": "MultiPoint", "coordinates": [ [ -123.324955183195769, 48.420803698036899 ] ] } },
{ "type": "Feature", "properties": { "OBJECTID": 2579, "StreetName1": "FOUL BAY RD", "StreetName2": "QUAMICHAN ST", "Intersection": "FOUL BAY RD & QUAMICHAN ST", "Jurisdiction": "COV", "POINT_X": 476075.13850000035, "POINT_Y": 5363121.813 }, "geometry": { "type": "MultiPoint", "coordinates": [ [ -123.323381720671392, 48.420798345109993 ] ] } },
{ "type": "Feature", "properties": { "OBJECTID": 2580, "StreetName1": "MONTREAL ST", "StreetName2": "QUEBEC ST", "Intersection": "MONTREAL ST & QUEBEC ST", "Jurisdiction": "COV", "POINT_X": 472044.00870000012, "POINT_Y": 5363317.2133000009 }, "geometry": { "type": "MultiPoint", "coordinates": [ [ -123.3778780452934, 48.422390219018652 ] ] } },
{ "type": "Feature", "properties": { "OBJECTID": 2581, "StreetName1": "PENDRAY ST", "StreetName2": "QUEBEC ST", "Intersection": "PENDRAY ST & QUEBEC ST", "Jurisdiction": "COV", "POINT_X": 472147.71210000012, "POINT_Y": 5363240.8987000007 }, "geometry": { "type": "MultiPoint", "coordinates": [ [ -123.376471315657938, 48.42170826203315 ] ] } },
{ "type": "Feature", "properties": { "OBJECTID": 2582, "StreetName1": "OSWEGO ST", "StreetName2": "QUEBEC ST", "Intersection": "OSWEGO ST & QUEBEC ST", "Jurisdiction": "COV", "POINT_X": 472267.85280000046, "POINT_Y": 5363152.3446999993 }, "geometry": { "type": "MultiPoint", "coordinates": [ [ -123.374841652673013, 48.420916901858291 ] ] } },
{ "type": "Feature", "properties": { "OBJECTID": 2583, "StreetName1": "MENZIES ST", "StreetName2": "QUEBEC ST", "Intersection": "MENZIES ST & QUEBEC ST", "Jurisdiction": "COV", "POINT_X": 472523.17989999987, "POINT_Y": 5363049.7016000003 }, "geometry": { "type": "MultiPoint", "coordinates": [ [ -123.371384011749896, 48.42000467946437 ] ] } },
{ "type": "Feature", "properties": { "OBJECTID": 2584, "StreetName1": "FAIRFIELD RD", "StreetName2": "QUEEN ANNE HTS", "Intersection": "FAIRFIELD RD & QUEEN ANNE HTS", "Jurisdiction": "COV", "POINT_X": 476007.1502, "POINT_Y": 5362560.7487000003 }, "geometry": { "type": "MultiPoint", "coordinates": [ [ -123.32426852725041, 48.415748208238547 ] ] } },
{ "type": "Feature", "properties": { "OBJECTID": 2585, "StreetName1": "GOVERNMENT ST", "StreetName2": "QUEENS AVE", "Intersection": "GOVERNMENT ST & QUEENS AVE", "Jurisdiction": "COV", "POINT_X": 472834.29310000036, "POINT_Y": 5364635.4919000007 }, "geometry": { "type": "MultiPoint", "coordinates": [ [ -123.367281968094119, 48.434284467856209 ] ] } },
{ "type": "Feature", "properties": { "OBJECTID": 2586, "StreetName1": "DOUGLAS ST", "StreetName2": "QUEENS AVE", "Intersection": "DOUGLAS ST & QUEENS AVE", "Jurisdiction": "COV", "POINT_X": 473027.11689999979, "POINT_Y": 5364622.6580999997 }, "geometry": { "type": "MultiPoint", "coordinates": [ [ -123.364674315271003, 48.43417730127873 ] ] } },
{ "type": "Feature", "properties": { "OBJECTID": 2587, "StreetName1": "BLANSHARD ST", "StreetName2": "QUEENS AVE", "Intersection": "BLANSHARD ST & QUEENS AVE", "Jurisdiction": "COV", "POINT_X": 473178.21430000011, "POINT_Y": 5364608.8897999991 }, "geometry": { "type": "MultiPoint", "coordinates": [ [ -123.362630719269319, 48.434059892296801 ] ] } },
{ "type": "Feature", "properties": { "OBJECTID": 2588, "StreetName1": "DOWLER PL", "StreetName2": "QUEENS AVE", "Intersection": "DOWLER PL & QUEENS AVE", "Jurisdiction": "COV", "POINT_X": 473284.72020000033, "POINT_Y": 5364611.8509 }, "geometry": { "type": "MultiPoint", "coordinates": [ [ -123.361191037575722, 48.434091059608029 ] ] } },
{ "type": "Feature", "properties": { "OBJECTID": 2589, "StreetName1": "QUADRA ST", "StreetName2": "QUEENS AVE", "Intersection": "QUADRA ST & QUEENS AVE", "Jurisdiction": "COV", "POINT_X": 473505.15759999957, "POINT_Y": 5364591.4267999995 }, "geometry": { "type": "MultiPoint", "coordinates": [ [ -123.358209614397268, 48.433916632752769 ] ] } },
{ "type": "Feature", "properties": { "OBJECTID": 2590, "StreetName1": "COOK ST", "StreetName2": "QUEENS AVE", "Intersection": "COOK ST & QUEENS AVE", "Jurisdiction": "COV", "POINT_X": 473930.3778, "POINT_Y": 5364551.6593999993 }, "geometry": { "type": "MultiPoint", "coordinates": [ [ -123.352458530508571, 48.433576622387683 ] ] } },
{ "type": "Feature", "properties": { "OBJECTID": 2591, "StreetName1": "CHAMBERS ST", "StreetName2": "QUEENS AVE", "Intersection": "CHAMBERS ST & QUEENS AVE", "Jurisdiction": "COV", "POINT_X": 474148.96040000021, "POINT_Y": 5364531.7871000003 }, "geometry": { "type": "MultiPoint", "coordinates": [ [ -123.349502275205609, 48.433406857156541 ] ] } },
{ "type": "Feature", "properties": { "OBJECTID": 2592, "StreetName1": "MARKET ST", "StreetName2": "QUESNEL ST", "Intersection": "MARKET ST & QUESNEL ST", "Jurisdiction": "COV", "POINT_X": 472952.905, "POINT_Y": 5365211.7240999993 }, "geometry": { "type": "MultiPoint", "coordinates": [ [ -123.365715633714672, 48.439473542199494 ] ] } },
{ "type": "Feature", "properties": { "OBJECTID": 2593, "StreetName1": "BEAVEN ST", "StreetName2": "QUIXOTE LANE", "Intersection": "BEAVEN ST & QUIXOTE LANE", "Jurisdiction": "COV", "POINT_X": 475745.05420000013, "POINT_Y": 5362374.1413000003 }, "geometry": { "type": "MultiPoint", "coordinates": [ [ -123.32779979386315, 48.414059379527039 ] ] } },
{ "type": "Feature", "properties": { "OBJECTID": 2594, "StreetName1": "EVANS ST", "StreetName2": "RAYNOR AVE", "Intersection": "EVANS ST & RAYNOR AVE", "Jurisdiction": "COV", "POINT_X": 471061.10620000027, "POINT_Y": 5364799.707 }, "geometry": { "type": "MultiPoint", "coordinates": [ [ -123.391265351074836, 48.435682788993653 ] ] } },
{ "type": "Feature", "properties": { "OBJECTID": 2595, "StreetName1": "FULLERTON AVE", "StreetName2": "RAYNOR AVE", "Intersection": "FULLERTON AVE & RAYNOR AVE", "Jurisdiction": "COV", "POINT_X": 471190.8267000001, "POINT_Y": 5364841.605 }, "geometry": { "type": "MultiPoint", "coordinates": [ [ -123.389514469770006, 48.436065665151297 ] ] } },
{ "type": "Feature", "properties": { "OBJECTID": 2596, "StreetName1": "CRAIGFLOWER RD", "StreetName2": "RAYNOR AVE", "Intersection": "CRAIGFLOWER RD & RAYNOR AVE", "Jurisdiction": "COV", "POINT_X": 471310.2544, "POINT_Y": 5364880.376 }, "geometry": { "type": "MultiPoint", "coordinates": [ [ -123.387902503987576, 48.436419914320808 ] ] } },
{ "type": "Feature", "properties": { "OBJECTID": 2597, "StreetName1": "MARY ST", "StreetName2": "RAYNOR AVE", "Intersection": "MARY ST & RAYNOR AVE", "Jurisdiction": "COV", "POINT_X": 471444.8618000001, "POINT_Y": 5364888.853 }, "geometry": { "type": "MultiPoint", "coordinates": [ [ -123.386083223487489, 48.436502295853501 ] ] } },
{ "type": "Feature", "properties": { "OBJECTID": 2598, "StreetName1": "CATHERINE ST", "StreetName2": "RAYNOR AVE", "Intersection": "CATHERINE ST & RAYNOR AVE", "Jurisdiction": "COV", "POINT_X": 471536.9616, "POINT_Y": 5364887.802 }, "geometry": { "type": "MultiPoint", "coordinates": [ [ -123.384837983634782, 48.436497011490459 ] ] } },
{ "type": "Feature", "properties": { "OBJECTID": 2599, "StreetName1": "ARTHUR CURRIE LANE", "StreetName2": "RAYNOR AVE", "Intersection": "ARTHUR CURRIE LANE & RAYNOR AVE", "Jurisdiction": "COV", "POINT_X": 471644.63219999988, "POINT_Y": 5364895.315 }, "geometry": { "type": "MultiPoint", "coordinates": [ [ -123.383382809954483, 48.436569459476992 ] ] } },
{ "type": "Feature", "properties": { "OBJECTID": 2600, "StreetName1": "ALSTON ST", "StreetName2": "RAYNOR AVE", "Intersection": "ALSTON ST & RAYNOR AVE", "Jurisdiction": "COV", "POINT_X": 471650.94689999986, "POINT_Y": 5364883.2683000006 }, "geometry": { "type": "MultiPoint", "coordinates": [ [ -123.383296621271811, 48.436461368142261 ] ] } },
{ "type": "Feature", "properties": { "OBJECTID": 2601, "StreetName1": "PANDORA AVE", "StreetName2": "REBECCA ST", "Intersection": "PANDORA AVE & REBECCA ST", "Jurisdiction": "COV", "POINT_X": 473975.34310000017, "POINT_Y": 5363830.9299 }, "geometry": { "type": "MultiPoint", "coordinates": [ [ -123.351805882483802, 48.427094554163411 ] ] } },
{ "type": "Feature", "properties": { "OBJECTID": 2602, "StreetName1": "MASON ST", "StreetName2": "REBECCA ST", "Intersection": "MASON ST & REBECCA ST", "Jurisdiction": "COV", "POINT_X": 473980.90469999984, "POINT_Y": 5363893.6896000002 }, "geometry": { "type": "MultiPoint", "coordinates": [ [ -123.351734600655476, 48.427659391942548 ] ] } },
{ "type": "Feature", "properties": { "OBJECTID": 2603, "StreetName1": "NANAIMO ST", "StreetName2": "REDBRICK ST", "Intersection": "NANAIMO ST & REDBRICK ST", "Jurisdiction": "COV", "POINT_X": 472734.06709999964, "POINT_Y": 5365745.2795000002 }, "geometry": { "type": "MultiPoint", "coordinates": [ [ -123.368709188975927, 48.444264129119169 ] ] } },
{ "type": "Feature", "properties": { "OBJECTID": 2604, "StreetName1": "BLANSHARD ST", "StreetName2": "REDBRICK ST", "Intersection": "BLANSHARD ST & REDBRICK ST", "Jurisdiction": "COV", "POINT_X": 472922.8268, "POINT_Y": 5365798.4190999996 }, "geometry": { "type": "MultiPoint", "coordinates": [ [ -123.366160242662929, 48.444750338341585 ] ] } },
{ "type": "Feature", "properties": { "OBJECTID": 2605, "StreetName1": "LEIGHTON RD", "StreetName2": "REDFERN ST", "Intersection": "LEIGHTON RD & REDFERN ST", "Jurisdiction": "COV", "POINT_X": 475964.16760000028, "POINT_Y": 5363969.0661999993 }, "geometry": { "type": "MultiPoint", "coordinates": [ [ -123.324930151216179, 48.428416327985921 ] ] } },
{ "type": "Feature", "properties": { "OBJECTID": 2606, "StreetName1": "OAK BAY AVE", "StreetName2": "REDFERN ST", "Intersection": "OAK BAY AVE & REDFERN ST", "Jurisdiction": "COV", "POINT_X": 475972.8151000001, "POINT_Y": 5363750.7033000002 }, "geometry": { "type": "MultiPoint", "coordinates": [ [ -123.324942842111625, 48.426452439045683 ], [ -123.324658634707561, 48.426451929535929 ] ] } },
{ "type": "Feature", "properties": { "OBJECTID": 2607, "StreetName1": "BRIGHTON AVE", "StreetName2": "REDFERN ST", "Intersection": "BRIGHTON AVE & REDFERN ST", "Jurisdiction": "COV", "POINT_X": 476000.99474999995, "POINT_Y": 5363499.2424 }, "geometry": { "type": "MultiPoint", "coordinates": [ [ -123.324553283321649, 48.424191247904822 ], [ -123.324257579313027, 48.424190796826018 ] ] } },
{ "type": "Feature", "properties": { "OBJECTID": 2608, "StreetName1": "BRIGHTON CRES", "StreetName2": "REDFERN ST", "Intersection": "BRIGHTON CRES & REDFERN ST", "Jurisdiction": "COV", "POINT_X": 476014.81769999955, "POINT_Y": 5363373.1887999997 }, "geometry": { "type": "MultiPoint", "coordinates": [ [ -123.324211379781332, 48.423057523285927 ] ] } },
{ "type": "Feature", "properties": { "OBJECTID": 2609, "StreetName1": "QUAMICHAN ST", "StreetName2": "REDFERN ST", "Intersection": "QUAMICHAN ST & REDFERN ST", "Jurisdiction": "COV", "POINT_X": 476015.938, "POINT_Y": 5363122.5135999992 }, "geometry": { "type": "MultiPoint", "coordinates": [ [ -123.324181896828435, 48.420802396594503 ] ] } },
{ "type": "Feature", "properties": { "OBJECTID": 2610, "StreetName1": "HAWES RD", "StreetName2": "REDFERN ST", "Intersection": "HAWES RD & REDFERN ST", "Jurisdiction": "COV", "POINT_X": 476018.50519999955, "POINT_Y": 5363212.1415999997 }, "geometry": { "type": "MultiPoint", "coordinates": [ [ -123.3241523260197, 48.421608821990759 ] ] } },
{ "type": "Feature", "properties": { "OBJECTID": 2611, "StreetName1": "GLASGOW ST", "StreetName2": "REED ST", "Intersection": "GLASGOW ST & REED ST", "Jurisdiction": "COV", "POINT_X": 473174.62050000019, "POINT_Y": 5366125.2493999992 }, "geometry": { "type": "MultiPoint", "coordinates": [ [ -123.362776429357083, 48.447701386118744 ] ] } },
{ "type": "Feature", "properties": { "OBJECTID": 2612, "StreetName1": "RAYNOR AVE", "StreetName2": "REGATTA LANDING", "Intersection": "RAYNOR AVE & REGATTA LANDING", "Jurisdiction": "COV", "POINT_X": 471699.511, "POINT_Y": 5364863.4879000001 }, "geometry": { "type": "MultiPoint", "coordinates": [ [ -123.382638709685921, 48.436285602725583 ] ] } },
{ "type": "Feature", "properties": { "OBJECTID": 2613, "StreetName1": "CENTRAL SPUR RD", "StreetName2": "REGATTA LANDING", "Intersection": "CENTRAL SPUR RD & REGATTA LANDING", "Jurisdiction": "COV", "POINT_X": 471767.181, "POINT_Y": 5364873.8171999995 }, "geometry": { "type": "MultiPoint", "coordinates": [ [ -123.381724526300943, 48.43638156658389 ] ] } },
{ "type": "Feature", "properties": { "OBJECTID": 2614, "StreetName1": "BELMONT AVE", "StreetName2": "REGENTS PL", "Intersection": "BELMONT AVE & REGENTS PL", "Jurisdiction": "COV", "POINT_X": 474993.78490000032, "POINT_Y": 5363461.2114000004 }, "geometry": { "type": "MultiPoint", "coordinates": [ [ -123.338017197756969, 48.423809696707991 ] ] } },
{ "type": "Feature", "properties": { "OBJECTID": 2615, "StreetName1": "LAUREL LANE", "StreetName2": "REGENTS PL", "Intersection": "LAUREL LANE & REGENTS PL", "Jurisdiction": "COV", "POINT_X": 475055.53610000014, "POINT_Y": 5363412.5167999994 }, "geometry": { "type": "MultiPoint", "coordinates": [ [ -123.337179641478485, 48.423374071002129 ] ] } },
{ "type": "Feature", "properties": { "OBJECTID": 2616, "StreetName1": "NIAGARA ST", "StreetName2": "RENDALL ST", "Intersection": "NIAGARA ST & RENDALL ST", "Jurisdiction": "COV", "POINT_X": 472007.65259999968, "POINT_Y": 5362508.5314000007 }, "geometry": { "type": "MultiPoint", "coordinates": [ [ -123.378315450876059, 48.415113432825471 ] ] } },
{ "type": "Feature", "properties": { "OBJECTID": 2617, "StreetName1": "BECKLEY AVE", "StreetName2": "RENDALL ST", "Intersection": "BECKLEY AVE & RENDALL ST", "Jurisdiction": "COV", "POINT_X": 472034.922, "POINT_Y": 5362546.0965 }, "geometry": { "type": "MultiPoint", "coordinates": [ [ -123.377949433928947, 48.415452592205384 ] ] } },
{ "type": "Feature", "properties": { "OBJECTID": 2618, "StreetName1": "POWDERLY AVE", "StreetName2": "RENO ST", "Intersection": "POWDERLY AVE & RENO ST", "Jurisdiction": "COV", "POINT_X": 471002.51630000025, "POINT_Y": 5365042.4278999995 }, "geometry": { "type": "MultiPoint", "coordinates": [ [ -123.392074261490563, 48.437863680694917 ] ] } },
{ "type": "Feature", "properties": { "OBJECTID": 2619, "StreetName1": "BELTON AVE", "StreetName2": "RENO ST", "Intersection": "BELTON AVE & RENO ST", "Jurisdiction": "COV", "POINT_X": 471029.98070000019, "POINT_Y": 5364955.0605999995 }, "geometry": { "type": "MultiPoint", "coordinates": [ [ -123.391696897157118, 48.437078963686425 ] ] } },
{ "type": "Feature", "properties": { "OBJECTID": 2620, "StreetName1": "MOSS ST", "StreetName2": "REVERCOMB PL", "Intersection": "MOSS ST & REVERCOMB PL", "Jurisdiction": "COV", "POINT_X": 474276.1026999997, "POINT_Y": 5363019.9992999993 }, "geometry": { "type": "MultiPoint", "coordinates": [ [ -123.347690653644023, 48.419811491041784 ] ] } },
{ "type": "Feature", "properties": { "OBJECTID": 2621, "StreetName1": "COOK ST", "StreetName2": "RICHARDSON ST", "Intersection": "COOK ST & RICHARDSON ST", "Jurisdiction": "COV", "POINT_X": 473736.59929999989, "POINT_Y": 5363002.9563999996 }, "geometry": { "type": "MultiPoint", "coordinates": [ [ -123.354981187896996, 48.419635904167826 ] ] } },
{ "type": "Feature", "properties": { "OBJECTID": 2622, "StreetName1": "LINDEN AVE", "StreetName2": "RICHARDSON ST", "Intersection": "LINDEN AVE & RICHARDSON ST", "Jurisdiction": "COV", "POINT_X": 473990.65230000019, "POINT_Y": 5362961.0391000006 }, "geometry": { "type": "MultiPoint", "coordinates": [ [ -123.351544972441033, 48.419269342245364 ] ] } },
{ "type": "Feature", "properties": { "OBJECTID": 2623, "StreetName1": "HARBINGER AVE", "StreetName2": "RICHARDSON ST", "Intersection": "HARBINGER AVE & RICHARDSON ST", "Jurisdiction": "COV", "POINT_X": 474094.0954, "POINT_Y": 5362943.6641000006 }, "geometry": { "type": "MultiPoint", "coordinates": [ [ -123.350145838998486, 48.419117293126973 ] ] } },
{ "type": "Feature", "properties": { "OBJECTID": 2624, "StreetName1": "CORNWALL ST", "StreetName2": "RICHARDSON ST", "Intersection": "CORNWALL ST & RICHARDSON ST", "Jurisdiction": "COV", "POINT_X": 474184.7862999998, "POINT_Y": 5362928.431 }, "geometry": { "type": "MultiPoint", "coordinates": [ [ -123.34891919392642, 48.418983973809823 ] ] } },
{ "type": "Feature", "properties": { "OBJECTID": 2625, "StreetName1": "MOSS ST", "StreetName2": "RICHARDSON ST", "Intersection": "MOSS ST & RICHARDSON ST", "Jurisdiction": "COV", "POINT_X": 474258.345, "POINT_Y": 5362916.0754000004 }, "geometry": { "type": "MultiPoint", "coordinates": [ [ -123.347924276079667, 48.418875828572503 ] ] } },
{ "type": "Feature", "properties": { "OBJECTID": 2626, "StreetName1": "MINTO ST", "StreetName2": "RICHARDSON ST", "Intersection": "MINTO ST & RICHARDSON ST", "Jurisdiction": "COV", "POINT_X": 474414.2528, "POINT_Y": 5362780.8537000008 }, "geometry": { "type": "MultiPoint", "coordinates": [ [ -123.345808906891804, 48.417665676442105 ] ] } },
{ "type": "Feature", "properties": { "OBJECTID": 2627, "StreetName1": "CARNSEW ST", "StreetName2": "RICHARDSON ST", "Intersection": "CARNSEW ST & RICHARDSON ST", "Jurisdiction": "COV", "POINT_X": 474477.64659999963, "POINT_Y": 5362684.2167000007 }, "geometry": { "type": "MultiPoint", "coordinates": [ [ -123.345028914794511, 48.416855008549952 ] ] } },
{ "type": "Feature", "properties": { "OBJECTID": 2628, "StreetName1": "KIPLING ST", "StreetName2": "RICHARDSON ST", "Intersection": "KIPLING ST & RICHARDSON ST", "Jurisdiction": "COV", "POINT_X": 474547.67690000031, "POINT_Y": 5362663.764 }, "geometry": { "type": "MultiPoint", "coordinates": [ [ -123.343998594931548, 48.416617699144403 ] ] } },
{ "type": "Feature", "properties": { "OBJECTID": 2629, "StreetName1": "ARNOLD AVE", "StreetName2": "RICHARDSON ST", "Intersection": "ARNOLD AVE & RICHARDSON ST", "Jurisdiction": "COV", "POINT_X": 474764.65089999977, "POINT_Y": 5362627.2206999995 }, "geometry": { "type": "MultiPoint", "coordinates": [ [ -123.341064086610871, 48.416297670742388 ] ] } },
{ "type": "Feature", "properties": { "OBJECTID": 2630, "StreetName1": "ARMINE PL", "StreetName2": "RICHARDSON ST", "Intersection": "ARMINE PL & RICHARDSON ST", "Jurisdiction": "COV", "POINT_X": 475550.76719999965, "POINT_Y": 5362811.0167999994 }, "geometry": { "type": "MultiPoint", "coordinates": [ [ -123.330450838998559, 48.417982169580362 ] ] } },
{ "type": "Feature", "properties": { "OBJECTID": 2631, "StreetName1": "GONZALES AVE", "StreetName2": "RICHARDSON ST", "Intersection": "GONZALES AVE & RICHARDSON ST", "Jurisdiction": "COV", "POINT_X": 475606.5778000001, "POINT_Y": 5362881.7018 }, "geometry": { "type": "MultiPoint", "coordinates": [ [ -123.329700673839483, 48.418620242368505 ] ] } },
{ "type": "Feature", "properties": { "OBJECTID": 2632, "StreetName1": "MADDISON ST", "StreetName2": "RICHARDSON ST", "Intersection": "MADDISON ST & RICHARDSON ST", "Jurisdiction": "COV", "POINT_X": 475643.48819999956, "POINT_Y": 5362949.2772000004 }, "geometry": { "type": "MultiPoint", "coordinates": [ [ -123.329205750838582, 48.419229604584778 ] ] } },
{ "type": "Feature", "properties": { "OBJECTID": 2633, "StreetName1": "LAWNDALE AVE", "StreetName2": "RICHARDSON ST", "Intersection": "LAWNDALE AVE & RICHARDSON ST", "Jurisdiction": "COV", "POINT_X": 475778.018, "POINT_Y": 5362994.7436999995 }, "geometry": { "type": "MultiPoint", "coordinates": [ [ -123.327390169812247, 48.419643825894411 ] ] } },
{ "type": "Feature", "properties": { "OBJECTID": 2634, "StreetName1": "MOSS PARK GDNS", "StreetName2": "RICHARDSON ST", "Intersection": "MOSS PARK GDNS & RICHARDSON ST", "Jurisdiction": "COV", "POINT_X": 475846.33690000046, "POINT_Y": 5363018.2957000006 }, "geometry": { "type": "MultiPoint", "coordinates": [ [ -123.326468170075728, 48.419858332023736 ] ] } },
{ "type": "Feature", "properties": { "OBJECTID": 2635, "StreetName1": "COWICHAN ST", "StreetName2": "RICHARDSON ST", "Intersection": "COWICHAN ST & RICHARDSON ST", "Jurisdiction": "COV", "POINT_X": 475917.24749999959, "POINT_Y": 5363042.7413 }, "geometry": { "type": "MultiPoint", "coordinates": [ [ -123.32551118574375, 48.420080969033847 ] ] } },
{ "type": "Feature", "properties": { "OBJECTID": 2636, "StreetName1": "FOUL BAY RD", "StreetName2": "RICHARDSON ST", "Intersection": "FOUL BAY RD & RICHARDSON ST", "Jurisdiction": "COV", "POINT_X": 476072.45210000034, "POINT_Y": 5363068.4816999994 }, "geometry": { "type": "MultiPoint", "coordinates": [ [ -123.323414985680785, 48.420318454275659 ] ] } },
{ "type": "Feature", "properties": { "OBJECTID": 2637, "StreetName1": "GONZALES AVE", "StreetName2": "RICHMOND AVE", "Intersection": "GONZALES AVE & RICHMOND AVE", "Jurisdiction": "COV", "POINT_X": 475409.5334000001, "POINT_Y": 5362971.0579000004 }, "geometry": { "type": "MultiPoint", "coordinates": [ [ -123.3323689908988, 48.419416462453135 ] ] } },
{ "type": "Feature", "properties": { "OBJECTID": 2638, "StreetName1": "RICHARDSON ST", "StreetName2": "RICHMOND AVE", "Intersection": "RICHARDSON ST & RICHMOND AVE", "Jurisdiction": "COV", "POINT_X": 475473.491, "POINT_Y": 5362768.9803999998 }, "geometry": { "type": "MultiPoint", "coordinates": [ [ -123.331492763683499, 48.417600990219078 ] ] } },
{ "type": "Feature", "properties": { "OBJECTID": 2639, "StreetName1": "CHANDLER AVE", "StreetName2": "RICHMOND AVE", "Intersection": "CHANDLER AVE & RICHMOND AVE", "Jurisdiction": "COV", "POINT_X": 475506.32, "POINT_Y": 5362668.1711999997 }, "geometry": { "type": "MultiPoint", "coordinates": [ [ -123.331043196880259, 48.416695349507307 ] ] } },
{ "type": "Feature", "properties": { "OBJECTID": 2640, "StreetName1": "CRESCENT RD", "StreetName2": "RICHMOND AVE", "Intersection": "CRESCENT RD & RICHMOND AVE", "Jurisdiction": "COV", "POINT_X": 475518.62239999976, "POINT_Y": 5362098.0617999993 }, "geometry": { "type": "MultiPoint", "coordinates": [ [ -123.330843657947725, 48.411566903340692 ] ] } },
{ "type": "Feature", "properties": { "OBJECTID": 2641, "StreetName1": "LILLIAN RD", "StreetName2": "RICHMOND AVE", "Intersection": "LILLIAN RD & RICHMOND AVE", "Jurisdiction": "COV", "POINT_X": 475534.5806499999, "POINT_Y": 5362278.284 }, "geometry": { "type": "MultiPoint", "coordinates": [ [ -123.330831688136783, 48.413188918888892 ], [ -123.330445355525782, 48.413188825249321 ] ] } },
{ "type": "Feature", "properties": { "OBJECTID": 2642, "StreetName1": "OAK SHADE LANE", "StreetName2": "RICHMOND AVE", "Intersection": "OAK SHADE LANE & RICHMOND AVE", "Jurisdiction": "COV", "POINT_X": 475540.26439999975, "POINT_Y": 5363278.0106000006 }, "geometry": { "type": "MultiPoint", "coordinates": [ [ -123.330620026626505, 48.422183014205537 ] ] } },
{ "type": "Feature", "properties": { "OBJECTID": 2643, "StreetName1": "FAIRFIELD RD", "StreetName2": "RICHMOND AVE", "Intersection": "FAIRFIELD RD & RICHMOND AVE", "Jurisdiction": "COV", "POINT_X": 475545.19890000019, "POINT_Y": 5362534.8571000006 }, "geometry": { "type": "MultiPoint", "coordinates": [ [ -123.330509990197243, 48.415497515161007 ] ] } },
{ "type": "Feature", "properties": { "OBJECTID": 2644, "StreetName1": "QUAMICHAN ST", "StreetName2": "RICHMOND AVE", "Intersection": "QUAMICHAN ST & RICHMOND AVE", "Jurisdiction": "COV", "POINT_X": 475557.09080000035, "POINT_Y": 5363307.8592000008 }, "geometry": { "type": "MultiPoint", "coordinates": [ [ -123.330394340339538, 48.422452196576423 ] ] } },
{ "type": "Feature", "properties": { "OBJECTID": 2645, "StreetName1": "OAK BAY AVE", "StreetName2": "RICHMOND AVE", "Intersection": "OAK BAY AVE & RICHMOND AVE", "Jurisdiction": "COV", "POINT_X": 475569.00069999974, "POINT_Y": 5363753.5067999996 }, "geometry": { "type": "MultiPoint", "coordinates": [ [ -123.330259337902447, 48.426461869613675 ] ] } },
{ "type": "Feature", "properties": { "OBJECTID": 2646, "StreetName1": "LEIGHTON RD", "StreetName2": "RICHMOND AVE", "Intersection": "LEIGHTON RD & RICHMOND AVE", "Jurisdiction": "COV", "POINT_X": 475570.25569999963, "POINT_Y": 5363968.7844999991 }, "geometry": { "type": "MultiPoint", "coordinates": [ [ -123.330254922069216, 48.428398635259377 ] ] } },
{ "type": "Feature", "properties": { "OBJECTID": 2647, "StreetName1": "GREEN OAKS TERR", "StreetName2": "RICHMOND AVE", "Intersection": "GREEN OAKS TERR & RICHMOND AVE", "Jurisdiction": "COV", "POINT_X": 475575.34460000042, "POINT_Y": 5363539.0636 }, "geometry": { "type": "MultiPoint", "coordinates": [ [ -123.330161090517933, 48.424532905526334 ] ] } },
{ "type": "Feature", "properties": { "OBJECTID": 2648, "StreetName1": "BRIGHTON AVE", "StreetName2": "RICHMOND AVE", "Intersection": "BRIGHTON AVE & RICHMOND AVE", "Jurisdiction": "COV", "POINT_X": 475576.45040000044, "POINT_Y": 5363501.6852000002 }, "geometry": { "type": "MultiPoint", "coordinates": [ [ -123.330143965955514, 48.424196678462721 ] ] } },
{ "type": "Feature", "properties": { "OBJECTID": 2649, "StreetName1": "FORT ST", "StreetName2": "RICHMOND AVE", "Intersection": "FORT ST & RICHMOND AVE", "Jurisdiction": "COV", "POINT_X": 475577.0603, "POINT_Y": 5364096.5482000001 }, "geometry": { "type": "MultiPoint", "coordinates": [ [ -123.330170385219517, 48.429548307898472 ] ] } },
{ "type": "Feature", "properties": { "OBJECTID": 2650, "StreetName1": "FORT ST", "StreetName2": "RICHMOND RD", "Intersection": "FORT ST & RICHMOND RD", "Jurisdiction": "COV", "POINT_X": 475577.0603, "POINT_Y": 5364096.5482000001 }, "geometry": { "type": "MultiPoint", "coordinates": [ [ -123.330170385219517, 48.429548307898472 ] ] } },
{ "type": "Feature", "properties": { "OBJECTID": 2651, "StreetName1": "BIRCH ST", "StreetName2": "RICHMOND RD", "Intersection": "BIRCH ST & RICHMOND RD", "Jurisdiction": "COV", "POINT_X": 475585.96310000028, "POINT_Y": 5364121.2952999994 }, "geometry": { "type": "MultiPoint", "coordinates": [ [ -123.330051478803156, 48.429771287017928 ] ] } },
{ "type": "Feature", "properties": { "OBJECTID": 2652, "StreetName1": "PEMBROKE ST", "StreetName2": "RICHMOND RD", "Intersection": "PEMBROKE ST & RICHMOND RD", "Jurisdiction": "COV", "POINT_X": 475604.09279999975, "POINT_Y": 5364237.4313999992 }, "geometry": { "type": "MultiPoint", "coordinates": [ [ -123.329813161357592, 48.430816792046301 ] ] } },
{ "type": "Feature", "properties": { "OBJECTID": 2653, "StreetName1": "CORONATION AVE", "StreetName2": "RICHMOND RD", "Intersection": "CORONATION AVE & RICHMOND RD", "Jurisdiction": "COV", "POINT_X": 475617.35170000046, "POINT_Y": 5364322.3655999992 }, "geometry": { "type": "MultiPoint", "coordinates": [ [ -123.329638865120316, 48.431581404296175 ] ] } },
{ "type": "Feature", "properties": { "OBJECTID": 2654, "StreetName1": "DENMAN ST", "StreetName2": "RICHMOND RD", "Intersection": "DENMAN ST & RICHMOND RD", "Jurisdiction": "COV", "POINT_X": 475629.08349999972, "POINT_Y": 5364402.1704999991 }, "geometry": { "type": "MultiPoint", "coordinates": [ [ -123.329484909857854, 48.432299812061345 ] ] } },
{ "type": "Feature", "properties": { "OBJECTID": 2655, "StreetName1": "BAY ST", "StreetName2": "RICHMOND RD", "Intersection": "BAY ST & RICHMOND RD", "Jurisdiction": "COV", "POINT_X": 475650.43759999983, "POINT_Y": 5364555.6741000004 }, "geometry": { "type": "MultiPoint", "coordinates": [ [ -123.329205150174928, 48.433681611597912 ] ] } },
{ "type": "Feature", "properties": { "OBJECTID": 2656, "StreetName1": "EMERSON ST", "StreetName2": "RICHMOND RD", "Intersection": "EMERSON ST & RICHMOND RD", "Jurisdiction": "COV", "POINT_X": 475663.373, "POINT_Y": 5364644.0013999995 }, "geometry": { "type": "MultiPoint", "coordinates": [ [ -123.329035405828918, 48.434476735618205 ] ] } },
{ "type": "Feature", "properties": { "OBJECTID": 2657, "StreetName1": "ADANAC ST", "StreetName2": "RICHMOND RD", "Intersection": "ADANAC ST & RICHMOND RD", "Jurisdiction": "COV", "POINT_X": 475675.45579999965, "POINT_Y": 5364725.921 }, "geometry": { "type": "MultiPoint", "coordinates": [ [ -123.328876810951954, 48.435214180405573 ] ] } },
{ "type": "Feature", "properties": { "OBJECTID": 2658, "StreetName1": "HAULTAIN ST", "StreetName2": "RICHMOND RD", "Intersection": "HAULTAIN ST & RICHMOND RD", "Jurisdiction": "COV", "POINT_X": 475687.10039999988, "POINT_Y": 5364804.8686999995 }, "geometry": { "type": "MultiPoint", "coordinates": [ [ -123.328723963395106, 48.435924871702866 ] ] } },
{ "type": "Feature", "properties": { "OBJECTID": 2659, "StreetName1": "CARRICK ST", "StreetName2": "RICHMOND RD", "Intersection": "CARRICK ST & RICHMOND RD", "Jurisdiction": "COV", "POINT_X": 475702.5071, "POINT_Y": 5364910.0196000002 }, "geometry": { "type": "MultiPoint", "coordinates": [ [ -123.328521768293385, 48.436871441162864 ] ] } },
{ "type": "Feature", "properties": { "OBJECTID": 2660, "StreetName1": "KINGS RD", "StreetName2": "RICHMOND RD", "Intersection": "KINGS RD & RICHMOND RD", "Jurisdiction": "COV", "POINT_X": 475718.24430000037, "POINT_Y": 5365017.4266999997 }, "geometry": { "type": "MultiPoint", "coordinates": [ [ -123.328315228127181, 48.437838320444286 ] ] } },
{ "type": "Feature", "properties": { "OBJECTID": 2661, "StreetName1": "NEWTON ST", "StreetName2": "RICHMOND RD", "Intersection": "NEWTON ST & RICHMOND RD", "Jurisdiction": "COV", "POINT_X": 475732.34960000031, "POINT_Y": 5365119.9341000002 }, "geometry": { "type": "MultiPoint", "coordinates": [ [ -123.328130460387655, 48.438761056884069 ] ] } },
{ "type": "Feature", "properties": { "OBJECTID": 2662, "StreetName1": "PEMBROKE ST", "StreetName2": "RIDGE RD", "Intersection": "PEMBROKE ST & RIDGE RD", "Jurisdiction": "COV", "POINT_X": 474369.92949999962, "POINT_Y": 5364318.0956999995 }, "geometry": { "type": "MultiPoint", "coordinates": [ [ -123.346501920475106, 48.431493449967675 ] ] } },
{ "type": "Feature", "properties": { "OBJECTID": 2663, "StreetName1": "CENTRE RD", "StreetName2": "RIDGE RD", "Intersection": "CENTRE RD & RIDGE RD", "Jurisdiction": "COV", "POINT_X": 474376.679, "POINT_Y": 5364390.7548999991 }, "geometry": { "type": "MultiPoint", "coordinates": [ [ -123.346415120522067, 48.432147391827861 ] ] } },
{ "type": "Feature", "properties": { "OBJECTID": 2664, "StreetName1": "DENMAN ST", "StreetName2": "RIDGE RD", "Intersection": "DENMAN ST & RIDGE RD", "Jurisdiction": "COV", "POINT_X": 474383.9041, "POINT_Y": 5364468.5363999996 }, "geometry": { "type": "MultiPoint", "coordinates": [ [ -123.346322201983568, 48.432847434868364 ] ] } },
{ "type": "Feature", "properties": { "OBJECTID": 2665, "StreetName1": "MENZIES ST", "StreetName2": "RITHET ST", "Intersection": "MENZIES ST & RITHET ST", "Jurisdiction": "COV", "POINT_X": 472136.0373, "POINT_Y": 5362268.1583999991 }, "geometry": { "type": "MultiPoint", "coordinates": [ [ -123.376564476511859, 48.41295664629628 ] ] } },
{ "type": "Feature", "properties": { "OBJECTID": 2666, "StreetName1": "CAPTAIN ST", "StreetName2": "ROBERT ST", "Intersection": "CAPTAIN ST & ROBERT ST", "Jurisdiction": "COV", "POINT_X": 471237.9391000001, "POINT_Y": 5363963.644 }, "geometry": { "type": "MultiPoint", "coordinates": [ [ -123.388817261121559, 48.42816941812027 ] ] } },
{ "type": "Feature", "properties": { "OBJECTID": 2667, "StreetName1": "MILNE ST", "StreetName2": "ROBERT ST", "Intersection": "MILNE ST & ROBERT ST", "Jurisdiction": "COV", "POINT_X": 471237.9391000001, "POINT_Y": 5363996.3205999993 }, "geometry": { "type": "MultiPoint", "coordinates": [ [ -123.388819503657743, 48.428463386836732 ] ] } },
{ "type": "Feature", "properties": { "OBJECTID": 2668, "StreetName1": "ESQUIMALT RD", "StreetName2": "ROBERT ST", "Intersection": "ESQUIMALT RD & ROBERT ST", "Jurisdiction": "COV", "POINT_X": 471238.64769999962, "POINT_Y": 5364228.1205000002 }, "geometry": { "type": "MultiPoint", "coordinates": [ [ -123.388825833714563, 48.43054876176798 ] ] } },
{ "type": "Feature", "properties": { "OBJECTID": 2669, "StreetName1": "HOLLYWOOD CRES", "StreetName2": "ROBERTSON ST", "Intersection": "HOLLYWOOD CRES & ROBERTSON ST", "Jurisdiction": "COV", "POINT_X": 475461.96120000025, "POINT_Y": 5361873.5924500003 }, "geometry": { "type": "MultiPoint", "coordinates": [ [ -123.331602422309729, 48.410276536091807 ], [ -123.331589986996889, 48.408814034237786 ] ] } },
{ "type": "Feature", "properties": { "OBJECTID": 2670, "StreetName1": "CRESCENT RD", "StreetName2": "ROBERTSON ST", "Intersection": "CRESCENT RD & ROBERTSON ST", "Jurisdiction": "COV", "POINT_X": 475463.41330000013, "POINT_Y": 5362049.1469000001 }, "geometry": { "type": "MultiPoint", "coordinates": [ [ -123.331586850707922, 48.411124698328187 ] ] } },
{ "type": "Feature", "properties": { "OBJECTID": 2671, "StreetName1": "LILLIAN RD", "StreetName2": "ROBERTSON ST", "Intersection": "LILLIAN RD & ROBERTSON ST", "Jurisdiction": "COV", "POINT_X": 475464.68290000036, "POINT_Y": 5362279.3164000008 }, "geometry": { "type": "MultiPoint", "coordinates": [ [ -123.33158315743276, 48.413195442053834 ] ] } },
{ "type": "Feature", "properties": { "OBJECTID": 2672, "StreetName1": "FAIRFIELD RD", "StreetName2": "ROBERTSON ST", "Intersection": "FAIRFIELD RD & ROBERTSON ST", "Jurisdiction": "COV", "POINT_X": 475467.66150000039, "POINT_Y": 5362501.6755 }, "geometry": { "type": "MultiPoint", "coordinates": [ [ -123.331555911620811, 48.41519598622569 ] ] } },
{ "type": "Feature", "properties": { "OBJECTID": 2673, "StreetName1": "RICHARDSON ST", "StreetName2": "ROBLEDA CRES", "Intersection": "RICHARDSON ST & ROBLEDA CRES", "Jurisdiction": "COV", "POINT_X": 474356.4291000003, "POINT_Y": 5362881.7971000001 }, "geometry": { "type": "MultiPoint", "coordinates": [ [ -123.346596557789667, 48.418571448986739 ] ] } },
{ "type": "Feature", "properties": { "OBJECTID": 2674, "StreetName1": "GORGE RD E", "StreetName2": "ROCK BAY AVE", "Intersection": "GORGE RD E & ROCK BAY AVE", "Jurisdiction": "COV", "POINT_X": 472590.11539999954, "POINT_Y": 5365221.9025999997 }, "geometry": { "type": "MultiPoint", "coordinates": [ [ -123.37062142788669, 48.439549418482251 ] ] } },
{ "type": "Feature", "properties": { "OBJECTID": 2675, "StreetName1": "ELLICE ST", "StreetName2": "ROCK BAY AVE", "Intersection": "ELLICE ST & ROCK BAY AVE", "Jurisdiction": "COV", "POINT_X": 472597.79320000019, "POINT_Y": 5365189.9208000004 }, "geometry": { "type": "MultiPoint", "coordinates": [ [ -123.370515527030847, 48.439262034620633 ] ] } },
{ "type": "Feature", "properties": { "OBJECTID": 2676, "StreetName1": "DAVID ST", "StreetName2": "ROCK BAY AVE", "Intersection": "DAVID ST & ROCK BAY AVE", "Jurisdiction": "COV", "POINT_X": 472622.82720000017, "POINT_Y": 5365101.967 }, "geometry": { "type": "MultiPoint", "coordinates": [ [ -123.370171305302733, 48.43847186426887 ] ] } },
{ "type": "Feature", "properties": { "OBJECTID": 2677, "StreetName1": "HILLSIDE AVE", "StreetName2": "ROCK BAY AVE", "Intersection": "HILLSIDE AVE & ROCK BAY AVE", "Jurisdiction": "COV", "POINT_X": 472648.00719999988, "POINT_Y": 5365014.1240999997 }, "geometry": { "type": "MultiPoint", "coordinates": [ [ -123.369825127620899, 48.437682696786148 ] ] } },
{ "type": "Feature", "properties": { "OBJECTID": 2678, "StreetName1": "JOHN ST", "StreetName2": "ROCK BAY AVE", "Intersection": "JOHN ST & ROCK BAY AVE", "Jurisdiction": "COV", "POINT_X": 472673.24629999977, "POINT_Y": 5364926.076 }, "geometry": { "type": "MultiPoint", "coordinates": [ [ -123.369478148314158, 48.436891684648231 ] ] } },
{ "type": "Feature", "properties": { "OBJECTID": 2679, "StreetName1": "BAY ST", "StreetName2": "ROCK BAY AVE", "Intersection": "BAY ST & ROCK BAY AVE", "Jurisdiction": "COV", "POINT_X": 472703.47979999986, "POINT_Y": 5364815.8648000006 }, "geometry": { "type": "MultiPoint", "coordinates": [ [ -123.369062212972494, 48.435901501663807 ] ] } },
{ "type": "Feature", "properties": { "OBJECTID": 2680, "StreetName1": "QUADRA ST", "StreetName2": "ROCKLAND AVE", "Intersection": "QUADRA ST & ROCKLAND AVE", "Jurisdiction": "COV", "POINT_X": 473359.8526999997, "POINT_Y": 5363331.2378000002 }, "geometry": { "type": "MultiPoint", "coordinates": [ [ -123.360093905635082, 48.422573417207246 ] ] } },
{ "type": "Feature", "properties": { "OBJECTID": 2681, "StreetName1": "COOK ST", "StreetName2": "ROCKLAND AVE", "Intersection": "COOK ST & ROCKLAND AVE", "Jurisdiction": "COV", "POINT_X": 473782.2921000002, "POINT_Y": 5363274.5253 }, "geometry": { "type": "MultiPoint", "coordinates": [ [ -123.354380615574755, 48.422080937447568 ] ] } },
{ "type": "Feature", "properties": { "OBJECTID": 2682, "StreetName1": "LINDEN AVE", "StreetName2": "ROCKLAND AVE", "Intersection": "LINDEN AVE & ROCKLAND AVE", "Jurisdiction": "COV", "POINT_X": 474031.61930000037, "POINT_Y": 5363205.658 }, "geometry": { "type": "MultiPoint", "coordinates": [ [ -123.351006443623831, 48.421471711528973 ] ] } },
{ "type": "Feature", "properties": { "OBJECTID": 2683, "StreetName1": "LANGHAM CRT", "StreetName2": "ROCKLAND AVE", "Intersection": "LANGHAM CRT & ROCKLAND AVE", "Jurisdiction": "COV", "POINT_X": 474136.23039999977, "POINT_Y": 5363159.8981999997 }, "geometry": { "type": "MultiPoint", "coordinates": [ [ -123.349589713792227, 48.421064344209888 ] ] } },
{ "type": "Feature", "properties": { "OBJECTID": 2684, "StreetName1": "MOSS ST", "StreetName2": "ROCKLAND AVE", "Intersection": "MOSS ST & ROCKLAND AVE", "Jurisdiction": "COV", "POINT_X": 474293.56560000032, "POINT_Y": 5363132.8692000005 }, "geometry": { "type": "MultiPoint", "coordinates": [ [ -123.347461555637523, 48.420827622313212 ] ] } },
{ "type": "Feature", "properties": { "OBJECTID": 2685, "StreetName1": "GILLESPIE PL", "StreetName2": "ROCKLAND AVE", "Intersection": "GILLESPIE PL & ROCKLAND AVE", "Jurisdiction": "COV", "POINT_X": 474357.19710000046, "POINT_Y": 5363121.6053999998 }, "geometry": { "type": "MultiPoint", "coordinates": [ [ -123.346600844110924, 48.420728882755817 ] ] } },
{ "type": "Feature", "properties": { "OBJECTID": 2686, "StreetName1": "ROBLEDA CRES", "StreetName2": "ROCKLAND AVE", "Intersection": "ROBLEDA CRES & ROCKLAND AVE", "Jurisdiction": "COV", "POINT_X": 474467.01609999966, "POINT_Y": 5363028.4554999992 }, "geometry": { "type": "MultiPoint", "coordinates": [ [ -123.34511089638643, 48.419895333562003 ] ] } },
{ "type": "Feature", "properties": { "OBJECTID": 2687, "StreetName1": "LOTBINIERE AVE", "StreetName2": "ROCKLAND AVE", "Intersection": "LOTBINIERE AVE & ROCKLAND AVE", "Jurisdiction": "COV", "POINT_X": 474581.67470000032, "POINT_Y": 5362994.4606 }, "geometry": { "type": "MultiPoint", "coordinates": [ [ -123.343559175133535, 48.419594140192842 ] ] } },
{ "type": "Feature", "properties": { "OBJECTID": 2688, "StreetName1": "JOAN CRES", "StreetName2": "ROCKLAND AVE", "Intersection": "JOAN CRES & ROCKLAND AVE", "Jurisdiction": "COV", "POINT_X": 474663.89520000014, "POINT_Y": 5363021.5714999996 }, "geometry": { "type": "MultiPoint", "coordinates": [ [ -123.342449574235914, 48.41984135218469 ] ] } },
{ "type": "Feature", "properties": { "OBJECTID": 2689, "StreetName1": "PEMBERTON RD", "StreetName2": "ROCKLAND AVE", "Intersection": "PEMBERTON RD & ROCKLAND AVE", "Jurisdiction": "COV", "POINT_X": 474859.45129999984, "POINT_Y": 5363034.1465000007 }, "geometry": { "type": "MultiPoint", "coordinates": [ [ -123.339807305039358, 48.419962316785799 ] ] } },
{ "type": "Feature", "properties": { "OBJECTID": 2690, "StreetName1": "PIERMONT PL", "StreetName2": "ROCKLAND AVE", "Intersection": "PIERMONT PL & ROCKLAND AVE", "Jurisdiction": "COV", "POINT_X": 475108.4019, "POINT_Y": 5363101.8455999997 }, "geometry": { "type": "MultiPoint", "coordinates": [ [ -123.336446642670495, 48.420581249842385 ] ] } },
{ "type": "Feature", "properties": { "OBJECTID": 2691, "StreetName1": "GONZALES AVE", "StreetName2": "ROCKLAND AVE", "Intersection": "GONZALES AVE & ROCKLAND AVE", "Jurisdiction": "COV", "POINT_X": 475132.30680000037, "POINT_Y": 5363110.8846000005 }, "geometry": { "type": "MultiPoint", "coordinates": [ [ -123.336124089149479, 48.420663512242342 ] ] } },
{ "type": "Feature", "properties": { "OBJECTID": 2692, "StreetName1": "DEREEN PL", "StreetName2": "ROCKLAND AVE", "Intersection": "DEREEN PL & ROCKLAND AVE", "Jurisdiction": "COV", "POINT_X": 475210.862, "POINT_Y": 5363164.9345999993 }, "geometry": { "type": "MultiPoint", "coordinates": [ [ -123.335065560508809, 48.421152862544588 ] ] } },
{ "type": "Feature", "properties": { "OBJECTID": 2693, "StreetName1": "PATLY PL", "StreetName2": "ROCKLAND AVE", "Intersection": "PATLY PL & ROCKLAND AVE", "Jurisdiction": "COV", "POINT_X": 475228.19859999977, "POINT_Y": 5363196.0463999994 }, "geometry": { "type": "MultiPoint", "coordinates": [ [ -123.334833081122682, 48.421433437899765 ] ] } },
{ "type": "Feature", "properties": { "OBJECTID": 2694, "StreetName1": "ALGOA PL", "StreetName2": "ROCKLAND AVE", "Intersection": "ALGOA PL & ROCKLAND AVE", "Jurisdiction": "COV", "POINT_X": 475247.57880000025, "POINT_Y": 5363230.8246 }, "geometry": { "type": "MultiPoint", "coordinates": [ [ -123.334573194500507, 48.421747077384026 ] ] } },
{ "type": "Feature", "properties": { "OBJECTID": 2695, "StreetName1": "OAK SHADE LANE", "StreetName2": "ROCKLAND AVE", "Intersection": "OAK SHADE LANE & ROCKLAND AVE", "Jurisdiction": "COV", "POINT_X": 475325.4626000002, "POINT_Y": 5363339.8823000006 }, "geometry": { "type": "MultiPoint", "coordinates": [ [ -123.333526940715615, 48.422731256771272 ] ] } },
{ "type": "Feature", "properties": { "OBJECTID": 2696, "StreetName1": "LYMAN DUFF LANE", "StreetName2": "ROCKLAND AVE", "Intersection": "LYMAN DUFF LANE & ROCKLAND AVE", "Jurisdiction": "COV", "POINT_X": 475362.43159999978, "POINT_Y": 5363359.5269000009 }, "geometry": { "type": "MultiPoint", "coordinates": [ [ -123.333028414895111, 48.422909434068728 ] ] } },
{ "type": "Feature", "properties": { "OBJECTID": 2697, "StreetName1": "CYRIL CLOSE", "StreetName2": "ROCKLAND AVE", "Intersection": "CYRIL CLOSE & ROCKLAND AVE", "Jurisdiction": "COV", "POINT_X": 475393.55819999985, "POINT_Y": 5363547.3201000001 }, "geometry": { "type": "MultiPoint", "coordinates": [ [ -123.33261872327499, 48.42460010790365 ] ] } },
{ "type": "Feature", "properties": { "OBJECTID": 2698, "StreetName1": "GREEN OAKS TERR", "StreetName2": "ROCKLAND AVE", "Intersection": "GREEN OAKS TERR & ROCKLAND AVE", "Jurisdiction": "COV", "POINT_X": 475393.737, "POINT_Y": 5363504.97 }, "geometry": { "type": "MultiPoint", "coordinates": [ [ -123.332613820536068, 48.424219117783743 ] ] } },
{ "type": "Feature", "properties": { "OBJECTID": 2699, "StreetName1": "OAK BAY AVE", "StreetName2": "ROCKLAND AVE", "Intersection": "OAK BAY AVE & ROCKLAND AVE", "Jurisdiction": "COV", "POINT_X": 475413.78639999963, "POINT_Y": 5363755.7069000006 }, "geometry": { "type": "MultiPoint", "coordinates": [ [ -123.332357527982012, 48.426475622017854 ] ] } },
{ "type": "Feature", "properties": { "OBJECTID": 2700, "StreetName1": "ROCKLAND AVE", "StreetName2": "ROCKLAND PL", "Intersection": "ROCKLAND AVE & ROCKLAND PL", "Jurisdiction": "COV", "POINT_X": 474897.49419999961, "POINT_Y": 5363032.6039000005 }, "geometry": { "type": "MultiPoint", "coordinates": [ [ -123.339293045570059, 48.419949956187445 ] ] } },
{ "type": "Feature", "properties": { "OBJECTID": 2701, "StreetName1": "FOUL BAY RD", "StreetName2": "ROMNEY RD", "Intersection": "FOUL BAY RD & ROMNEY RD", "Jurisdiction": "COV", "POINT_X": 475961.03980000038, "POINT_Y": 5362857.8215999994 }, "geometry": { "type": "MultiPoint", "coordinates": [ [ -123.324908709072176, 48.418419033251254 ] ] } },
{ "type": "Feature", "properties": { "OBJECTID": 2702, "StreetName1": "BAY ST", "StreetName2": "ROSEBERRY AVE", "Intersection": "BAY ST & ROSEBERRY AVE", "Jurisdiction": "COV", "POINT_X": 474581.00540000014, "POINT_Y": 5364645.3997000009 }, "geometry": { "type": "MultiPoint", "coordinates": [ [ -123.343668346244456, 48.43444654607265 ] ] } },
{ "type": "Feature", "properties": { "OBJECTID": 2703, "StreetName1": "HAULTAIN ST", "StreetName2": "ROSEBERRY AVE", "Intersection": "HAULTAIN ST & ROSEBERRY AVE", "Jurisdiction": "COV", "POINT_X": 474585.84140000027, "POINT_Y": 5364841.109 }, "geometry": { "type": "MultiPoint", "coordinates": [ [ -123.343614839367334, 48.436207408930599 ] ] } },
{ "type": "Feature", "properties": { "OBJECTID": 2704, "StreetName1": "KINGS RD", "StreetName2": "ROSEBERRY AVE", "Intersection": "KINGS RD & ROSEBERRY AVE", "Jurisdiction": "COV", "POINT_X": 474590.8427, "POINT_Y": 5365058.8923000004 }, "geometry": { "type": "MultiPoint", "coordinates": [ [ -123.343560433245713, 48.438166863044316 ] ] } },
{ "type": "Feature", "properties": { "OBJECTID": 2705, "StreetName1": "HILLSIDE AVE", "StreetName2": "ROSS LANE", "Intersection": "HILLSIDE AVE & ROSS LANE", "Jurisdiction": "COV", "POINT_X": 472999.51020000037, "POINT_Y": 5365122.1541000009 }, "geometry": { "type": "MultiPoint", "coordinates": [ [ -123.365079729825212, 48.438669743096973 ] ] } },
{ "type": "Feature", "properties": { "OBJECTID": 2706, "StreetName1": "HILL ST", "StreetName2": "ROSS LANE", "Intersection": "HILL ST & ROSS LANE", "Jurisdiction": "COV", "POINT_X": 473040.26570000034, "POINT_Y": 5365011.0669 }, "geometry": { "type": "MultiPoint", "coordinates": [ [ -123.364521550100974, 48.437672114272871 ] ] } },
{ "type": "Feature", "properties": { "OBJECTID": 2707, "StreetName1": "KINGS RD", "StreetName2": "ROSS LANE", "Intersection": "KINGS RD & ROSS LANE", "Jurisdiction": "COV", "POINT_X": 473076.63879999984, "POINT_Y": 5364916.0194000006 }, "geometry": { "type": "MultiPoint", "coordinates": [ [ -123.36402367261212, 48.43681859336769 ] ] } },
{ "type": "Feature", "properties": { "OBJECTID": 2708, "StreetName1": "PASSMORE ST", "StreetName2": "ROSS ST", "Intersection": "PASSMORE ST & ROSS ST", "Jurisdiction": "COV", "POINT_X": 475203.16019999981, "POINT_Y": 5362019.0228000004 }, "geometry": { "type": "MultiPoint", "coordinates": [ [ -123.335101901455431, 48.410843502069646 ] ] } },
{ "type": "Feature", "properties": { "OBJECTID": 2709, "StreetName1": "BEECHWOOD AVE", "StreetName2": "ROSS ST", "Intersection": "BEECHWOOD AVE & ROSS ST", "Jurisdiction": "COV", "POINT_X": 475371.96349999961, "POINT_Y": 5362020.5750999991 }, "geometry": { "type": "MultiPoint", "coordinates": [ [ -123.33282094565098, 48.410864087532254 ] ] } },
{ "type": "Feature", "properties": { "OBJECTID": 2710, "StreetName1": "CRESCENT RD", "StreetName2": "ROSS ST", "Intersection": "CRESCENT RD & ROSS ST", "Jurisdiction": "COV", "POINT_X": 475463.41330000013, "POINT_Y": 5362049.1469000001 }, "geometry": { "type": "MultiPoint", "coordinates": [ [ -123.331586850707922, 48.411124698328187 ] ] } },
{ "type": "Feature", "properties": { "OBJECTID": 2711, "StreetName1": "ESQUIMALT RD", "StreetName2": "ROTHWELL ST", "Intersection": "ESQUIMALT RD & ROTHWELL ST", "Jurisdiction": "COV", "POINT_X": 470885.57359999977, "POINT_Y": 5364335.9615000002 }, "geometry": { "type": "MultiPoint", "coordinates": [ [ -123.39360624646369, 48.431502705386976 ] ] } },
{ "type": "Feature", "properties": { "OBJECTID": 2712, "StreetName1": "ROCKLAND AVE", "StreetName2": "ROYAL TERR", "Intersection": "ROCKLAND AVE & ROYAL TERR", "Jurisdiction": "COV", "POINT_X": 474489.6897, "POINT_Y": 5363015.2443000004 }, "geometry": { "type": "MultiPoint", "coordinates": [ [ -123.344803649148076, 48.419777399445792 ] ] } },
{ "type": "Feature", "properties": { "OBJECTID": 2713, "StreetName1": "MANOR RD", "StreetName2": "ROYAL TERR", "Intersection": "MANOR RD & ROYAL TERR", "Jurisdiction": "COV", "POINT_X": 474509.24519999977, "POINT_Y": 5363125.0222999994 }, "geometry": { "type": "MultiPoint", "coordinates": [ [ -123.344546022851318, 48.420765793943843 ] ] } },
{ "type": "Feature", "properties": { "OBJECTID": 2714, "StreetName1": "CRAIGDARROCH RD", "StreetName2": "ROYAL TERR", "Intersection": "CRAIGDARROCH RD & ROYAL TERR", "Jurisdiction": "COV", "POINT_X": 474524.78330000024, "POINT_Y": 5363216.8543999996 }, "geometry": { "type": "MultiPoint", "coordinates": [ [ -123.344341595073459, 48.421592577435 ] ] } },
{ "type": "Feature", "properties": { "OBJECTID": 2715, "StreetName1": "CHAMBERS ST", "StreetName2": "RUDLIN ST", "Intersection": "CHAMBERS ST & RUDLIN ST", "Jurisdiction": "COV", "POINT_X": 474070.24490000028, "POINT_Y": 5363753.3664999995 }, "geometry": { "type": "MultiPoint", "coordinates": [ [ -123.350518265053282, 48.426400681516085 ] ] } },
{ "type": "Feature", "properties": { "OBJECTID": 2716, "StreetName1": "CAMOSUN ST", "StreetName2": "RUDLIN ST", "Intersection": "CAMOSUN ST & RUDLIN ST", "Jurisdiction": "COV", "POINT_X": 474308.7304999996, "POINT_Y": 5363733.0384 }, "geometry": { "type": "MultiPoint", "coordinates": [ [ -123.347293373380722, 48.426227576935958 ] ] } },
{ "type": "Feature", "properties": { "OBJECTID": 2717, "StreetName1": "FERNWOOD RD", "StreetName2": "RUDLIN ST", "Intersection": "FERNWOOD RD & RUDLIN ST", "Jurisdiction": "COV", "POINT_X": 474448.04619999975, "POINT_Y": 5363721.3221000005 }, "geometry": { "type": "MultiPoint", "coordinates": [ [ -123.345409513856595, 48.426127840887574 ] ] } },
{ "type": "Feature", "properties": { "OBJECTID": 2718, "StreetName1": "COWICHAN ST", "StreetName2": "RUNNYMEDE AVE", "Intersection": "COWICHAN ST & RUNNYMEDE AVE", "Jurisdiction": "COV", "POINT_X": 475917.24749999959, "POINT_Y": 5363042.7413 }, "geometry": { "type": "MultiPoint", "coordinates": [ [ -123.32551118574375, 48.420080969033847 ] ] } },
{ "type": "Feature", "properties": { "OBJECTID": 2719, "StreetName1": "FOUL BAY RD", "StreetName2": "RUNNYMEDE AVE", "Intersection": "FOUL BAY RD & RUNNYMEDE AVE", "Jurisdiction": "COV", "POINT_X": 476029.56940000039, "POINT_Y": 5362941.9387999997 }, "geometry": { "type": "MultiPoint", "coordinates": [ [ -123.323987335558385, 48.419178395387277 ] ] } },
{ "type": "Feature", "properties": { "OBJECTID": 2720, "StreetName1": "FAIRFIELD RD", "StreetName2": "RUPERT TERR", "Intersection": "FAIRFIELD RD & RUPERT TERR", "Jurisdiction": "COV", "POINT_X": 473171.80730000045, "POINT_Y": 5363145.0275999997 }, "geometry": { "type": "MultiPoint", "coordinates": [ [ -123.362623633065184, 48.420890224554924 ] ] } },
{ "type": "Feature", "properties": { "OBJECTID": 2721, "StreetName1": "QUADRA ST", "StreetName2": "RUPERT TERR", "Intersection": "QUADRA ST & RUPERT TERR", "Jurisdiction": "COV", "POINT_X": 473327.43620000035, "POINT_Y": 5363197.4708999991 }, "geometry": { "type": "MultiPoint", "coordinates": [ [ -123.360523540511295, 48.421368632000181 ] ] } },
{ "type": "Feature", "properties": { "OBJECTID": 2722, "StreetName1": "LANGFORD ST", "StreetName2": "RUSSELL ST", "Intersection": "LANGFORD ST & RUSSELL ST", "Jurisdiction": "COV", "POINT_X": 471356.85670000035, "POINT_Y": 5364722.834000001 }, "geometry": { "type": "MultiPoint", "coordinates": [ [ -123.387261681149724, 48.435004741767123 ] ] } },
{ "type": "Feature", "properties": { "OBJECTID": 2723, "StreetName1": "RAYNOR AVE", "StreetName2": "RUSSELL ST", "Intersection": "RAYNOR AVE & RUSSELL ST", "Jurisdiction": "COV", "POINT_X": 471357.45689999964, "POINT_Y": 5364889.9484000001 }, "geometry": { "type": "MultiPoint", "coordinates": [ [ -123.387264992578167, 48.436508179798359 ] ] } },
{ "type": "Feature", "properties": { "OBJECTID": 2724, "StreetName1": "FRONT ST", "StreetName2": "RUSSELL ST", "Intersection": "FRONT ST & RUSSELL ST", "Jurisdiction": "COV", "POINT_X": 471358.57469999976, "POINT_Y": 5364687.7177000009 }, "geometry": { "type": "MultiPoint", "coordinates": [ [ -123.387236054148559, 48.434688903221463 ] ] } },
{ "type": "Feature", "properties": { "OBJECTID": 2725, "StreetName1": "EDWARD ST", "StreetName2": "RUSSELL ST", "Intersection": "EDWARD ST & RUSSELL ST", "Jurisdiction": "COV", "POINT_X": 471359.66050000023, "POINT_Y": 5364588.0684999991 }, "geometry": { "type": "MultiPoint", "coordinates": [ [ -123.387214562891728, 48.43379247860544 ] ] } },
{ "type": "Feature", "properties": { "OBJECTID": 2726, "StreetName1": "HENRY ST", "StreetName2": "RUSSELL ST", "Intersection": "HENRY ST & RUSSELL ST", "Jurisdiction": "COV", "POINT_X": 471361.1043999996, "POINT_Y": 5364406.5962000005 }, "geometry": { "type": "MultiPoint", "coordinates": [ [ -123.387182638782789, 48.432159964825949 ] ] } },
{ "type": "Feature", "properties": { "OBJECTID": 2727, "StreetName1": "MILNE ST", "StreetName2": "RUSSELL ST", "Intersection": "MILNE ST & RUSSELL ST", "Jurisdiction": "COV", "POINT_X": 471361.52919999976, "POINT_Y": 5363989.3820999991 }, "geometry": { "type": "MultiPoint", "coordinates": [ [ -123.387148383381572, 48.428406598686173 ] ] } },
{ "type": "Feature", "properties": { "OBJECTID": 2728, "StreetName1": "CRAIGFLOWER RD", "StreetName2": "RUSSELL ST", "Intersection": "CRAIGFLOWER RD & RUSSELL ST", "Jurisdiction": "COV", "POINT_X": 471361.64659999963, "POINT_Y": 5364794.2352000009 }, "geometry": { "type": "MultiPoint", "coordinates": [ [ -123.387201805638199, 48.435647306101046 ] ] } },
{ "type": "Feature", "properties": { "OBJECTID": 2729, "StreetName1": "DUNDAS ST", "StreetName2": "RUSSELL ST", "Intersection": "DUNDAS ST & RUSSELL ST", "Jurisdiction": "COV", "POINT_X": 471361.66210000031, "POINT_Y": 5364308.4682999998 }, "geometry": { "type": "MultiPoint", "coordinates": [ [ -123.387168392827078, 48.431277201857768 ] ] } },
{ "type": "Feature", "properties": { "OBJECTID": 2730, "StreetName1": "ESQUIMALT RD", "StreetName2": "RUSSELL ST", "Intersection": "ESQUIMALT RD & RUSSELL ST", "Jurisdiction": "COV", "POINT_X": 471362.0887000002, "POINT_Y": 5364216.2993000001 }, "geometry": { "type": "MultiPoint", "coordinates": [ [ -123.387156326916354, 48.430448040871333 ] ] } },
{ "type": "Feature", "properties": { "OBJECTID": 2731, "StreetName1": "REED ST", "StreetName2": "RUTLEDGE ST", "Intersection": "REED ST & RUTLEDGE ST", "Jurisdiction": "COV", "POINT_X": 473015.02550000045, "POINT_Y": 5366015.2150999997 }, "geometry": { "type": "MultiPoint", "coordinates": [ [ -123.364927504857235, 48.446704660998286 ] ] } },
{ "type": "Feature", "properties": { "OBJECTID": 2732, "StreetName1": "FINLAYSON ST", "StreetName2": "RUTLEDGE ST", "Intersection": "FINLAYSON ST & RUTLEDGE ST", "Jurisdiction": "COV", "POINT_X": 473032.68460000027, "POINT_Y": 5365916.9246999994 }, "geometry": { "type": "MultiPoint", "coordinates": [ [ -123.364682378641348, 48.445821167696216 ] ] } },
{ "type": "Feature", "properties": { "OBJECTID": 2733, "StreetName1": "MT STEPHEN AVE", "StreetName2": "RYAN ST", "Intersection": "MT STEPHEN AVE & RYAN ST", "Jurisdiction": "COV", "POINT_X": 474283.633, "POINT_Y": 5365293.9201999996 }, "geometry": { "type": "MultiPoint", "coordinates": [ [ -123.347728422498832, 48.440268776823665 ] ] } },
{ "type": "Feature", "properties": { "OBJECTID": 2734, "StreetName1": "CEDAR HILL RD", "StreetName2": "RYAN ST", "Intersection": "CEDAR HILL RD & RYAN ST", "Jurisdiction": "COV", "POINT_X": 474501.36830000021, "POINT_Y": 5365278.8057000004 }, "geometry": { "type": "MultiPoint", "coordinates": [ [ -123.344783539719842, 48.440141659584114 ] ] } },
{ "type": "Feature", "properties": { "OBJECTID": 2735, "StreetName1": "CEDAR HILL RD", "StreetName2": "RYAN ST", "Intersection": "CEDAR HILL RD & RYAN ST", "Jurisdiction": "COV", "POINT_X": 474509.09619999956, "POINT_Y": 5365294.3697999995 }, "geometry": { "type": "MultiPoint", "coordinates": [ [ -123.344679999605788, 48.440281992400287 ] ] } },
{ "type": "Feature", "properties": { "OBJECTID": 2736, "StreetName1": "IVY PL", "StreetName2": "RYAN ST", "Intersection": "IVY PL & RYAN ST", "Jurisdiction": "COV", "POINT_X": 474544.05240000039, "POINT_Y": 5365277.8476999998 }, "geometry": { "type": "MultiPoint", "coordinates": [ [ -123.344206358287011, 48.4401347687186 ] ] } },
{ "type": "Feature", "properties": { "OBJECTID": 2737, "StreetName1": "ROSEBERRY AVE", "StreetName2": "RYAN ST", "Intersection": "ROSEBERRY AVE & RYAN ST", "Jurisdiction": "COV", "POINT_X": 474595.82739999983, "POINT_Y": 5365276.6856999993 }, "geometry": { "type": "MultiPoint", "coordinates": [ [ -123.343506248397631, 48.440126406665783 ] ] } },
{ "type": "Feature", "properties": { "OBJECTID": 2738, "StreetName1": "AVEBURY AVE", "StreetName2": "RYAN ST", "Intersection": "AVEBURY AVE & RYAN ST", "Jurisdiction": "COV", "POINT_X": 474694.4358000001, "POINT_Y": 5365274.4699000008 }, "geometry": { "type": "MultiPoint", "coordinates": [ [ -123.342172850139917, 48.440110444542633 ] ] } },
{ "type": "Feature", "properties": { "OBJECTID": 2739, "StreetName1": "ASQUITH ST", "StreetName2": "RYAN ST", "Intersection": "ASQUITH ST & RYAN ST", "Jurisdiction": "COV", "POINT_X": 474792.97840000037, "POINT_Y": 5365272.2555 }, "geometry": { "type": "MultiPoint", "coordinates": [ [ -123.340840342388802, 48.440094476927605 ] ] } },
{ "type": "Feature", "properties": { "OBJECTID": 2740, "StreetName1": "BELMONT AVE", "StreetName2": "RYAN ST", "Intersection": "BELMONT AVE & RYAN ST", "Jurisdiction": "COV", "POINT_X": 474903.61475000007, "POINT_Y": 5365269.7634999994 }, "geometry": { "type": "MultiPoint", "coordinates": [ [ -123.339663602314161, 48.440080363434895 ], [ -123.339025001117136, 48.440072593248971 ] ] } },
{ "type": "Feature", "properties": { "OBJECTID": 2741, "StreetName1": "FORBES ST", "StreetName2": "RYAN ST", "Intersection": "FORBES ST & RYAN ST", "Jurisdiction": "COV", "POINT_X": 474971.10589999985, "POINT_Y": 5365268.23 }, "geometry": { "type": "MultiPoint", "coordinates": [ [ -123.338431676294434, 48.440065370113821 ] ] } },
{ "type": "Feature", "properties": { "OBJECTID": 2742, "StreetName1": "LIONEL ST", "StreetName2": "RYAN ST", "Intersection": "LIONEL ST & RYAN ST", "Jurisdiction": "COV", "POINT_X": 475044.98089999985, "POINT_Y": 5365266.5856 }, "geometry": { "type": "MultiPoint", "coordinates": [ [ -123.337432729970899, 48.440053509629053 ] ] } },
{ "type": "Feature", "properties": { "OBJECTID": 2743, "StreetName1": "KIMTA RD", "StreetName2": "SAGHALIE RD", "Intersection": "KIMTA RD & SAGHALIE RD", "Jurisdiction": "COV", "POINT_X": 471755.28050000034, "POINT_Y": 5364014.0210999995 }, "geometry": { "type": "MultiPoint", "coordinates": [ [ -123.381827459771927, 48.428646042681557 ] ] } },
{ "type": "Feature", "properties": { "OBJECTID": 2744, "StreetName1": "DALLAS RD", "StreetName2": "SAN JOSE AVE", "Intersection": "DALLAS RD & SAN JOSE AVE", "Jurisdiction": "COV", "POINT_X": 471782.49280000012, "POINT_Y": 5362362.9750999995 }, "geometry": { "type": "MultiPoint", "coordinates": [ [ -123.381348492204793, 48.413793915057497 ] ] } },
{ "type": "Feature", "properties": { "OBJECTID": 2745, "StreetName1": "NIAGARA ST", "StreetName2": "SAN JOSE AVE", "Intersection": "NIAGARA ST & SAN JOSE AVE", "Jurisdiction": "COV", "POINT_X": 471928.4309, "POINT_Y": 5362566.8466999996 }, "geometry": { "type": "MultiPoint", "coordinates": [ [ -123.379389964977989, 48.415634532029905 ] ] } },
{ "type": "Feature", "properties": { "OBJECTID": 2746, "StreetName1": "PEMBROKE ST", "StreetName2": "SAYWARD ST", "Intersection": "PEMBROKE ST & SAYWARD ST", "Jurisdiction": "COV", "POINT_X": 474545.4858, "POINT_Y": 5364301.4967999998 }, "geometry": { "type": "MultiPoint", "coordinates": [ [ -123.344127653310579, 48.43135124205412 ] ] } },
{ "type": "Feature", "properties": { "OBJECTID": 2747, "StreetName1": "DENMAN ST", "StreetName2": "SAYWARD ST", "Intersection": "DENMAN ST & SAYWARD ST", "Jurisdiction": "COV", "POINT_X": 474551.00970000029, "POINT_Y": 5364460.9883999992 }, "geometry": { "type": "MultiPoint", "coordinates": [ [ -123.344062665492871, 48.432786306931412 ] ] } },
{ "type": "Feature", "properties": { "OBJECTID": 2748, "StreetName1": "BAY ST", "StreetName2": "SCOTT ST", "Intersection": "BAY ST & SCOTT ST", "Jurisdiction": "COV", "POINT_X": 475216.22350000031, "POINT_Y": 5364594.3418000005 }, "geometry": { "type": "MultiPoint", "coordinates": [ [ -123.335077621937501, 48.434012537136766 ] ] } },
{ "type": "Feature", "properties": { "OBJECTID": 2749, "StreetName1": "HAULTAIN ST", "StreetName2": "SCOTT ST", "Intersection": "HAULTAIN ST & SCOTT ST", "Jurisdiction": "COV", "POINT_X": 475221.99490000028, "POINT_Y": 5364826.4943000004 }, "geometry": { "type": "MultiPoint", "coordinates": [ [ -123.335013327774547, 48.436101289344073 ] ] } },
{ "type": "Feature", "properties": { "OBJECTID": 2750, "StreetName1": "KINGS RD", "StreetName2": "SCOTT ST", "Intersection": "KINGS RD & SCOTT ST", "Jurisdiction": "COV", "POINT_X": 475226.94429999962, "POINT_Y": 5365044.3899000008 }, "geometry": { "type": "MultiPoint", "coordinates": [ [ -123.334959299281039, 48.438061748430897 ] ] } },
{ "type": "Feature", "properties": { "OBJECTID": 2751, "StreetName1": "RYAN ST", "StreetName2": "SCOTT ST", "Intersection": "RYAN ST & SCOTT ST", "Jurisdiction": "COV", "POINT_X": 475231.9364, "POINT_Y": 5365262.3882 }, "geometry": { "type": "MultiPoint", "coordinates": [ [ -123.33490469575645, 48.440023132436195 ] ] } },
{ "type": "Feature", "properties": { "OBJECTID": 2752, "StreetName1": "PEARL ST", "StreetName2": "SCOTT ST", "Intersection": "PEARL ST & SCOTT ST", "Jurisdiction": "COV", "POINT_X": 475238.01240000036, "POINT_Y": 5365483.7413999997 }, "geometry": { "type": "MultiPoint", "coordinates": [ [ -123.334835631048321, 48.44201474021407 ] ] } },
{ "type": "Feature", "properties": { "OBJECTID": 2753, "StreetName1": "MYRTLE AVE", "StreetName2": "SCOTT ST", "Intersection": "MYRTLE AVE & SCOTT ST", "Jurisdiction": "COV", "POINT_X": 475243.2257000003, "POINT_Y": 5365674.1591999996 }, "geometry": { "type": "MultiPoint", "coordinates": [ [ -123.334776397670652, 48.443728008086261 ] ] } },
{ "type": "Feature", "properties": { "OBJECTID": 2754, "StreetName1": "HILLSIDE AVE", "StreetName2": "SCOTT ST", "Intersection": "HILLSIDE AVE & SCOTT ST", "Jurisdiction": "COV", "POINT_X": 475247.02880000044, "POINT_Y": 5365829.0832000002 }, "geometry": { "type": "MultiPoint", "coordinates": [ [ -123.33473413133683, 48.445121905890666 ] ] } },
{ "type": "Feature", "properties": { "OBJECTID": 2755, "StreetName1": "MAITLAND ST", "StreetName2": "SEAFORTH ST", "Intersection": "MAITLAND ST & SEAFORTH ST", "Jurisdiction": "COV", "POINT_X": 471122.74610000011, "POINT_Y": 5364118.536 }, "geometry": { "type": "MultiPoint", "coordinates": [ [ -123.390385061715136, 48.429557601858413 ] ] } },
{ "type": "Feature", "properties": { "OBJECTID": 2756, "StreetName1": "ROBERT ST", "StreetName2": "SEAFORTH ST", "Intersection": "ROBERT ST & SEAFORTH ST", "Jurisdiction": "COV", "POINT_X": 471237.59329999983, "POINT_Y": 5364117.4486999996 }, "geometry": { "type": "MultiPoint", "coordinates": [ [ -123.388832491273845, 48.429553076450688 ] ] } },
{ "type": "Feature", "properties": { "OBJECTID": 2757, "StreetName1": "ARM ST", "StreetName2": "SELKIRK AVE", "Intersection": "ARM ST & SELKIRK AVE", "Jurisdiction": "COV", "POINT_X": 470919.6903, "POINT_Y": 5365420.9427000005 }, "geometry": { "type": "MultiPoint", "coordinates": [ [ -123.393220359508703, 48.441265086802915 ] ] } },
{ "type": "Feature", "properties": { "OBJECTID": 2758, "StreetName1": "BURLEITH CRES", "StreetName2": "SELKIRK AVE", "Intersection": "BURLEITH CRES & SELKIRK AVE", "Jurisdiction": "COV", "POINT_X": 471033.4289, "POINT_Y": 5365376.9735000003 }, "geometry": { "type": "MultiPoint", "coordinates": [ [ -123.392035575552526, 48.440959344662815 ], [ -123.391323337213905, 48.440790197960247 ] ] } },
{ "type": "Feature", "properties": { "OBJECTID": 2759, "StreetName1": "COVENTRY AVE", "StreetName2": "SELKIRK AVE", "Intersection": "COVENTRY AVE & SELKIRK AVE", "Jurisdiction": "COV", "POINT_X": 471161.33270000014, "POINT_Y": 5365264.6962000001 }, "geometry": { "type": "MultiPoint", "coordinates": [ [ -123.389942347031877, 48.439870566077182 ] ] } },
{ "type": "Feature", "properties": { "OBJECTID": 2760, "StreetName1": "BURTON AVE", "StreetName2": "SHAKESPEARE ST", "Intersection": "BURTON AVE & SHAKESPEARE ST", "Jurisdiction": "COV", "POINT_X": 474998.25719999988, "POINT_Y": 5366120.0006000008 }, "geometry": { "type": "MultiPoint", "coordinates": [ [ -123.338115426059744, 48.447729260944364 ] ] } },
{ "type": "Feature", "properties": { "OBJECTID": 2761, "StreetName1": "OAKLAND AVE", "StreetName2": "SHAKESPEARE ST", "Intersection": "OAKLAND AVE & SHAKESPEARE ST", "Jurisdiction": "COV", "POINT_X": 475042.78579999972, "POINT_Y": 5366033.9807999991 }, "geometry": { "type": "MultiPoint", "coordinates": [ [ -123.337508145821445, 48.44695716614379 ] ] } },
{ "type": "Feature", "properties": { "OBJECTID": 2762, "StreetName1": "EDGEWARE RD", "StreetName2": "SHAKESPEARE ST", "Intersection": "EDGEWARE RD & SHAKESPEARE ST", "Jurisdiction": "COV", "POINT_X": 475084.83260000031, "POINT_Y": 5365948.7223000005 }, "geometry": { "type": "MultiPoint", "coordinates": [ [ -123.336934489271059, 48.446191818649091 ] ] } },
{ "type": "Feature", "properties": { "OBJECTID": 2763, "StreetName1": "HAULTAIN ST", "StreetName2": "SHAKESPEARE ST", "Intersection": "HAULTAIN ST & SHAKESPEARE ST", "Jurisdiction": "COV", "POINT_X": 475134.81180000026, "POINT_Y": 5364828.4973000009 }, "geometry": { "type": "MultiPoint", "coordinates": [ [ -123.33619213953429, 48.436115871623443 ] ] } },
{ "type": "Feature", "properties": { "OBJECTID": 2764, "StreetName1": "BAY ST", "StreetName2": "SHAKESPEARE ST", "Intersection": "BAY ST & SHAKESPEARE ST", "Jurisdiction": "COV", "POINT_X": 475153.44949999958, "POINT_Y": 5364599.1997499987 }, "geometry": { "type": "MultiPoint", "coordinates": [ [ -123.33625993840586, 48.434069955334955 ], [ -123.335593188686772, 48.434037577224579 ] ] } },
{ "type": "Feature", "properties": { "OBJECTID": 2765, "StreetName1": "BEGBIE ST", "StreetName2": "SHAKESPEARE ST", "Intersection": "BEGBIE ST & SHAKESPEARE ST", "Jurisdiction": "COV", "POINT_X": 475154.49990000017, "POINT_Y": 5364085.1929000001 }, "geometry": { "type": "MultiPoint", "coordinates": [ [ -123.33588188507477, 48.42942962065036 ] ] } },
{ "type": "Feature", "properties": { "OBJECTID": 2766, "StreetName1": "GLADSTONE AVE", "StreetName2": "SHAKESPEARE ST", "Intersection": "GLADSTONE AVE & SHAKESPEARE ST", "Jurisdiction": "COV", "POINT_X": 475159.3289000001, "POINT_Y": 5364175.9477999993 }, "geometry": { "type": "MultiPoint", "coordinates": [ [ -123.335821986459052, 48.430246274648489 ] ] } },
{ "type": "Feature", "properties": { "OBJECTID": 2767, "StreetName1": "RYAN ST", "StreetName2": "SHAKESPEARE ST", "Intersection": "RYAN ST & SHAKESPEARE ST", "Jurisdiction": "COV", "POINT_X": 475160.40139999986, "POINT_Y": 5365263.9847999997 }, "geometry": { "type": "MultiPoint", "coordinates": [ [ -123.335871999539918, 48.440034677187256 ] ] } },
{ "type": "Feature", "properties": { "OBJECTID": 2768, "StreetName1": "LIONEL ST", "StreetName2": "SHAKESPEARE ST", "Intersection": "LIONEL ST & SHAKESPEARE ST", "Jurisdiction": "COV", "POINT_X": 475161.81670000032, "POINT_Y": 5365317.4057999998 }, "geometry": { "type": "MultiPoint", "coordinates": [ [ -123.33585603169449, 48.44051532654661 ] ] } },
{ "type": "Feature", "properties": { "OBJECTID": 2769, "StreetName1": "MORLEY ST", "StreetName2": "SHAKESPEARE ST", "Intersection": "MORLEY ST & SHAKESPEARE ST", "Jurisdiction": "COV", "POINT_X": 475164.07519999985, "POINT_Y": 5365399.6382 }, "geometry": { "type": "MultiPoint", "coordinates": [ [ -123.3358303712088, 48.441255206264493 ] ] } },
{ "type": "Feature", "properties": { "OBJECTID": 2770, "StreetName1": "PEMBROKE ST", "StreetName2": "SHAKESPEARE ST", "Intersection": "PEMBROKE ST & SHAKESPEARE ST", "Jurisdiction": "COV", "POINT_X": 475164.68379999977, "POINT_Y": 5364276.585000001 }, "geometry": { "type": "MultiPoint", "coordinates": [ [ -123.335755562369002, 48.431151853926472 ] ] } },
{ "type": "Feature", "properties": { "OBJECTID": 2771, "StreetName1": "PEARL ST", "StreetName2": "SHAKESPEARE ST", "Intersection": "PEARL ST & SHAKESPEARE ST", "Jurisdiction": "COV", "POINT_X": 475166.369, "POINT_Y": 5365485.2577 }, "geometry": { "type": "MultiPoint", "coordinates": [ [ -123.335804433584997, 48.44202555877186 ] ] } },
{ "type": "Feature", "properties": { "OBJECTID": 2772, "StreetName1": "MYRTLE AVE", "StreetName2": "SHAKESPEARE ST", "Intersection": "MYRTLE AVE & SHAKESPEARE ST", "Jurisdiction": "COV", "POINT_X": 475171.3092, "POINT_Y": 5365675.8875999991 }, "geometry": { "type": "MultiPoint", "coordinates": [ [ -123.335748938152562, 48.443740724413722 ] ] } },
{ "type": "Feature", "properties": { "OBJECTID": 2773, "StreetName1": "DENMAN ST", "StreetName2": "SHAKESPEARE ST", "Intersection": "DENMAN ST & SHAKESPEARE ST", "Jurisdiction": "COV", "POINT_X": 475171.4424000001, "POINT_Y": 5364436.7412 }, "geometry": { "type": "MultiPoint", "coordinates": [ [ -123.335673686705974, 48.432592942331681 ] ] } },
{ "type": "Feature", "properties": { "OBJECTID": 2774, "StreetName1": "HILLSIDE AVE", "StreetName2": "SHAKESPEARE ST", "Intersection": "HILLSIDE AVE & SHAKESPEARE ST", "Jurisdiction": "COV", "POINT_X": 475172.92569999956, "POINT_Y": 5365785.8728999998 }, "geometry": { "type": "MultiPoint", "coordinates": [ [ -123.335733601364453, 48.444730252729236 ] ] } },
{ "type": "Feature", "properties": { "OBJECTID": 2775, "StreetName1": "BAY ST", "StreetName2": "SHELBOURNE ST", "Intersection": "BAY ST & SHELBOURNE ST", "Jurisdiction": "COV", "POINT_X": 475319.53870000038, "POINT_Y": 5364587.4638 }, "geometry": { "type": "MultiPoint", "coordinates": [ [ -123.333680479072171, 48.433954718695631 ] ] } },
{ "type": "Feature", "properties": { "OBJECTID": 2776, "StreetName1": "ALBERT AVE", "StreetName2": "SHELBOURNE ST", "Intersection": "ALBERT AVE & SHELBOURNE ST", "Jurisdiction": "COV", "POINT_X": 475322.6431, "POINT_Y": 5364503.3902000003 }, "geometry": { "type": "MultiPoint", "coordinates": [ [ -123.333633558280653, 48.433198484584125 ] ] } },
{ "type": "Feature", "properties": { "OBJECTID": 2777, "StreetName1": "HAULTAIN ST", "StreetName2": "SHELBOURNE ST", "Intersection": "HAULTAIN ST & SHELBOURNE ST", "Jurisdiction": "COV", "POINT_X": 475325.70249999966, "POINT_Y": 5364820.3003000002 }, "geometry": { "type": "MultiPoint", "coordinates": [ [ -123.33361086284124, 48.436049639156622 ] ] } },
{ "type": "Feature", "properties": { "OBJECTID": 2778, "StreetName1": "KINGS RD", "StreetName2": "SHELBOURNE ST", "Intersection": "KINGS RD & SHELBOURNE ST", "Jurisdiction": "COV", "POINT_X": 475330.746, "POINT_Y": 5365040.2813000008 }, "geometry": { "type": "MultiPoint", "coordinates": [ [ -123.33355563098948, 48.438028862393871 ] ] } },
{ "type": "Feature", "properties": { "OBJECTID": 2779, "StreetName1": "RYAN ST", "StreetName2": "SHELBOURNE ST", "Intersection": "RYAN ST & SHELBOURNE ST", "Jurisdiction": "COV", "POINT_X": 475335.77969999984, "POINT_Y": 5365259.829 }, "geometry": { "type": "MultiPoint", "coordinates": [ [ -123.333500502230535, 48.440004186431864 ] ] } },
{ "type": "Feature", "properties": { "OBJECTID": 2780, "StreetName1": "BEGBIE ST", "StreetName2": "SHELBOURNE ST", "Intersection": "BEGBIE ST & SHELBOURNE ST", "Jurisdiction": "COV", "POINT_X": 475341.2363, "POINT_Y": 5364193.9736000001 }, "geometry": { "type": "MultiPoint", "coordinates": [ [ -123.333363988403136, 48.430415591115036 ] ] } },
{ "type": "Feature", "properties": { "OBJECTID": 2781, "StreetName1": "PEARL ST", "StreetName2": "SHELBOURNE ST", "Intersection": "PEARL ST & SHELBOURNE ST", "Jurisdiction": "COV", "POINT_X": 475341.8865, "POINT_Y": 5365481.1727000009 }, "geometry": { "type": "MultiPoint", "coordinates": [ [ -123.333430965629944, 48.441995709240238 ] ] } },
{ "type": "Feature", "properties": { "OBJECTID": 2782, "StreetName1": "MYRTLE AVE", "StreetName2": "SHELBOURNE ST", "Intersection": "MYRTLE AVE & SHELBOURNE ST", "Jurisdiction": "COV", "POINT_X": 475347.19840000011, "POINT_Y": 5365671.4513000008 }, "geometry": { "type": "MultiPoint", "coordinates": [ [ -123.333370343585074, 48.443707728074834 ] ] } },
{ "type": "Feature", "properties": { "OBJECTID": 2783, "StreetName1": "HILLSIDE AVE", "StreetName2": "SHELBOURNE ST", "Intersection": "HILLSIDE AVE & SHELBOURNE ST", "Jurisdiction": "COV", "POINT_X": 475352.36039999966, "POINT_Y": 5365892.2802000009 }, "geometry": { "type": "MultiPoint", "coordinates": [ [ -123.333313543142566, 48.445694581227102 ] ] } },
{ "type": "Feature", "properties": { "OBJECTID": 2784, "StreetName1": "NORTH DAIRY RD", "StreetName2": "SHELBOURNE ST", "Intersection": "NORTH DAIRY RD & SHELBOURNE ST", "Jurisdiction": "COV", "POINT_X": 475356.50409999955, "POINT_Y": 5366166.41 }, "geometry": { "type": "MultiPoint", "coordinates": [ [ -123.33327364648855, 48.448160906333698 ] ] } },
{ "type": "Feature", "properties": { "OBJECTID": 2785, "StreetName1": "DENMAN ST", "StreetName2": "SHELBOURNE ST", "Intersection": "DENMAN ST & SHELBOURNE ST", "Jurisdiction": "COV", "POINT_X": 475359.5532999998, "POINT_Y": 5364422.835000001 }, "geometry": { "type": "MultiPoint", "coordinates": [ [ -123.333129832901648, 48.432475227013896 ] ] } },
{ "type": "Feature", "properties": { "OBJECTID": 2786, "StreetName1": "PEMBROKE ST", "StreetName2": "SHELBOURNE ST", "Intersection": "PEMBROKE ST & SHELBOURNE ST", "Jurisdiction": "COV", "POINT_X": 475371.35779999953, "POINT_Y": 5364266.9487999994 }, "geometry": { "type": "MultiPoint", "coordinates": [ [ -123.332962904823603, 48.431073284763087 ], [ -123.332959270957289, 48.43107327728422 ] ] } },
{ "type": "Feature", "properties": { "OBJECTID": 2787, "StreetName1": "CORONATION AVE", "StreetName2": "SHELBOURNE ST", "Intersection": "CORONATION AVE & SHELBOURNE ST", "Jurisdiction": "COV", "POINT_X": 475376.121, "POINT_Y": 5364340.0955999997 }, "geometry": { "type": "MultiPoint", "coordinates": [ [ -123.332900995437768, 48.431731522058428 ] ] } },
{ "type": "Feature", "properties": { "OBJECTID": 2788, "StreetName1": "GRIFFITHS ST", "StreetName2": "SHERK ST", "Intersection": "GRIFFITHS ST & SHERK ST", "Jurisdiction": "COV", "POINT_X": 471126.10780000035, "POINT_Y": 5364627.8084999993 }, "geometry": { "type": "MultiPoint", "coordinates": [ [ -123.39037471163617, 48.434139323967194 ] ] } },
{ "type": "Feature", "properties": { "OBJECTID": 2789, "StreetName1": "FOUL BAY RD", "StreetName2": "SHOTBOLT RD", "Intersection": "FOUL BAY RD & SHOTBOLT RD", "Jurisdiction": "COV", "POINT_X": 475753.54949999973, "POINT_Y": 5362466.1394999996 }, "geometry": { "type": "MultiPoint", "coordinates": [ [ -123.327690307615526, 48.414887358075028 ] ] } },
{ "type": "Feature", "properties": { "OBJECTID": 2790, "StreetName1": "FAIRFIELD RD", "StreetName2": "SHOTBOLT RD", "Intersection": "FAIRFIELD RD & SHOTBOLT RD", "Jurisdiction": "COV", "POINT_X": 475861.2187000001, "POINT_Y": 5362546.3501999993 }, "geometry": { "type": "MultiPoint", "coordinates": [ [ -123.326239868896067, 48.415613099193394 ] ] } },
{ "type": "Feature", "properties": { "OBJECTID": 2791, "StreetName1": "DALLAS RD", "StreetName2": "SIMCOE ST", "Intersection": "DALLAS RD & SIMCOE ST", "Jurisdiction": "COV", "POINT_X": 471471.33320000023, "POINT_Y": 5363156.6512000002 }, "geometry": { "type": "MultiPoint", "coordinates": [ [ -123.385607420346702, 48.420920072557116 ] ] } },
{ "type": "Feature", "properties": { "OBJECTID": 2792, "StreetName1": "MONTREAL ST", "StreetName2": "SIMCOE ST", "Intersection": "MONTREAL ST & SIMCOE ST", "Jurisdiction": "COV", "POINT_X": 471776.7845000001, "POINT_Y": 5362935.2502999995 }, "geometry": { "type": "MultiPoint", "coordinates": [ [ -123.381464146066506, 48.418942037814197 ] ] } },
{ "type": "Feature", "properties": { "OBJECTID": 2793, "StreetName1": "OSWEGO ST", "StreetName2": "SIMCOE ST", "Intersection": "OSWEGO ST & SIMCOE ST", "Jurisdiction": "COV", "POINT_X": 471992.58, "POINT_Y": 5362778.3206999991 }, "geometry": { "type": "MultiPoint", "coordinates": [ [ -123.378537161248019, 48.417539878253955 ] ] } },
{ "type": "Feature", "properties": { "OBJECTID": 2794, "StreetName1": "RENDALL ST", "StreetName2": "SIMCOE ST", "Intersection": "RENDALL ST & SIMCOE ST", "Jurisdiction": "COV", "POINT_X": 472130.7098000003, "POINT_Y": 5362678.0479000006 }, "geometry": { "type": "MultiPoint", "coordinates": [ [ -123.37666370663284, 48.416643916281316 ] ] } },
{ "type": "Feature", "properties": { "OBJECTID": 2795, "StreetName1": "CROFT ST", "StreetName2": "SIMCOE ST", "Intersection": "CROFT ST & SIMCOE ST", "Jurisdiction": "COV", "POINT_X": 472210.39570000023, "POINT_Y": 5362620.2007999998 }, "geometry": { "type": "MultiPoint", "coordinates": [ [ -123.375582956560649, 48.41612702425607 ] ] } },
{ "type": "Feature", "properties": { "OBJECTID": 2796, "StreetName1": "MENZIES ST", "StreetName2": "SIMCOE ST", "Intersection": "MENZIES ST & SIMCOE ST", "Jurisdiction": "COV", "POINT_X": 472332.2867000001, "POINT_Y": 5362535.7566999998 }, "geometry": { "type": "MultiPoint", "coordinates": [ [ -123.373930103439221, 48.415372701175016 ] ] } },
{ "type": "Feature", "properties": { "OBJECTID": 2797, "StreetName1": "MEDANA ST", "StreetName2": "SIMCOE ST", "Intersection": "MEDANA ST & SIMCOE ST", "Jurisdiction": "COV", "POINT_X": 472385.2770999996, "POINT_Y": 5362496.4796999991 }, "geometry": { "type": "MultiPoint", "coordinates": [ [ -123.37321139503068, 48.415021676695716 ] ] } },
{ "type": "Feature", "properties": { "OBJECTID": 2798, "StreetName1": "CLARENCE ST", "StreetName2": "SIMCOE ST", "Intersection": "CLARENCE ST & SIMCOE ST", "Jurisdiction": "COV", "POINT_X": 472456.81830000039, "POINT_Y": 5362444.5613000002 }, "geometry": { "type": "MultiPoint", "coordinates": [ [ -123.372241170739855, 48.414557732545568 ] ] } },
{ "type": "Feature", "properties": { "OBJECTID": 2799, "StreetName1": "GOVERNMENT ST", "StreetName2": "SIMCOE ST", "Intersection": "GOVERNMENT ST & SIMCOE ST", "Jurisdiction": "COV", "POINT_X": 472598.03710000031, "POINT_Y": 5362340.4871999994 }, "geometry": { "type": "MultiPoint", "coordinates": [ [ -123.370325943740141, 48.41362760357373 ] ] } },
{ "type": "Feature", "properties": { "OBJECTID": 2800, "StreetName1": "CIRCLE DR", "StreetName2": "SIMCOE ST", "Intersection": "CIRCLE DR & SIMCOE ST", "Jurisdiction": "COV", "POINT_X": 472781.083, "POINT_Y": 5362209.0556000005 }, "geometry": { "type": "MultiPoint", "coordinates": [ [ -123.367843781257633, 48.412453132976466 ] ] } },
{ "type": "Feature", "properties": { "OBJECTID": 2801, "StreetName1": "SAGHALIE RD", "StreetName2": "SITKUM RD", "Intersection": "SAGHALIE RD & SITKUM RD", "Jurisdiction": "COV", "POINT_X": 471859.59130000044, "POINT_Y": 5364086.3263000008 }, "geometry": { "type": "MultiPoint", "coordinates": [ [ -123.380422273144433, 48.429301193002615 ] ] } },
{ "type": "Feature", "properties": { "OBJECTID": 2802, "StreetName1": "ESQUIMALT RD", "StreetName2": "SITKUM RD", "Intersection": "ESQUIMALT RD & SITKUM RD", "Jurisdiction": "COV", "POINT_X": 471877.54629999958, "POINT_Y": 5364149.6147000007 }, "geometry": { "type": "MultiPoint", "coordinates": [ [ -123.380183806851775, 48.429871357433036 ] ] } },
{ "type": "Feature", "properties": { "OBJECTID": 2803, "StreetName1": "CRAIGFLOWER RD", "StreetName2": "SKINNER ST", "Intersection": "CRAIGFLOWER RD & SKINNER ST", "Jurisdiction": "COV", "POINT_X": 471361.64659999963, "POINT_Y": 5364794.2352000009 }, "geometry": { "type": "MultiPoint", "coordinates": [ [ -123.387201805638199, 48.435647306101046 ] ] } },
{ "type": "Feature", "properties": { "OBJECTID": 2804, "StreetName1": "MARY ST", "StreetName2": "SKINNER ST", "Intersection": "MARY ST & SKINNER ST", "Jurisdiction": "COV", "POINT_X": 471445.39919999987, "POINT_Y": 5364788.2940999996 }, "geometry": { "type": "MultiPoint", "coordinates": [ [ -123.386069103661484, 48.435597662448401 ] ] } },
{ "type": "Feature", "properties": { "OBJECTID": 2805, "StreetName1": "CATHERINE ST", "StreetName2": "SKINNER ST", "Intersection": "CATHERINE ST & SKINNER ST", "Jurisdiction": "COV", "POINT_X": 471537.69089999981, "POINT_Y": 5364787.2342000008 }, "geometry": { "type": "MultiPoint", "coordinates": [ [ -123.384821290914203, 48.435592306482128 ] ] } },
{ "type": "Feature", "properties": { "OBJECTID": 2806, "StreetName1": "ALSTON ST", "StreetName2": "SKINNER ST", "Intersection": "ALSTON ST & SKINNER ST", "Jurisdiction": "COV", "POINT_X": 471645.4578, "POINT_Y": 5364784.8748000003 }, "geometry": { "type": "MultiPoint", "coordinates": [ [ -123.383364172911797, 48.435575943456129 ] ] } },
{ "type": "Feature", "properties": { "OBJECTID": 2807, "StreetName1": "LANGFORD ST", "StreetName2": "SKINNER ST", "Intersection": "LANGFORD ST & SKINNER ST", "Jurisdiction": "COV", "POINT_X": 471768.24660000019, "POINT_Y": 5364655.1800999995 }, "geometry": { "type": "MultiPoint", "coordinates": [ [ -123.381695385919215, 48.434414688745143 ] ] } },
{ "type": "Feature", "properties": { "OBJECTID": 2808, "StreetName1": "COOK ST", "StreetName2": "SLATER PL", "Intersection": "COOK ST & SLATER PL", "Jurisdiction": "COV", "POINT_X": 474097.42150000017, "POINT_Y": 5366307.3752999995 }, "geometry": { "type": "MultiPoint", "coordinates": [ [ -123.350308849706863, 48.44937850795791 ] ] } },
{ "type": "Feature", "properties": { "OBJECTID": 2809, "StreetName1": "HIGHVIEW ST", "StreetName2": "SLATER ST", "Intersection": "HIGHVIEW ST & SLATER ST", "Jurisdiction": "COV", "POINT_X": 473865.41930000018, "POINT_Y": 5366260.7978000008 }, "geometry": { "type": "MultiPoint", "coordinates": [ [ -123.353443363392245, 48.448949889547649 ] ] } },
{ "type": "Feature", "properties": { "OBJECTID": 2810, "StreetName1": "COOK ST", "StreetName2": "SLATER ST", "Intersection": "COOK ST & SLATER ST", "Jurisdiction": "COV", "POINT_X": 474097.42150000017, "POINT_Y": 5366307.3752999995 }, "geometry": { "type": "MultiPoint", "coordinates": [ [ -123.350308849706863, 48.44937850795791 ] ] } },
{ "type": "Feature", "properties": { "OBJECTID": 2811, "StreetName1": "QUAMICHAN ST", "StreetName2": "SOMENOS ST", "Intersection": "QUAMICHAN ST & SOMENOS ST", "Jurisdiction": "COV", "POINT_X": 475637.52570000011, "POINT_Y": 5363262.841 }, "geometry": { "type": "MultiPoint", "coordinates": [ [ -123.329304555773007, 48.422050312306972 ] ] } },
{ "type": "Feature", "properties": { "OBJECTID": 2812, "StreetName1": "FINLAYSON ST", "StreetName2": "SOMERSET ST", "Intersection": "FINLAYSON ST & SOMERSET ST", "Jurisdiction": "COV", "POINT_X": 473628.4616, "POINT_Y": 5366028.7204999998 }, "geometry": { "type": "MultiPoint", "coordinates": [ [ -123.356633152266255, 48.446852164648988 ] ] } },
{ "type": "Feature", "properties": { "OBJECTID": 2813, "StreetName1": "KIMTA RD", "StreetName2": "SONGHEES RD", "Intersection": "KIMTA RD & SONGHEES RD", "Jurisdiction": "COV", "POINT_X": 471888.16110000014, "POINT_Y": 5363881.6141 }, "geometry": { "type": "MultiPoint", "coordinates": [ [ -123.380022338780876, 48.427460813468947 ] ] } },
{ "type": "Feature", "properties": { "OBJECTID": 2814, "StreetName1": "KIMTA RD", "StreetName2": "SONGHEES RD", "Intersection": "KIMTA RD & SONGHEES RD", "Jurisdiction": "COV", "POINT_X": 472077.20579999965, "POINT_Y": 5363873.9288999997 }, "geometry": { "type": "MultiPoint", "coordinates": [ [ -123.377466436524173, 48.427400085531929 ] ] } },
{ "type": "Feature", "properties": { "OBJECTID": 2815, "StreetName1": "DALLAS RD", "StreetName2": "SOUTH TURNER ST", "Intersection": "DALLAS RD & SOUTH TURNER ST", "Jurisdiction": "COV", "POINT_X": 472261.42459999956, "POINT_Y": 5362019.4891999997 }, "geometry": { "type": "MultiPoint", "coordinates": [ [ -123.374853605850618, 48.410725064477312 ] ] } },
{ "type": "Feature", "properties": { "OBJECTID": 2816, "StreetName1": "RITHET ST", "StreetName2": "SOUTH TURNER ST", "Intersection": "RITHET ST & SOUTH TURNER ST", "Jurisdiction": "COV", "POINT_X": 472337.96520000044, "POINT_Y": 5362124.0991999991 }, "geometry": { "type": "MultiPoint", "coordinates": [ [ -123.37382621423771, 48.411669537367914 ] ] } },
{ "type": "Feature", "properties": { "OBJECTID": 2817, "StreetName1": "NIAGARA ST", "StreetName2": "SOUTH TURNER ST", "Intersection": "NIAGARA ST & SOUTH TURNER ST", "Jurisdiction": "COV", "POINT_X": 472406.06659999955, "POINT_Y": 5362218.9545000009 }, "geometry": { "type": "MultiPoint", "coordinates": [ [ -123.372912185691689, 48.412525874812722 ] ] } },
{ "type": "Feature", "properties": { "OBJECTID": 2818, "StreetName1": "SIMCOE ST", "StreetName2": "SOUTH TURNER ST", "Intersection": "SIMCOE ST & SOUTH TURNER ST", "Jurisdiction": "COV", "POINT_X": 472532.53060000017, "POINT_Y": 5362389.623 }, "geometry": { "type": "MultiPoint", "coordinates": [ [ -123.371214398678973, 48.414066793921506 ] ] } },
{ "type": "Feature", "properties": { "OBJECTID": 2819, "StreetName1": "DOUGLAS ST", "StreetName2": "SOUTHGATE ST", "Intersection": "DOUGLAS ST & SOUTHGATE ST", "Jurisdiction": "COV", "POINT_X": 472947.1414000001, "POINT_Y": 5362879.6604999993 }, "geometry": { "type": "MultiPoint", "coordinates": [ [ -123.365643020526107, 48.418493281742478 ] ] } },
{ "type": "Feature", "properties": { "OBJECTID": 2820, "StreetName1": "ARBUTUS WAY", "StreetName2": "SOUTHGATE ST", "Intersection": "ARBUTUS WAY & SOUTHGATE ST", "Jurisdiction": "COV", "POINT_X": 473173.24795, "POINT_Y": 5362779.3027 }, "geometry": { "type": "MultiPoint", "coordinates": [ [ -123.362590449744147, 48.417583526748849 ], [ -123.362571076356261, 48.417616668116338 ] ] } },
{ "type": "Feature", "properties": { "OBJECTID": 2821, "StreetName1": "QUADRA ST", "StreetName2": "SOUTHGATE ST", "Intersection": "QUADRA ST & SOUTHGATE ST", "Jurisdiction": "COV", "POINT_X": 473185.2747, "POINT_Y": 5362779.9232000001 }, "geometry": { "type": "MultiPoint", "coordinates": [ [ -123.362418263660246, 48.417606191710313 ] ] } },
{ "type": "Feature", "properties": { "OBJECTID": 2822, "StreetName1": "HEYWOOD AVE", "StreetName2": "SOUTHGATE ST", "Intersection": "HEYWOOD AVE & SOUTHGATE ST", "Jurisdiction": "COV", "POINT_X": 473327.39960000012, "POINT_Y": 5362687.4856000002 }, "geometry": { "type": "MultiPoint", "coordinates": [ [ -123.360491594689421, 48.416780624014486 ] ] } },
{ "type": "Feature", "properties": { "OBJECTID": 2823, "StreetName1": "COOK ST", "StreetName2": "SOUTHGATE ST", "Intersection": "COOK ST & SOUTHGATE ST", "Jurisdiction": "COV", "POINT_X": 473674.5082, "POINT_Y": 5362633.6553000007 }, "geometry": { "type": "MultiPoint", "coordinates": [ [ -123.355797186177355, 48.416310947883311 ] ] } },
{ "type": "Feature", "properties": { "OBJECTID": 2824, "StreetName1": "DOUGLAS ST", "StreetName2": "SPEED AVE", "Intersection": "DOUGLAS ST & SPEED AVE", "Jurisdiction": "COV", "POINT_X": 472516.77639999986, "POINT_Y": 5366006.5963000003 }, "geometry": { "type": "MultiPoint", "coordinates": [ [ -123.371664514826691, 48.446605561835746 ] ] } },
{ "type": "Feature", "properties": { "OBJECTID": 2825, "StreetName1": "PEMBROKE ST", "StreetName2": "SPRING RD", "Intersection": "PEMBROKE ST & SPRING RD", "Jurisdiction": "COV", "POINT_X": 474290.88350000046, "POINT_Y": 5364325.937000001 }, "geometry": { "type": "MultiPoint", "coordinates": [ [ -123.347570985071258, 48.43156077046639 ] ] } },
{ "type": "Feature", "properties": { "OBJECTID": 2826, "StreetName1": "PRINCESS AVE", "StreetName2": "SPRING RD", "Intersection": "PRINCESS AVE & SPRING RD", "Jurisdiction": "COV", "POINT_X": 474299.54839999974, "POINT_Y": 5364430.7547999993 }, "geometry": { "type": "MultiPoint", "coordinates": [ [ -123.347460277534609, 48.43250410104708 ] ] } },
{ "type": "Feature", "properties": { "OBJECTID": 2827, "StreetName1": "DENMAN ST", "StreetName2": "SPRING RD", "Intersection": "DENMAN ST & SPRING RD", "Jurisdiction": "COV", "POINT_X": 474303.45660000015, "POINT_Y": 5364473.2235000003 }, "geometry": { "type": "MultiPoint", "coordinates": [ [ -123.347410048028209, 48.432886323496497 ] ] } },
{ "type": "Feature", "properties": { "OBJECTID": 2828, "StreetName1": "QUEENS AVE", "StreetName2": "SPRING RD", "Intersection": "QUEENS AVE & SPRING RD", "Jurisdiction": "COV", "POINT_X": 474305.218, "POINT_Y": 5364516.5432999991 }, "geometry": { "type": "MultiPoint", "coordinates": [ [ -123.347388892508974, 48.43327611507808 ] ] } },
{ "type": "Feature", "properties": { "OBJECTID": 2829, "StreetName1": "FRONT ST", "StreetName2": "SPRINGFIELD ST", "Intersection": "FRONT ST & SPRINGFIELD ST", "Jurisdiction": "COV", "POINT_X": 471300.2686000001, "POINT_Y": 5364452.4415000007 }, "geometry": { "type": "MultiPoint", "coordinates": [ [ -123.38800819483599, 48.432569632939206 ] ] } },
{ "type": "Feature", "properties": { "OBJECTID": 2830, "StreetName1": "ESQUIMALT RD", "StreetName2": "SPRINGFIELD ST", "Intersection": "ESQUIMALT RD & SPRINGFIELD ST", "Jurisdiction": "COV", "POINT_X": 471313.62050000019, "POINT_Y": 5364220.9121000003 }, "geometry": { "type": "MultiPoint", "coordinates": [ [ -123.387811843736586, 48.43048733282199 ] ] } },
{ "type": "Feature", "properties": { "OBJECTID": 2831, "StreetName1": "DOUGLAS ST", "StreetName2": "SPRUCE AVE", "Intersection": "DOUGLAS ST & SPRUCE AVE", "Jurisdiction": "COV", "POINT_X": 472655.95959999971, "POINT_Y": 5365647.5530999992 }, "geometry": { "type": "MultiPoint", "coordinates": [ [ -123.36975896591737, 48.443381564254942 ] ] } },
{ "type": "Feature", "properties": { "OBJECTID": 2832, "StreetName1": "NANAIMO ST", "StreetName2": "SPRUCE AVE", "Intersection": "NANAIMO ST & SPRUCE AVE", "Jurisdiction": "COV", "POINT_X": 472789.40380000044, "POINT_Y": 5365703.7007 }, "geometry": { "type": "MultiPoint", "coordinates": [ [ -123.367958231980708, 48.443892468486595 ] ] } },
{ "type": "Feature", "properties": { "OBJECTID": 2833, "StreetName1": "QUADRA ST", "StreetName2": "SPRUCE AVE", "Intersection": "QUADRA ST & SPRUCE AVE", "Jurisdiction": "COV", "POINT_X": 473330.19890000019, "POINT_Y": 5365769.9264000002 }, "geometry": { "type": "MultiPoint", "coordinates": [ [ -123.360649943025109, 48.444511403739703 ] ] } },
{ "type": "Feature", "properties": { "OBJECTID": 2834, "StreetName1": "NIAGARA ST", "StreetName2": "ST ANDREWS ST", "Intersection": "NIAGARA ST & ST ANDREWS ST", "Jurisdiction": "COV", "POINT_X": 472560.5560999997, "POINT_Y": 5362109.9760999996 }, "geometry": { "type": "MultiPoint", "coordinates": [ [ -123.370817372719159, 48.411552213763628 ] ] } },
{ "type": "Feature", "properties": { "OBJECTID": 2835, "StreetName1": "BEACON ST", "StreetName2": "ST ANDREWS ST", "Intersection": "BEACON ST & ST ANDREWS ST", "Jurisdiction": "COV", "POINT_X": 472625.86409999989, "POINT_Y": 5362199.1436000001 }, "geometry": { "type": "MultiPoint", "coordinates": [ [ -123.369940672775684, 48.412357236644972 ] ] } },
{ "type": "Feature", "properties": { "OBJECTID": 2836, "StreetName1": "SIMCOE ST", "StreetName2": "ST ANDREWS ST", "Intersection": "SIMCOE ST & ST ANDREWS ST", "Jurisdiction": "COV", "POINT_X": 472683.1353000002, "POINT_Y": 5362278.7301000003 }, "geometry": { "type": "MultiPoint", "coordinates": [ [ -123.369171927395058, 48.413075710371999 ] ] } },
{ "type": "Feature", "properties": { "OBJECTID": 2837, "StreetName1": "MARIFIELD AVE", "StreetName2": "ST ANDREWS ST", "Intersection": "MARIFIELD AVE & ST ANDREWS ST", "Jurisdiction": "COV", "POINT_X": 472737.4271999998, "POINT_Y": 5362422.4756000005 }, "geometry": { "type": "MultiPoint", "coordinates": [ [ -123.368447592305429, 48.414371246854685 ] ] } },
{ "type": "Feature", "properties": { "OBJECTID": 2838, "StreetName1": "FORT ST", "StreetName2": "ST CHARLES ST", "Intersection": "FORT ST & ST CHARLES ST", "Jurisdiction": "COV", "POINT_X": 474896.64740000013, "POINT_Y": 5363654.1405999996 }, "geometry": { "type": "MultiPoint", "coordinates": [ [ -123.339341708325449, 48.425541493411707 ] ] } },
{ "type": "Feature", "properties": { "OBJECTID": 2839, "StreetName1": "MAUD ST", "StreetName2": "ST CHARLES ST", "Intersection": "MAUD ST & ST CHARLES ST", "Jurisdiction": "COV", "POINT_X": 474912.59740000032, "POINT_Y": 5363560.776000001 }, "geometry": { "type": "MultiPoint", "coordinates": [ [ -123.339120525330046, 48.424702187298564 ] ] } },
{ "type": "Feature", "properties": { "OBJECTID": 2840, "StreetName1": "REGENTS PL", "StreetName2": "ST CHARLES ST", "Intersection": "REGENTS PL & ST CHARLES ST", "Jurisdiction": "COV", "POINT_X": 474922.92250000034, "POINT_Y": 5363460.9261000007 }, "geometry": { "type": "MultiPoint", "coordinates": [ [ -123.338974990634128, 48.423804312567114 ] ] } },
{ "type": "Feature", "properties": { "OBJECTID": 2841, "StreetName1": "LAUREL LANE", "StreetName2": "ST CHARLES ST", "Intersection": "LAUREL LANE & ST CHARLES ST", "Jurisdiction": "COV", "POINT_X": 474923.03809999954, "POINT_Y": 5363413.3826000001 }, "geometry": { "type": "MultiPoint", "coordinates": [ [ -123.3389705840669, 48.423376598541346 ] ] } },
{ "type": "Feature", "properties": { "OBJECTID": 2842, "StreetName1": "SHASTA PL", "StreetName2": "ST CHARLES ST", "Intersection": "SHASTA PL & ST CHARLES ST", "Jurisdiction": "COV", "POINT_X": 474923.30829999968, "POINT_Y": 5363302.3849 }, "geometry": { "type": "MultiPoint", "coordinates": [ [ -123.338960292369563, 48.422378033469606 ] ] } },
{ "type": "Feature", "properties": { "OBJECTID": 2843, "StreetName1": "ANGUS RD", "StreetName2": "ST CHARLES ST", "Intersection": "ANGUS RD & ST CHARLES ST", "Jurisdiction": "COV", "POINT_X": 474923.51779999956, "POINT_Y": 5363216.2705000006 }, "geometry": { "type": "MultiPoint", "coordinates": [ [ -123.33895230991412, 48.421603325110659 ] ] } },
{ "type": "Feature", "properties": { "OBJECTID": 2844, "StreetName1": "BYWOOD PL", "StreetName2": "ST CHARLES ST", "Intersection": "BYWOOD PL & ST CHARLES ST", "Jurisdiction": "COV", "POINT_X": 474923.6217, "POINT_Y": 5363197.0995000005 }, "geometry": { "type": "MultiPoint", "coordinates": [ [ -123.338949758956304, 48.421430859891395 ] ] } },
{ "type": "Feature", "properties": { "OBJECTID": 2845, "StreetName1": "ROCKLAND AVE", "StreetName2": "ST CHARLES ST", "Intersection": "ROCKLAND AVE & ST CHARLES ST", "Jurisdiction": "COV", "POINT_X": 474948.514, "POINT_Y": 5363030.4530999996 }, "geometry": { "type": "MultiPoint", "coordinates": [ [ -123.33860336135875, 48.41993263792412 ] ] } },
{ "type": "Feature", "properties": { "OBJECTID": 2846, "StreetName1": "MONTGOMERY AVE", "StreetName2": "ST CHARLES ST", "Intersection": "MONTGOMERY AVE & ST CHARLES ST", "Jurisdiction": "COV", "POINT_X": 474984.03369999956, "POINT_Y": 5362932.8071 }, "geometry": { "type": "MultiPoint", "coordinates": [ [ -123.338117470968854, 48.419055589886426 ] ] } },
{ "type": "Feature", "properties": { "OBJECTID": 2847, "StreetName1": "DESPARD AVE", "StreetName2": "ST CHARLES ST", "Intersection": "DESPARD AVE & ST CHARLES ST", "Jurisdiction": "COV", "POINT_X": 475010.88069999963, "POINT_Y": 5362855.5601000004 }, "geometry": { "type": "MultiPoint", "coordinates": [ [ -123.337750024416778, 48.418361712671036 ] ] } },
{ "type": "Feature", "properties": { "OBJECTID": 2848, "StreetName1": "RICHARDSON ST", "StreetName2": "ST CHARLES ST", "Intersection": "RICHARDSON ST & ST CHARLES ST", "Jurisdiction": "COV", "POINT_X": 475025.18780000042, "POINT_Y": 5362615.5151000004 }, "geometry": { "type": "MultiPoint", "coordinates": [ [ -123.337542367359575, 48.416202745179817 ] ] } },
{ "type": "Feature", "properties": { "OBJECTID": 2849, "StreetName1": "PHILIPPA PL", "StreetName2": "ST CHARLES ST", "Intersection": "PHILIPPA PL & ST CHARLES ST", "Jurisdiction": "COV", "POINT_X": 475031.18319999985, "POINT_Y": 5362522.3596000001 }, "geometry": { "type": "MultiPoint", "coordinates": [ [ -123.337455796574446, 48.41536492077455 ] ] } },
{ "type": "Feature", "properties": { "OBJECTID": 2850, "StreetName1": "CHANDLER AVE", "StreetName2": "ST CHARLES ST", "Intersection": "CHANDLER AVE & ST CHARLES ST", "Jurisdiction": "COV", "POINT_X": 475035.21349999961, "POINT_Y": 5362459.7369 }, "geometry": { "type": "MultiPoint", "coordinates": [ [ -123.337397602522799, 48.414801702964695 ] ] } },
{ "type": "Feature", "properties": { "OBJECTID": 2851, "StreetName1": "BROOKE ST", "StreetName2": "ST CHARLES ST", "Intersection": "BROOKE ST & ST CHARLES ST", "Jurisdiction": "COV", "POINT_X": 475037.35039999988, "POINT_Y": 5362426.5331999995 }, "geometry": { "type": "MultiPoint", "coordinates": [ [ -123.33736674803086, 48.414503074551696 ] ] } },
{ "type": "Feature", "properties": { "OBJECTID": 2852, "StreetName1": "EARLE PL", "StreetName2": "ST CHARLES ST", "Intersection": "EARLE PL & ST CHARLES ST", "Jurisdiction": "COV", "POINT_X": 475043.7357000001, "POINT_Y": 5362332.1538999993 }, "geometry": { "type": "MultiPoint", "coordinates": [ [ -123.337274841319328, 48.413654255425591 ] ] } },
{ "type": "Feature", "properties": { "OBJECTID": 2853, "StreetName1": "FAIRFIELD RD", "StreetName2": "ST CHARLES ST", "Intersection": "FAIRFIELD RD & ST CHARLES ST", "Jurisdiction": "COV", "POINT_X": 475085.18169999972, "POINT_Y": 5362178.1084000003 }, "geometry": { "type": "MultiPoint", "coordinates": [ [ -123.337115917375101, 48.412217707445436 ], [ -123.336295279314086, 48.412322378039448 ] ] } },
{ "type": "Feature", "properties": { "OBJECTID": 2854, "StreetName1": "ROSS ST", "StreetName2": "ST CHARLES ST", "Intersection": "ROSS ST & ST CHARLES ST", "Jurisdiction": "COV", "POINT_X": 475114.66210000031, "POINT_Y": 5362019.309 }, "geometry": { "type": "MultiPoint", "coordinates": [ [ -123.336297797092854, 48.41084258792413 ] ] } },
{ "type": "Feature", "properties": { "OBJECTID": 2855, "StreetName1": "DALLAS RD", "StreetName2": "ST CHARLES ST", "Intersection": "DALLAS RD & ST CHARLES ST", "Jurisdiction": "COV", "POINT_X": 475115.07259999961, "POINT_Y": 5361935.9997000005 }, "geometry": { "type": "MultiPoint", "coordinates": [ [ -123.336287308118614, 48.410093121429774 ] ] } },
{ "type": "Feature", "properties": { "OBJECTID": 2856, "StreetName1": "PINEWOOD AVE", "StreetName2": "ST CHARLES ST", "Intersection": "PINEWOOD AVE & ST CHARLES ST", "Jurisdiction": "COV", "POINT_X": 475115.3032, "POINT_Y": 5362108.1075999998 }, "geometry": { "type": "MultiPoint", "coordinates": [ [ -123.3362944015485, 48.411641479708877 ] ] } },
{ "type": "Feature", "properties": { "OBJECTID": 2857, "StreetName1": "ROCKLAND AVE", "StreetName2": "ST FRANCIS WOOD", "Intersection": "ROCKLAND AVE & ST FRANCIS WOOD", "Jurisdiction": "COV", "POINT_X": 475389.05510000046, "POINT_Y": 5363450.1464000009 }, "geometry": { "type": "MultiPoint", "coordinates": [ [ -123.33267388518928, 48.423725721505676 ] ] } },
{ "type": "Feature", "properties": { "OBJECTID": 2858, "StreetName1": "OSWEGO ST", "StreetName2": "ST JAMES ST", "Intersection": "OSWEGO ST & ST JAMES ST", "Jurisdiction": "COV", "POINT_X": 471944.53980000038, "POINT_Y": 5362713.194 }, "geometry": { "type": "MultiPoint", "coordinates": [ [ -123.379182055667783, 48.416951839049936 ] ] } },
{ "type": "Feature", "properties": { "OBJECTID": 2859, "StreetName1": "RENDALL ST", "StreetName2": "ST JAMES ST", "Intersection": "RENDALL ST & ST JAMES ST", "Jurisdiction": "COV", "POINT_X": 472082.4020999996, "POINT_Y": 5362611.5024999995 }, "geometry": { "type": "MultiPoint", "coordinates": [ [ -123.37731213209959, 48.416043112499835 ] ] } },
{ "type": "Feature", "properties": { "OBJECTID": 2860, "StreetName1": "NIAGARA ST", "StreetName2": "ST LAWRENCE ST", "Intersection": "NIAGARA ST & ST LAWRENCE ST", "Jurisdiction": "COV", "POINT_X": 471508.63080000039, "POINT_Y": 5362871.5264999997 }, "geometry": { "type": "MultiPoint", "coordinates": [ [ -123.385083945139357, 48.418356686445179 ] ] } },
{ "type": "Feature", "properties": { "OBJECTID": 2861, "StreetName1": "LADYSMITH ST", "StreetName2": "ST LAWRENCE ST", "Intersection": "LADYSMITH ST & ST LAWRENCE ST", "Jurisdiction": "COV", "POINT_X": 471571.0389, "POINT_Y": 5362957.2095999997 }, "geometry": { "type": "MultiPoint", "coordinates": [ [ -123.384246311142164, 48.419130339117082 ] ] } },
{ "type": "Feature", "properties": { "OBJECTID": 2862, "StreetName1": "SIMCOE ST", "StreetName2": "ST LAWRENCE ST", "Intersection": "SIMCOE ST & ST LAWRENCE ST", "Jurisdiction": "COV", "POINT_X": 471635.306, "POINT_Y": 5363040.5857999995 }, "geometry": { "type": "MultiPoint", "coordinates": [ [ -123.383383370617523, 48.419883315742986 ] ] } },
{ "type": "Feature", "properties": { "OBJECTID": 2863, "StreetName1": "ONTARIO ST", "StreetName2": "ST LAWRENCE ST", "Intersection": "ONTARIO ST & ST LAWRENCE ST", "Jurisdiction": "COV", "POINT_X": 471689.451, "POINT_Y": 5363111.1575000007 }, "geometry": { "type": "MultiPoint", "coordinates": [ [ -123.382656345988934, 48.420520637562262 ] ] } },
{ "type": "Feature", "properties": { "OBJECTID": 2864, "StreetName1": "ERIE ST", "StreetName2": "ST LAWRENCE ST", "Intersection": "ERIE ST & ST LAWRENCE ST", "Jurisdiction": "COV", "POINT_X": 471723.4698000001, "POINT_Y": 5363157.9042000007 }, "geometry": { "type": "MultiPoint", "coordinates": [ [ -123.382199716232591, 48.420942714142122 ] ] } },
{ "type": "Feature", "properties": { "OBJECTID": 2865, "StreetName1": "MICHIGAN ST", "StreetName2": "ST LAWRENCE ST", "Intersection": "MICHIGAN ST & ST LAWRENCE ST", "Jurisdiction": "COV", "POINT_X": 471745.27720000036, "POINT_Y": 5363187.8392999992 }, "geometry": { "type": "MultiPoint", "coordinates": [ [ -123.38190699236165, 48.421212998627588 ] ] } },
{ "type": "Feature", "properties": { "OBJECTID": 2866, "StreetName1": "KINGSTON ST", "StreetName2": "ST LAWRENCE ST", "Intersection": "KINGSTON ST & ST LAWRENCE ST", "Jurisdiction": "COV", "POINT_X": 471812.01070000045, "POINT_Y": 5363279.444 }, "geometry": { "type": "MultiPoint", "coordinates": [ [ -123.381011199681211, 48.422040094260588 ] ] } },
{ "type": "Feature", "properties": { "OBJECTID": 2867, "StreetName1": "FORT ST", "StreetName2": "STADACONA AVE", "Intersection": "FORT ST & STADACONA AVE", "Jurisdiction": "COV", "POINT_X": 474848.568, "POINT_Y": 5363635.9536000006 }, "geometry": { "type": "MultiPoint", "coordinates": [ [ -123.339990503104417, 48.425375958320458 ] ] } },
{ "type": "Feature", "properties": { "OBJECTID": 2868, "StreetName1": "PANDORA AVE", "StreetName2": "STADACONA AVE", "Intersection": "PANDORA AVE & STADACONA AVE", "Jurisdiction": "COV", "POINT_X": 474850.6606000001, "POINT_Y": 5363767.4892999995 }, "geometry": { "type": "MultiPoint", "coordinates": [ [ -123.339970109891311, 48.426559384301534 ] ] } },
{ "type": "Feature", "properties": { "OBJECTID": 2869, "StreetName1": "JOHNSON ST", "StreetName2": "STANLEY AVE", "Intersection": "JOHNSON ST & STANLEY AVE", "Jurisdiction": "COV", "POINT_X": 474630.88640000019, "POINT_Y": 5363726.3403999992 }, "geometry": { "type": "MultiPoint", "coordinates": [ [ -123.342938351202747, 48.426180379199259 ] ] } },
{ "type": "Feature", "properties": { "OBJECTID": 2870, "StreetName1": "FORT ST", "StreetName2": "STANLEY AVE", "Intersection": "FORT ST & STANLEY AVE", "Jurisdiction": "COV", "POINT_X": 474661.7983, "POINT_Y": 5363553.9896000009 }, "geometry": { "type": "MultiPoint", "coordinates": [ [ -123.34251009347858, 48.424631094210199 ] ] } },
{ "type": "Feature", "properties": { "OBJECTID": 2871, "StreetName1": "BEGBIE ST", "StreetName2": "STANLEY AVE", "Intersection": "BEGBIE ST & STANLEY AVE", "Jurisdiction": "COV", "POINT_X": 474674.21320000011, "POINT_Y": 5363832.0058999993 }, "geometry": { "type": "MultiPoint", "coordinates": [ [ -123.342359083252802, 48.427132727496002 ] ] } },
{ "type": "Feature", "properties": { "OBJECTID": 2872, "StreetName1": "BALMORAL RD", "StreetName2": "STANLEY AVE", "Intersection": "BALMORAL RD & STANLEY AVE", "Jurisdiction": "COV", "POINT_X": 474677.01929999981, "POINT_Y": 5363892.3983999994 }, "geometry": { "type": "MultiPoint", "coordinates": [ [ -123.342324801105377, 48.427676152696371 ] ] } },
{ "type": "Feature", "properties": { "OBJECTID": 2873, "StreetName1": "GRANT ST", "StreetName2": "STANLEY AVE", "Intersection": "GRANT ST & STANLEY AVE", "Jurisdiction": "COV", "POINT_X": 474681.78849999979, "POINT_Y": 5363995.0395 }, "geometry": { "type": "MultiPoint", "coordinates": [ [ -123.342266534083365, 48.428599740097674 ] ] } },
{ "type": "Feature", "properties": { "OBJECTID": 2874, "StreetName1": "GLADSTONE AVE", "StreetName2": "STANLEY AVE", "Intersection": "GLADSTONE AVE & STANLEY AVE", "Jurisdiction": "COV", "POINT_X": 474689.5047000004, "POINT_Y": 5364196.1734999996 }, "geometry": { "type": "MultiPoint", "coordinates": [ [ -123.342174376340338, 48.430409522478008 ] ] } },
{ "type": "Feature", "properties": { "OBJECTID": 2875, "StreetName1": "PEMBROKE ST", "StreetName2": "STANLEY AVE", "Intersection": "PEMBROKE ST & STANLEY AVE", "Jurisdiction": "COV", "POINT_X": 474693.45150000043, "POINT_Y": 5364295.8435999993 }, "geometry": { "type": "MultiPoint", "coordinates": [ [ -123.342127041887522, 48.431306348171773 ] ] } },
{ "type": "Feature", "properties": { "OBJECTID": 2876, "StreetName1": "FAIRFIELD RD", "StreetName2": "STANNARD AVE", "Intersection": "FAIRFIELD RD & STANNARD AVE", "Jurisdiction": "COV", "POINT_X": 474840.25760000013, "POINT_Y": 5362179.194 }, "geometry": { "type": "MultiPoint", "coordinates": [ [ -123.340015425328829, 48.412270077420999 ] ] } },
{ "type": "Feature", "properties": { "OBJECTID": 2877, "StreetName1": "BROOKE ST", "StreetName2": "STANNARD AVE", "Intersection": "BROOKE ST & STANNARD AVE", "Jurisdiction": "COV", "POINT_X": 474849.164, "POINT_Y": 5362422.1148000006 }, "geometry": { "type": "MultiPoint", "coordinates": [ [ -123.339909635671518, 48.41445584061811 ] ] } },
{ "type": "Feature", "properties": { "OBJECTID": 2878, "StreetName1": "RICHARDSON ST", "StreetName2": "STANNARD AVE", "Intersection": "RICHARDSON ST & STANNARD AVE", "Jurisdiction": "COV", "POINT_X": 474856.7938000001, "POINT_Y": 5362615.4957999997 }, "geometry": { "type": "MultiPoint", "coordinates": [ [ -123.339818119999123, 48.416195873367869 ] ] } },
{ "type": "Feature", "properties": { "OBJECTID": 2879, "StreetName1": "DELTA ST", "StreetName2": "STEELE ST", "Intersection": "DELTA ST & STEELE ST", "Jurisdiction": "COV", "POINT_X": 472269.71229999978, "POINT_Y": 5365956.9827999994 }, "geometry": { "type": "MultiPoint", "coordinates": [ [ -123.375002146201822, 48.446148386225602 ] ] } },
{ "type": "Feature", "properties": { "OBJECTID": 2880, "StreetName1": "FRANCES AVE", "StreetName2": "STEELE ST", "Intersection": "FRANCES AVE & STEELE ST", "Jurisdiction": "COV", "POINT_X": 472336.58710000012, "POINT_Y": 5365836.4081999995 }, "geometry": { "type": "MultiPoint", "coordinates": [ [ -123.374089875424716, 48.445066604702141 ] ] } },
{ "type": "Feature", "properties": { "OBJECTID": 2881, "StreetName1": "CHAMBERS ST", "StreetName2": "STELLY ST", "Intersection": "CHAMBERS ST & STELLY ST", "Jurisdiction": "COV", "POINT_X": 474124.29459999967, "POINT_Y": 5364286.2106999997 }, "geometry": { "type": "MultiPoint", "coordinates": [ [ -123.349820566747127, 48.431196555142577 ] ] } },
{ "type": "Feature", "properties": { "OBJECTID": 2882, "StreetName1": "BLACKWOOD ST", "StreetName2": "STEVENSON PL", "Intersection": "BLACKWOOD ST & STEVENSON PL", "Jurisdiction": "COV", "POINT_X": 473637.10610000044, "POINT_Y": 5366244.9803999998 }, "geometry": { "type": "MultiPoint", "coordinates": [ [ -123.356529874579948, 48.448798067744193 ] ] } },
{ "type": "Feature", "properties": { "OBJECTID": 2883, "StreetName1": "FINLAYSON ST", "StreetName2": "STEVENSON PL", "Intersection": "FINLAYSON ST & STEVENSON PL", "Jurisdiction": "COV", "POINT_X": 473759.4430999998, "POINT_Y": 5366052.9017999992 }, "geometry": { "type": "MultiPoint", "coordinates": [ [ -123.354863461866159, 48.447075182319459 ] ] } },
{ "type": "Feature", "properties": { "OBJECTID": 2884, "StreetName1": "PEMBROKE ST", "StreetName2": "STORE ST", "Intersection": "PEMBROKE ST & STORE ST", "Jurisdiction": "COV", "POINT_X": 472650.43879999965, "POINT_Y": 5364459.1578000002 }, "geometry": { "type": "MultiPoint", "coordinates": [ [ -123.369756022492538, 48.43269015036325 ] ] } },
{ "type": "Feature", "properties": { "OBJECTID": 2885, "StreetName1": "DISCOVERY ST", "StreetName2": "STORE ST", "Intersection": "DISCOVERY ST & STORE ST", "Jurisdiction": "COV", "POINT_X": 472652.4869, "POINT_Y": 5364365.565 }, "geometry": { "type": "MultiPoint", "coordinates": [ [ -123.369722226120743, 48.43184824850939 ] ] } },
{ "type": "Feature", "properties": { "OBJECTID": 2886, "StreetName1": "CHATHAM ST", "StreetName2": "STORE ST", "Intersection": "CHATHAM ST & STORE ST", "Jurisdiction": "COV", "POINT_X": 472654.48950000014, "POINT_Y": 5364274.0494999997 }, "geometry": { "type": "MultiPoint", "coordinates": [ [ -123.369689181590061, 48.431025032603763 ] ] } },
{ "type": "Feature", "properties": { "OBJECTID": 2887, "StreetName1": "HERALD ST", "StreetName2": "STORE ST", "Intersection": "HERALD ST & STORE ST", "Jurisdiction": "COV", "POINT_X": 472656.7286, "POINT_Y": 5364175.0819000006 }, "geometry": { "type": "MultiPoint", "coordinates": [ [ -123.369652454919191, 48.430134785333259 ] ] } },
{ "type": "Feature", "properties": { "OBJECTID": 2888, "StreetName1": "PANDORA AVE", "StreetName2": "STORE ST", "Intersection": "PANDORA AVE & STORE ST", "Jurisdiction": "COV", "POINT_X": 472658.20480000041, "POINT_Y": 5363992.3188000005 }, "geometry": { "type": "MultiPoint", "coordinates": [ [ -123.369620575463387, 48.428490653163259 ] ] } },
{ "type": "Feature", "properties": { "OBJECTID": 2889, "StreetName1": "FISGARD ST", "StreetName2": "STORE ST", "Intersection": "FISGARD ST & STORE ST", "Jurisdiction": "COV", "POINT_X": 472658.53419999965, "POINT_Y": 5364086.7706000004 }, "geometry": { "type": "MultiPoint", "coordinates": [ [ -123.369622284858451, 48.429340386627381 ] ] } },
{ "type": "Feature", "properties": { "OBJECTID": 2890, "StreetName1": "PANDORA AVE", "StreetName2": "STORE ST", "Intersection": "PANDORA AVE & STORE ST", "Jurisdiction": "COV", "POINT_X": 472664.09929999989, "POINT_Y": 5363992.8823000006 }, "geometry": { "type": "MultiPoint", "coordinates": [ [ -123.369540932297539, 48.428495978497942 ] ] } },
{ "type": "Feature", "properties": { "OBJECTID": 2891, "StreetName1": "JOHNSON ST", "StreetName2": "STORE ST", "Intersection": "JOHNSON ST & STORE ST", "Jurisdiction": "COV", "POINT_X": 472671.40259999968, "POINT_Y": 5363907.2062999997 }, "geometry": { "type": "MultiPoint", "coordinates": [ [ -123.369436621969314, 48.427725526157687 ] ] } },
{ "type": "Feature", "properties": { "OBJECTID": 2892, "StreetName1": "DELATRE ST", "StreetName2": "STROUD RD", "Intersection": "DELATRE ST & STROUD RD", "Jurisdiction": "COV", "POINT_X": 474448.6995000001, "POINT_Y": 5365703.5449000001 }, "geometry": { "type": "MultiPoint", "coordinates": [ [ -123.345521578724885, 48.443960617338419 ] ] } },
{ "type": "Feature", "properties": { "OBJECTID": 2893, "StreetName1": "GOSWORTH RD", "StreetName2": "STROUD RD", "Intersection": "GOSWORTH RD & STROUD RD", "Jurisdiction": "COV", "POINT_X": 474629.72049999982, "POINT_Y": 5365796.2488000002 }, "geometry": { "type": "MultiPoint", "coordinates": [ [ -123.343079463025404, 48.44480193495923 ] ] } },
{ "type": "Feature", "properties": { "OBJECTID": 2894, "StreetName1": "CRAIGFLOWER RD", "StreetName2": "STYLES ST", "Intersection": "CRAIGFLOWER RD & STYLES ST", "Jurisdiction": "COV", "POINT_X": 471175.98209999967, "POINT_Y": 5365072.0220999997 }, "geometry": { "type": "MultiPoint", "coordinates": [ [ -123.389731018365396, 48.438137885176232 ] ] } },
{ "type": "Feature", "properties": { "OBJECTID": 2895, "StreetName1": "SELKIRK AVE", "StreetName2": "STYLES ST", "Intersection": "SELKIRK AVE & STYLES ST", "Jurisdiction": "COV", "POINT_X": 471264.5833000001, "POINT_Y": 5365162.5469000004 }, "geometry": { "type": "MultiPoint", "coordinates": [ [ -123.388539322547786, 48.438956323244696 ] ] } },
{ "type": "Feature", "properties": { "OBJECTID": 2896, "StreetName1": "BOWLSBY PL", "StreetName2": "SUFFOLK ST", "Intersection": "BOWLSBY PL & SUFFOLK ST", "Jurisdiction": "COV", "POINT_X": 470955.21059999987, "POINT_Y": 5364370.3260999992 }, "geometry": { "type": "MultiPoint", "coordinates": [ [ -123.392667245218746, 48.431815075606593 ] ] } },
{ "type": "Feature", "properties": { "OBJECTID": 2897, "StreetName1": "DALTON ST", "StreetName2": "SUFFOLK ST", "Intersection": "DALTON ST & SUFFOLK ST", "Jurisdiction": "COV", "POINT_X": 471076.93960000016, "POINT_Y": 5364368.8095999993 }, "geometry": { "type": "MultiPoint", "coordinates": [ [ -123.391021544614745, 48.431807036118784 ] ] } },
{ "type": "Feature", "properties": { "OBJECTID": 2898, "StreetName1": "JUTLAND RD", "StreetName2": "SUMAS ST", "Intersection": "JUTLAND RD & SUMAS ST", "Jurisdiction": "COV", "POINT_X": 472285.74210000038, "POINT_Y": 5365676.1685000006 }, "geometry": { "type": "MultiPoint", "coordinates": [ [ -123.374766799053404, 48.443622803943732 ] ] } },
{ "type": "Feature", "properties": { "OBJECTID": 2899, "StreetName1": "MANCHESTER RD", "StreetName2": "SUMAS ST", "Intersection": "MANCHESTER RD & SUMAS ST", "Jurisdiction": "COV", "POINT_X": 472434.2221, "POINT_Y": 5365533.0667000003 }, "geometry": { "type": "MultiPoint", "coordinates": [ [ -123.372749679808891, 48.442341937740736 ] ] } },
{ "type": "Feature", "properties": { "OBJECTID": 2900, "StreetName1": "DUNEDIN ST", "StreetName2": "SUMAS ST", "Intersection": "DUNEDIN ST & SUMAS ST", "Jurisdiction": "COV", "POINT_X": 472452.69579999987, "POINT_Y": 5365434.3624000009 }, "geometry": { "type": "MultiPoint", "coordinates": [ [ -123.372493397935244, 48.441454772803255 ] ] } },
{ "type": "Feature", "properties": { "OBJECTID": 2901, "StreetName1": "GARBALLY RD", "StreetName2": "SUMAS ST", "Intersection": "GARBALLY RD & SUMAS ST", "Jurisdiction": "COV", "POINT_X": 472471.10280000046, "POINT_Y": 5365336.0131000001 }, "geometry": { "type": "MultiPoint", "coordinates": [ [ -123.372238050249308, 48.440570797906211 ] ] } },
{ "type": "Feature", "properties": { "OBJECTID": 2902, "StreetName1": "DOUGLAS ST", "StreetName2": "SUMMIT AVE", "Intersection": "DOUGLAS ST & SUMMIT AVE", "Jurisdiction": "COV", "POINT_X": 472683.49859999958, "POINT_Y": 5365571.8362000007 }, "geometry": { "type": "MultiPoint", "coordinates": [ [ -123.369381654784917, 48.442701587848028 ] ] } },
{ "type": "Feature", "properties": { "OBJECTID": 2903, "StreetName1": "NANAIMO ST", "StreetName2": "SUMMIT AVE", "Intersection": "NANAIMO ST & SUMMIT AVE", "Jurisdiction": "COV", "POINT_X": 472928.02209999971, "POINT_Y": 5365619.6625999995 }, "geometry": { "type": "MultiPoint", "coordinates": [ [ -123.366078435070264, 48.443142413714831 ] ] } },
{ "type": "Feature", "properties": { "OBJECTID": 2904, "StreetName1": "QUADRA ST", "StreetName2": "SUMMIT AVE", "Intersection": "QUADRA ST & SUMMIT AVE", "Jurisdiction": "COV", "POINT_X": 473342.86990000028, "POINT_Y": 5365701.959000001 }, "geometry": { "type": "MultiPoint", "coordinates": [ [ -123.360474279672658, 48.44390048469009 ] ] } },
{ "type": "Feature", "properties": { "OBJECTID": 2905, "StreetName1": "FIFTH ST", "StreetName2": "SUMMIT AVE", "Intersection": "FIFTH ST & SUMMIT AVE", "Jurisdiction": "COV", "POINT_X": 473442.93979999982, "POINT_Y": 5365720.4924999997 }, "geometry": { "type": "MultiPoint", "coordinates": [ [ -123.359122332286773, 48.444071448296846 ] ] } },
{ "type": "Feature", "properties": { "OBJECTID": 2906, "StreetName1": "GRAHAM ST", "StreetName2": "SUMMIT AVE", "Intersection": "GRAHAM ST & SUMMIT AVE", "Jurisdiction": "COV", "POINT_X": 473552.54810000025, "POINT_Y": 5365740.791 }, "geometry": { "type": "MultiPoint", "coordinates": [ [ -123.357641510218116, 48.44425867542482 ] ] } },
{ "type": "Feature", "properties": { "OBJECTID": 2907, "StreetName1": "PRIOR ST", "StreetName2": "SUMMIT AVE", "Intersection": "PRIOR ST & SUMMIT AVE", "Jurisdiction": "COV", "POINT_X": 473640.2856000001, "POINT_Y": 5365757.0402000006 }, "geometry": { "type": "MultiPoint", "coordinates": [ [ -123.356456157582983, 48.444408539114427 ] ] } },
{ "type": "Feature", "properties": { "OBJECTID": 2908, "StreetName1": "BLACKWOOD ST", "StreetName2": "SUMMIT AVE", "Intersection": "BLACKWOOD ST & SUMMIT AVE", "Jurisdiction": "COV", "POINT_X": 473731.68769999966, "POINT_Y": 5365774.0095000006 }, "geometry": { "type": "MultiPoint", "coordinates": [ [ -123.355221290519154, 48.444565021816963 ] ] } },
{ "type": "Feature", "properties": { "OBJECTID": 2909, "StreetName1": "STEVENSON PL", "StreetName2": "SUMMIT AVE", "Intersection": "STEVENSON PL & SUMMIT AVE", "Jurisdiction": "COV", "POINT_X": 473807.91079999972, "POINT_Y": 5365788.1634999998 }, "geometry": { "type": "MultiPoint", "coordinates": [ [ -123.354191490163927, 48.444695532436057 ] ] } },
{ "type": "Feature", "properties": { "OBJECTID": 2910, "StreetName1": "ARTHUR AVE", "StreetName2": "SUMMIT AVE", "Intersection": "ARTHUR AVE & SUMMIT AVE", "Jurisdiction": "COV", "POINT_X": 474041.8958000001, "POINT_Y": 5365830.825 }, "geometry": { "type": "MultiPoint", "coordinates": [ [ -123.351030190069963, 48.445089023097907 ] ] } },
{ "type": "Feature", "properties": { "OBJECTID": 2911, "StreetName1": "COOK ST", "StreetName2": "SUMMIT AVE", "Intersection": "COOK ST & SUMMIT AVE", "Jurisdiction": "COV", "POINT_X": 474175.7687, "POINT_Y": 5365855.9565999992 }, "geometry": { "type": "MultiPoint", "coordinates": [ [ -123.349221496508008, 48.445320622442132 ] ] } },
{ "type": "Feature", "properties": { "OBJECTID": 2912, "StreetName1": "CRAIGFLOWER RD", "StreetName2": "SUNNYSIDE AVE", "Intersection": "CRAIGFLOWER RD & SUNNYSIDE AVE", "Jurisdiction": "COV", "POINT_X": 471120.14759999979, "POINT_Y": 5365123.096000001 }, "geometry": { "type": "MultiPoint", "coordinates": [ [ -123.390489433329336, 48.438594801727945 ] ] } },
{ "type": "Feature", "properties": { "OBJECTID": 2913, "StreetName1": "SELKIRK AVE", "StreetName2": "SUNNYSIDE AVE", "Intersection": "SELKIRK AVE & SUNNYSIDE AVE", "Jurisdiction": "COV", "POINT_X": 471212.27379999962, "POINT_Y": 5365219.5404000003 }, "geometry": { "type": "MultiPoint", "coordinates": [ [ -123.389250486059382, 48.439466663228359 ] ] } },
{ "type": "Feature", "properties": { "OBJECTID": 2914, "StreetName1": "ST LAWRENCE ST", "StreetName2": "SUPERIOR ST", "Intersection": "ST LAWRENCE ST & SUPERIOR ST", "Jurisdiction": "COV", "POINT_X": 471801.59090000018, "POINT_Y": 5363265.1409000009 }, "geometry": { "type": "MultiPoint", "coordinates": [ [ -123.381151071089803, 48.421910952529835 ] ] } },
{ "type": "Feature", "properties": { "OBJECTID": 2915, "StreetName1": "MONTREAL ST", "StreetName2": "SUPERIOR ST", "Intersection": "MONTREAL ST & SUPERIOR ST", "Jurisdiction": "COV", "POINT_X": 471934.6831, "POINT_Y": 5363165.9093999993 }, "geometry": { "type": "MultiPoint", "coordinates": [ [ -123.379345565985844, 48.421024177775791 ] ] } },
{ "type": "Feature", "properties": { "OBJECTID": 2916, "StreetName1": "OSWEGO ST", "StreetName2": "SUPERIOR ST", "Intersection": "OSWEGO ST & SUPERIOR ST", "Jurisdiction": "COV", "POINT_X": 472156.21310000028, "POINT_Y": 5363003.0525000002 }, "geometry": { "type": "MultiPoint", "coordinates": [ [ -123.37634062209419, 48.419568894528616 ] ] } },
{ "type": "Feature", "properties": { "OBJECTID": 2917, "StreetName1": "MENZIES ST", "StreetName2": "SUPERIOR ST", "Intersection": "MENZIES ST & SUPERIOR ST", "Jurisdiction": "COV", "POINT_X": 472443.78639999963, "POINT_Y": 5362834.1687000003 }, "geometry": { "type": "MultiPoint", "coordinates": [ [ -123.37244288379442, 48.418062204384697 ] ] } },
{ "type": "Feature", "properties": { "OBJECTID": 2918, "StreetName1": "GOVERNMENT ST", "StreetName2": "SUPERIOR ST", "Intersection": "GOVERNMENT ST & SUPERIOR ST", "Jurisdiction": "COV", "POINT_X": 472710.702, "POINT_Y": 5362856.2323000003 }, "geometry": { "type": "MultiPoint", "coordinates": [ [ -123.368836980014635, 48.418272315354109 ] ] } },
{ "type": "Feature", "properties": { "OBJECTID": 2919, "StreetName1": "DOUGLAS ST", "StreetName2": "SUPERIOR ST", "Intersection": "DOUGLAS ST & SUPERIOR ST", "Jurisdiction": "COV", "POINT_X": 472947.1414000001, "POINT_Y": 5362879.6604999993 }, "geometry": { "type": "MultiPoint", "coordinates": [ [ -123.365643020526107, 48.418493281742478 ] ] } },
{ "type": "Feature", "properties": { "OBJECTID": 2920, "StreetName1": "COOK ST", "StreetName2": "SUTLEJ ST", "Intersection": "COOK ST & SUTLEJ ST", "Jurisdiction": "COV", "POINT_X": 473618.83040000033, "POINT_Y": 5362438.8212000001 }, "geometry": { "type": "MultiPoint", "coordinates": [ [ -123.356537386078116, 48.414555821101892 ] ] } },
{ "type": "Feature", "properties": { "OBJECTID": 2921, "StreetName1": "STORE ST", "StreetName2": "SWIFT ST", "Intersection": "STORE ST & SWIFT ST", "Jurisdiction": "COV", "POINT_X": 472657.77440000046, "POINT_Y": 5364123.9326000009 }, "geometry": { "type": "MultiPoint", "coordinates": [ [ -123.369634980383807, 48.429674675059736 ] ] } },
{ "type": "Feature", "properties": { "OBJECTID": 2922, "StreetName1": "BOYD ST", "StreetName2": "SYLVIA ST", "Intersection": "BOYD ST & SYLVIA ST", "Jurisdiction": "COV", "POINT_X": 471943.63109999988, "POINT_Y": 5362354.5381000005 }, "geometry": { "type": "MultiPoint", "coordinates": [ [ -123.379170343405207, 48.413725209138832 ] ] } },
{ "type": "Feature", "properties": { "OBJECTID": 2923, "StreetName1": "OREGON AVE", "StreetName2": "TAUNTON ST", "Intersection": "OREGON AVE & TAUNTON ST", "Jurisdiction": "COV", "POINT_X": 474623.02539999969, "POINT_Y": 5364377.0648999996 }, "geometry": { "type": "MultiPoint", "coordinates": [ [ -123.343084013176082, 48.432034208771952 ] ] } },
{ "type": "Feature", "properties": { "OBJECTID": 2924, "StreetName1": "MOUNTBATTEN PL", "StreetName2": "TERRACE AVE", "Intersection": "MOUNTBATTEN PL & TERRACE AVE", "Jurisdiction": "COV", "POINT_X": 475204.1606000001, "POINT_Y": 5363491.5346000008 }, "geometry": { "type": "MultiPoint", "coordinates": [ [ -123.335175452386892, 48.424090812879761 ] ] } },
{ "type": "Feature", "properties": { "OBJECTID": 2925, "StreetName1": "OAK BAY AVE", "StreetName2": "TERRACE AVE", "Intersection": "OAK BAY AVE & TERRACE AVE", "Jurisdiction": "COV", "POINT_X": 475221.71779999975, "POINT_Y": 5363760.0670999996 }, "geometry": { "type": "MultiPoint", "coordinates": [ [ -123.334954013350938, 48.426507320237071 ] ] } },
{ "type": "Feature", "properties": { "OBJECTID": 2926, "StreetName1": "ROCKLAND AVE", "StreetName2": "TERRACE AVE", "Intersection": "ROCKLAND AVE & TERRACE AVE", "Jurisdiction": "COV", "POINT_X": 475297.40280000027, "POINT_Y": 5363311.4008000009 }, "geometry": { "type": "MultiPoint", "coordinates": [ [ -123.333904524258699, 48.422473926772092 ] ] } },
{ "type": "Feature", "properties": { "OBJECTID": 2927, "StreetName1": "ARTHUR AVE", "StreetName2": "THE RISE", "Intersection": "ARTHUR AVE & THE RISE", "Jurisdiction": "COV", "POINT_X": 473993.4112999998, "POINT_Y": 5365744.8482000008 }, "geometry": { "type": "MultiPoint", "coordinates": [ [ -123.35168046252376, 48.444313546766779 ] ] } },
{ "type": "Feature", "properties": { "OBJECTID": 2928, "StreetName1": "MONTROSE AVE", "StreetName2": "THE RISE", "Intersection": "MONTROSE AVE & THE RISE", "Jurisdiction": "COV", "POINT_X": 474024.1316, "POINT_Y": 5365579.0107000005 }, "geometry": { "type": "MultiPoint", "coordinates": [ [ -123.351254778499055, 48.442822888056796 ] ] } },
{ "type": "Feature", "properties": { "OBJECTID": 2929, "StreetName1": "NIAGARA ST", "StreetName2": "THETIS LANE", "Intersection": "NIAGARA ST & THETIS LANE", "Jurisdiction": "COV", "POINT_X": 472665.304, "POINT_Y": 5362035.1341999993 }, "geometry": { "type": "MultiPoint", "coordinates": [ [ -123.369397018452929, 48.410883462420266 ] ] } },
{ "type": "Feature", "properties": { "OBJECTID": 2930, "StreetName1": "BEACON ST", "StreetName2": "THETIS LANE", "Intersection": "BEACON ST & THETIS LANE", "Jurisdiction": "COV", "POINT_X": 472693.2763, "POINT_Y": 5362148.8238999993 }, "geometry": { "type": "MultiPoint", "coordinates": [ [ -123.369026429290912, 48.411907468038159 ] ] } },
{ "type": "Feature", "properties": { "OBJECTID": 2931, "StreetName1": "MOSS ST", "StreetName2": "THURLOW RD", "Intersection": "MOSS ST & THURLOW RD", "Jurisdiction": "COV", "POINT_X": 474208.38590000011, "POINT_Y": 5362627.3158 }, "geometry": { "type": "MultiPoint", "coordinates": [ [ -123.348581720969733, 48.416275998494115 ] ] } },
{ "type": "Feature", "properties": { "OBJECTID": 2932, "StreetName1": "DURBAN ST", "StreetName2": "THURLOW RD", "Intersection": "DURBAN ST & THURLOW RD", "Jurisdiction": "COV", "POINT_X": 474426.20050000027, "POINT_Y": 5362500.2105 }, "geometry": { "type": "MultiPoint", "coordinates": [ [ -123.345630321658362, 48.415141391811154 ] ] } },
{ "type": "Feature", "properties": { "OBJECTID": 2933, "StreetName1": "KIPLING ST", "StreetName2": "THURLOW RD", "Intersection": "KIPLING ST & THURLOW RD", "Jurisdiction": "COV", "POINT_X": 474502.77020000014, "POINT_Y": 5362413.0357000008 }, "geometry": { "type": "MultiPoint", "coordinates": [ [ -123.344590246081054, 48.414360238332463 ] ] } },
{ "type": "Feature", "properties": { "OBJECTID": 2934, "StreetName1": "CLIFFORD ST", "StreetName2": "THURLOW RD", "Intersection": "CLIFFORD ST & THURLOW RD", "Jurisdiction": "COV", "POINT_X": 474551.67750000022, "POINT_Y": 5362357.8812000006 }, "geometry": { "type": "MultiPoint", "coordinates": [ [ -123.343925968117063, 48.413866025183957 ] ] } },
{ "type": "Feature", "properties": { "OBJECTID": 2935, "StreetName1": "FAIRFIELD RD", "StreetName2": "THURLOW RD", "Intersection": "FAIRFIELD RD & THURLOW RD", "Jurisdiction": "COV", "POINT_X": 474631.83029999956, "POINT_Y": 5362137.1835999992 }, "geometry": { "type": "MultiPoint", "coordinates": [ [ -123.342829448797175, 48.411883778731152 ] ] } },
{ "type": "Feature", "properties": { "OBJECTID": 2936, "StreetName1": "DOUGLAS ST", "StreetName2": "TOLMIE AVE", "Intersection": "DOUGLAS ST & TOLMIE AVE", "Jurisdiction": "COV", "POINT_X": 472467.73070000019, "POINT_Y": 5366134.9302999992 }, "geometry": { "type": "MultiPoint", "coordinates": [ [ -123.372336173566055, 48.447757948482177 ] ] } },
{ "type": "Feature", "properties": { "OBJECTID": 2937, "StreetName1": "BLANSHARD ST", "StreetName2": "TOLMIE AVE", "Intersection": "BLANSHARD ST & TOLMIE AVE", "Jurisdiction": "COV", "POINT_X": 472788.0428, "POINT_Y": 5366189.5007500006 }, "geometry": { "type": "MultiPoint", "coordinates": [ [ -123.368116466726335, 48.448250165250172 ], [ -123.367899950484258, 48.448275460350132 ] ] } },
{ "type": "Feature", "properties": { "OBJECTID": 2938, "StreetName1": "ALDER ST", "StreetName2": "TOLMIE AVE", "Intersection": "ALDER ST & TOLMIE AVE", "Jurisdiction": "COV", "POINT_X": 472891.12930000015, "POINT_Y": 5366207.1181000005 }, "geometry": { "type": "MultiPoint", "coordinates": [ [ -123.36661531861769, 48.448425753062068 ] ] } },
{ "type": "Feature", "properties": { "OBJECTID": 2939, "StreetName1": "RUTLEDGE ST", "StreetName2": "TOLMIE AVE", "Intersection": "RUTLEDGE ST & TOLMIE AVE", "Jurisdiction": "COV", "POINT_X": 472978.1640999997, "POINT_Y": 5366221.9934 }, "geometry": { "type": "MultiPoint", "coordinates": [ [ -123.365439309937784, 48.448563319060767 ] ] } },
{ "type": "Feature", "properties": { "OBJECTID": 2940, "StreetName1": "GLASGOW ST", "StreetName2": "TOLMIE AVE", "Intersection": "GLASGOW ST & TOLMIE AVE", "Jurisdiction": "COV", "POINT_X": 473137.08029999956, "POINT_Y": 5366249.1543000005 }, "geometry": { "type": "MultiPoint", "coordinates": [ [ -123.363292027809464, 48.44881447062631 ] ] } },
{ "type": "Feature", "properties": { "OBJECTID": 2941, "StreetName1": "QUADRA ST", "StreetName2": "TOLMIE AVE", "Intersection": "QUADRA ST & TOLMIE AVE", "Jurisdiction": "COV", "POINT_X": 473238.32490000036, "POINT_Y": 5366266.4583000001 }, "geometry": { "type": "MultiPoint", "coordinates": [ [ -123.361923995514999, 48.448974456494007 ] ] } },
{ "type": "Feature", "properties": { "OBJECTID": 2942, "StreetName1": "FIFTH ST", "StreetName2": "TOLMIE AVE", "Intersection": "FIFTH ST & TOLMIE AVE", "Jurisdiction": "COV", "POINT_X": 473339.30819999985, "POINT_Y": 5366282.8195999991 }, "geometry": { "type": "MultiPoint", "coordinates": [ [ -123.360559428103329, 48.449125934230693 ] ] } },
{ "type": "Feature", "properties": { "OBJECTID": 2943, "StreetName1": "JACKSON ST", "StreetName2": "TOLMIE AVE", "Intersection": "JACKSON ST & TOLMIE AVE", "Jurisdiction": "COV", "POINT_X": 473463.21239999961, "POINT_Y": 5366301.2217999995 }, "geometry": { "type": "MultiPoint", "coordinates": [ [ -123.358885017845324, 48.449296723379192 ] ] } },
{ "type": "Feature", "properties": { "OBJECTID": 2944, "StreetName1": "SOMERSET ST", "StreetName2": "TOLMIE AVE", "Intersection": "SOMERSET ST & TOLMIE AVE", "Jurisdiction": "COV", "POINT_X": 473575.267, "POINT_Y": 5366319.1007000003 }, "geometry": { "type": "MultiPoint", "coordinates": [ [ -123.357370808383692, 48.449462282928593 ] ] } },
{ "type": "Feature", "properties": { "OBJECTID": 2945, "StreetName1": "COOK ST", "StreetName2": "TOLMIE AVE", "Intersection": "COOK ST & TOLMIE AVE", "Jurisdiction": "COV", "POINT_X": 474081.36170000024, "POINT_Y": 5366399.4184000008 }, "geometry": { "type": "MultiPoint", "coordinates": [ [ -123.350499547001277, 48.450209652898444 ] ] } },
{ "type": "Feature", "properties": { "OBJECTID": 2946, "StreetName1": "DOUGLAS ST", "StreetName2": "TOLMIE LANE", "Intersection": "DOUGLAS ST & TOLMIE LANE", "Jurisdiction": "COV", "POINT_X": 472467.73070000019, "POINT_Y": 5366134.9302999992 }, "geometry": { "type": "MultiPoint", "coordinates": [ [ -123.372336173566055, 48.447757948482177 ] ] } },
{ "type": "Feature", "properties": { "OBJECTID": 2947, "StreetName1": "TOLMIE AVE", "StreetName2": "TOLMIE PL", "Intersection": "TOLMIE AVE & TOLMIE PL", "Jurisdiction": "COV", "POINT_X": 474216.96949999966, "POINT_Y": 5366421.1457000002 }, "geometry": { "type": "MultiPoint", "coordinates": [ [ -123.34886197651025, 48.45038909406712 ] ] } },
{ "type": "Feature", "properties": { "OBJECTID": 2948, "StreetName1": "DOUGLAS ST", "StreetName2": "TOPAZ AVE", "Intersection": "DOUGLAS ST & TOPAZ AVE", "Jurisdiction": "COV", "POINT_X": 472736.44, "POINT_Y": 5365427.1512000002 }, "geometry": { "type": "MultiPoint", "coordinates": [ [ -123.368656391360247, 48.441402252741632 ] ] } },
{ "type": "Feature", "properties": { "OBJECTID": 2949, "StreetName1": "QUESNEL ST", "StreetName2": "TOPAZ AVE", "Intersection": "QUESNEL ST & TOPAZ AVE", "Jurisdiction": "COV", "POINT_X": 472892.56450000033, "POINT_Y": 5365455.614 }, "geometry": { "type": "MultiPoint", "coordinates": [ [ -123.366547258399351, 48.441665055921618 ] ] } },
{ "type": "Feature", "properties": { "OBJECTID": 2950, "StreetName1": "NANAIMO ST", "StreetName2": "TOPAZ AVE", "Intersection": "NANAIMO ST & TOPAZ AVE", "Jurisdiction": "COV", "POINT_X": 472964.52610000037, "POINT_Y": 5365470.769 }, "geometry": { "type": "MultiPoint", "coordinates": [ [ -123.365575231466011, 48.441804490015556 ] ] } },
{ "type": "Feature", "properties": { "OBJECTID": 2951, "StreetName1": "BLANSHARD ST", "StreetName2": "TOPAZ AVE", "Intersection": "BLANSHARD ST & TOPAZ AVE", "Jurisdiction": "COV", "POINT_X": 473057.24344999983, "POINT_Y": 5365485.0832500011 }, "geometry": { "type": "MultiPoint", "coordinates": [ [ -123.364428499146257, 48.441924612157869 ], [ -123.36421650360171, 48.441949869862839 ] ] } },
{ "type": "Feature", "properties": { "OBJECTID": 2952, "StreetName1": "GILLIE PL", "StreetName2": "TOPAZ AVE", "Intersection": "GILLIE PL & TOPAZ AVE", "Jurisdiction": "COV", "POINT_X": 473270.70320000034, "POINT_Y": 5365525.2639000006 }, "geometry": { "type": "MultiPoint", "coordinates": [ [ -123.361438823054755, 48.44230781978353 ] ] } },
{ "type": "Feature", "properties": { "OBJECTID": 2953, "StreetName1": "QUADRA ST", "StreetName2": "TOPAZ AVE", "Intersection": "QUADRA ST & TOPAZ AVE", "Jurisdiction": "COV", "POINT_X": 473372.23749999981, "POINT_Y": 5365544.4304000009 }, "geometry": { "type": "MultiPoint", "coordinates": [ [ -123.36006716072022, 48.442484551277701 ] ] } },
{ "type": "Feature", "properties": { "OBJECTID": 2954, "StreetName1": "FIFTH ST", "StreetName2": "TOPAZ AVE", "Intersection": "FIFTH ST & TOPAZ AVE", "Jurisdiction": "COV", "POINT_X": 473471.3997, "POINT_Y": 5365563.6581999995 }, "geometry": { "type": "MultiPoint", "coordinates": [ [ -123.358727566892583, 48.442661717939117 ] ] } },
{ "type": "Feature", "properties": { "OBJECTID": 2955, "StreetName1": "GRAHAM ST", "StreetName2": "TOPAZ AVE", "Intersection": "GRAHAM ST & TOPAZ AVE", "Jurisdiction": "COV", "POINT_X": 473570.47140000015, "POINT_Y": 5365582.8312 }, "geometry": { "type": "MultiPoint", "coordinates": [ [ -123.357389183901589, 48.442838372226042 ] ] } },
{ "type": "Feature", "properties": { "OBJECTID": 2956, "StreetName1": "PRIOR ST", "StreetName2": "TOPAZ AVE", "Intersection": "PRIOR ST & TOPAZ AVE", "Jurisdiction": "COV", "POINT_X": 473669.2276999997, "POINT_Y": 5365601.1602999996 }, "geometry": { "type": "MultiPoint", "coordinates": [ [ -123.356055003179236, 48.443007405778211 ] ] } },
{ "type": "Feature", "properties": { "OBJECTID": 2957, "StreetName1": "BLACKWOOD ST", "StreetName2": "TOPAZ AVE", "Intersection": "BLACKWOOD ST & TOPAZ AVE", "Jurisdiction": "COV", "POINT_X": 473767.96580000035, "POINT_Y": 5365619.4861999992 }, "geometry": { "type": "MultiPoint", "coordinates": [ [ -123.354721059413677, 48.443176394332433 ] ] } },
{ "type": "Feature", "properties": { "OBJECTID": 2958, "StreetName1": "THE RISE", "StreetName2": "TOPAZ AVE", "Intersection": "THE RISE & TOPAZ AVE", "Jurisdiction": "COV", "POINT_X": 474008.1705, "POINT_Y": 5365664.0687000006 }, "geometry": { "type": "MultiPoint", "coordinates": [ [ -123.351475876018227, 48.443587438226444 ] ] } },
{ "type": "Feature", "properties": { "OBJECTID": 2959, "StreetName1": "MENZIES ST", "StreetName2": "TORONTO ST", "Intersection": "MENZIES ST & TORONTO ST", "Jurisdiction": "COV", "POINT_X": 472332.2867000001, "POINT_Y": 5362535.7566999998 }, "geometry": { "type": "MultiPoint", "coordinates": [ [ -123.373930103439221, 48.415372701175016 ] ] } },
{ "type": "Feature", "properties": { "OBJECTID": 2960, "StreetName1": "PARRY ST", "StreetName2": "TORONTO ST", "Intersection": "PARRY ST & TORONTO ST", "Jurisdiction": "COV", "POINT_X": 472445.45359999966, "POINT_Y": 5362545.1897 }, "geometry": { "type": "MultiPoint", "coordinates": [ [ -123.372401364218149, 48.415462523390559 ] ] } },
{ "type": "Feature", "properties": { "OBJECTID": 2961, "StreetName1": "POWELL ST", "StreetName2": "TORONTO ST", "Intersection": "POWELL ST & TORONTO ST", "Jurisdiction": "COV", "POINT_X": 472559.3619, "POINT_Y": 5362556.4459000006 }, "geometry": { "type": "MultiPoint", "coordinates": [ [ -123.370862719329267, 48.415568759738136 ] ] } },
{ "type": "Feature", "properties": { "OBJECTID": 2962, "StreetName1": "HEATHER ST", "StreetName2": "TORONTO ST", "Intersection": "HEATHER ST & TORONTO ST", "Jurisdiction": "COV", "POINT_X": 472621.0685000001, "POINT_Y": 5362561.8687999994 }, "geometry": { "type": "MultiPoint", "coordinates": [ [ -123.370029155195695, 48.415620230702778 ] ] } },
{ "type": "Feature", "properties": { "OBJECTID": 2963, "StreetName1": "GOVERNMENT ST", "StreetName2": "TORONTO ST", "Intersection": "GOVERNMENT ST & TORONTO ST", "Jurisdiction": "COV", "POINT_X": 472693.78359999973, "POINT_Y": 5362568.2591999993 }, "geometry": { "type": "MultiPoint", "coordinates": [ [ -123.369046880445296, 48.415680876835353 ] ] } },
{ "type": "Feature", "properties": { "OBJECTID": 2964, "StreetName1": "HUNTINGTON PL", "StreetName2": "TORONTO ST", "Intersection": "HUNTINGTON PL & TORONTO ST", "Jurisdiction": "COV", "POINT_X": 472832.59219999984, "POINT_Y": 5362581.4474999998 }, "geometry": { "type": "MultiPoint", "coordinates": [ [ -123.36717183656063, 48.415805524465604 ] ] } },
{ "type": "Feature", "properties": { "OBJECTID": 2965, "StreetName1": "DOUGLAS ST", "StreetName2": "TORONTO ST", "Intersection": "DOUGLAS ST & TORONTO ST", "Jurisdiction": "COV", "POINT_X": 472929.34389999975, "POINT_Y": 5362590.3812000006 }, "geometry": { "type": "MultiPoint", "coordinates": [ [ -123.36586488030305, 48.415890059934263 ] ] } },
{ "type": "Feature", "properties": { "OBJECTID": 2966, "StreetName1": "COOK ST", "StreetName2": "TOVIDO LANE", "Intersection": "COOK ST & TOVIDO LANE", "Jurisdiction": "COV", "POINT_X": 474139.12179999985, "POINT_Y": 5366081.0138000008 }, "geometry": { "type": "MultiPoint", "coordinates": [ [ -123.349730943133679, 48.447343803785188 ] ] } },
{ "type": "Feature", "properties": { "OBJECTID": 2967, "StreetName1": "FORT ST", "StreetName2": "TRENT ST", "Intersection": "FORT ST & TRENT ST", "Jurisdiction": "COV", "POINT_X": 476039.3657, "POINT_Y": 5364352.9310999997 }, "geometry": { "type": "MultiPoint", "coordinates": [ [ -123.323935593110193, 48.431872583378968 ] ] } },
{ "type": "Feature", "properties": { "OBJECTID": 2968, "StreetName1": "FAIRFIELD RD", "StreetName2": "SU'IT ST", "Intersection": "FAIRFIELD RD & SU'IT ST", "Jurisdiction": "COV", "POINT_X": 473844.65149999969, "POINT_Y": 5362757.1622000001 }, "geometry": { "type": "MultiPoint", "coordinates": [ [ -123.353505493309044, 48.417429147345771 ] ] } },
{ "type": "Feature", "properties": { "OBJECTID": 2969, "StreetName1": "COLLINSON ST", "StreetName2": "SU'IT ST", "Intersection": "COLLINSON ST & SU'IT ST", "Jurisdiction": "COV", "POINT_X": 473865.83320000023, "POINT_Y": 5362889.1165999994 }, "geometry": { "type": "MultiPoint", "coordinates": [ [ -123.353227451430953, 48.418617135601068 ] ] } },
{ "type": "Feature", "properties": { "OBJECTID": 2970, "StreetName1": "RICHARDSON ST", "StreetName2": "SU'IT ST", "Intersection": "RICHARDSON ST & SU'IT ST", "Jurisdiction": "COV", "POINT_X": 473881.17559999973, "POINT_Y": 5362979.1022999994 }, "geometry": { "type": "MultiPoint", "coordinates": [ [ -123.353025702875755, 48.419427315473826 ] ] } },
{ "type": "Feature", "properties": { "OBJECTID": 2971, "StreetName1": "DAVID ST", "StreetName2": "TURNER ST", "Intersection": "DAVID ST & TURNER ST", "Jurisdiction": "COV", "POINT_X": 472224.26620000042, "POINT_Y": 5364986.5414000005 }, "geometry": { "type": "MultiPoint", "coordinates": [ [ -123.375552320932499, 48.43741600066322 ] ] } },
{ "type": "Feature", "properties": { "OBJECTID": 2972, "StreetName1": "HILLSIDE AVE", "StreetName2": "TURNER ST", "Intersection": "HILLSIDE AVE & TURNER ST", "Jurisdiction": "COV", "POINT_X": 472248.16739999969, "POINT_Y": 5364901.7091000006 }, "geometry": { "type": "MultiPoint", "coordinates": [ [ -123.375223555865801, 48.436653877331828 ] ] } },
{ "type": "Feature", "properties": { "OBJECTID": 2973, "StreetName1": "JOHN ST", "StreetName2": "TURNER ST", "Intersection": "JOHN ST & TURNER ST", "Jurisdiction": "COV", "POINT_X": 472272.916, "POINT_Y": 5364813.8688999992 }, "geometry": { "type": "MultiPoint", "coordinates": [ [ -123.374883145080616, 48.435864730257265 ] ] } },
{ "type": "Feature", "properties": { "OBJECTID": 2974, "StreetName1": "BAY ST", "StreetName2": "TURNER ST", "Intersection": "BAY ST & TURNER ST", "Jurisdiction": "COV", "POINT_X": 472298.13179999962, "POINT_Y": 5364725.0283000004 }, "geometry": { "type": "MultiPoint", "coordinates": [ [ -123.374536362485685, 48.435066602687876 ] ] } },
{ "type": "Feature", "properties": { "OBJECTID": 2975, "StreetName1": "FINLAYSON PL", "StreetName2": "TWIN OAKS LANE", "Intersection": "FINLAYSON PL & TWIN OAKS LANE", "Jurisdiction": "COV", "POINT_X": 474326.3284, "POINT_Y": 5366140.2301000003 }, "geometry": { "type": "MultiPoint", "coordinates": [ [ -123.347203034440824, 48.447884197755016 ] ] } },
{ "type": "Feature", "properties": { "OBJECTID": 2976, "StreetName1": "RAYNOR AVE", "StreetName2": "TYEE RD", "Intersection": "RAYNOR AVE & TYEE RD", "Jurisdiction": "COV", "POINT_X": 471699.511, "POINT_Y": 5364863.4879000001 }, "geometry": { "type": "MultiPoint", "coordinates": [ [ -123.382638709685921, 48.436285602725583 ] ] } },
{ "type": "Feature", "properties": { "OBJECTID": 2977, "StreetName1": "GAUDIN RD", "StreetName2": "TYEE RD", "Intersection": "GAUDIN RD & TYEE RD", "Jurisdiction": "COV", "POINT_X": 471762.93250000011, "POINT_Y": 5364722.2232000008 }, "geometry": { "type": "MultiPoint", "coordinates": [ [ -123.381771747083249, 48.435017590548775 ] ] } },
{ "type": "Feature", "properties": { "OBJECTID": 2978, "StreetName1": "LANGFORD ST", "StreetName2": "TYEE RD", "Intersection": "LANGFORD ST & TYEE RD", "Jurisdiction": "COV", "POINT_X": 471768.24660000019, "POINT_Y": 5364655.1800999995 }, "geometry": { "type": "MultiPoint", "coordinates": [ [ -123.381695385919215, 48.434414688745143 ] ] } },
{ "type": "Feature", "properties": { "OBJECTID": 2979, "StreetName1": "BAY ST", "StreetName2": "TYEE RD", "Intersection": "BAY ST & TYEE RD", "Jurisdiction": "COV", "POINT_X": 471849.6484000003, "POINT_Y": 5364584.9121000003 }, "geometry": { "type": "MultiPoint", "coordinates": [ [ -123.380590175246979, 48.433786181192467 ] ] } },
{ "type": "Feature", "properties": { "OBJECTID": 2980, "StreetName1": "HARBOUR RD", "StreetName2": "TYEE RD", "Intersection": "HARBOUR RD & TYEE RD", "Jurisdiction": "COV", "POINT_X": 471931.4478000002, "POINT_Y": 5364411.7698999997 }, "geometry": { "type": "MultiPoint", "coordinates": [ [ -123.379472725209652, 48.432232192447614 ] ] } },
{ "type": "Feature", "properties": { "OBJECTID": 2981, "StreetName1": "KIMTA RD", "StreetName2": "TYEE RD", "Intersection": "KIMTA RD & TYEE RD", "Jurisdiction": "COV", "POINT_X": 472077.20579999965, "POINT_Y": 5363873.9288999997 }, "geometry": { "type": "MultiPoint", "coordinates": [ [ -123.377466436524173, 48.427400085531929 ] ] } },
{ "type": "Feature", "properties": { "OBJECTID": 2982, "StreetName1": "ESQUIMALT RD", "StreetName2": "TYEE RD", "Intersection": "ESQUIMALT RD & TYEE RD", "Jurisdiction": "COV", "POINT_X": 472081.38069999963, "POINT_Y": 5363992.9422999993 }, "geometry": { "type": "MultiPoint", "coordinates": [ [ -123.377417930856723, 48.428470953181382 ] ] } },
{ "type": "Feature", "properties": { "OBJECTID": 2983, "StreetName1": "PARK BLVD", "StreetName2": "VANCOUVER ST", "Intersection": "PARK BLVD & VANCOUVER ST", "Jurisdiction": "COV", "POINT_X": 473405.4529, "POINT_Y": 5362249.3584000003 }, "geometry": { "type": "MultiPoint", "coordinates": [ [ -123.359408955377589, 48.412842374672721 ] ] } },
{ "type": "Feature", "properties": { "OBJECTID": 2984, "StreetName1": "OLIPHANT AVE", "StreetName2": "VANCOUVER ST", "Intersection": "OLIPHANT AVE & VANCOUVER ST", "Jurisdiction": "COV", "POINT_X": 473408.15450000018, "POINT_Y": 5362364.6796000004 }, "geometry": { "type": "MultiPoint", "coordinates": [ [ -123.359379758362266, 48.413879959782321 ] ] } },
{ "type": "Feature", "properties": { "OBJECTID": 2985, "StreetName1": "SUTLEJ ST", "StreetName2": "VANCOUVER ST", "Intersection": "SUTLEJ ST & VANCOUVER ST", "Jurisdiction": "COV", "POINT_X": 473410.7528, "POINT_Y": 5362476.0928000007 }, "geometry": { "type": "MultiPoint", "coordinates": [ [ -123.359351708524628, 48.41488238257282 ] ] } },
{ "type": "Feature", "properties": { "OBJECTID": 2986, "StreetName1": "PENDERGAST ST", "StreetName2": "VANCOUVER ST", "Intersection": "PENDERGAST ST & VANCOUVER ST", "Jurisdiction": "COV", "POINT_X": 473413.10039999988, "POINT_Y": 5362576.7536999993 }, "geometry": { "type": "MultiPoint", "coordinates": [ [ -123.359326364097726, 48.415788063078942 ] ] } },
{ "type": "Feature", "properties": { "OBJECTID": 2987, "StreetName1": "SOUTHGATE ST", "StreetName2": "VANCOUVER ST", "Intersection": "SOUTHGATE ST & VANCOUVER ST", "Jurisdiction": "COV", "POINT_X": 473415.3728, "POINT_Y": 5362674.1898999996 }, "geometry": { "type": "MultiPoint", "coordinates": [ [ -123.35930183073296, 48.416664729718377 ] ] } },
{ "type": "Feature", "properties": { "OBJECTID": 2988, "StreetName1": "HARLING LANE", "StreetName2": "VANCOUVER ST", "Intersection": "HARLING LANE & VANCOUVER ST", "Jurisdiction": "COV", "POINT_X": 473445.67989999987, "POINT_Y": 5362720.933 }, "geometry": { "type": "MultiPoint", "coordinates": [ [ -123.358895203640273, 48.417086525461059 ] ] } },
{ "type": "Feature", "properties": { "OBJECTID": 2989, "StreetName1": "HUMBOLDT ST", "StreetName2": "VANCOUVER ST", "Intersection": "HUMBOLDT ST & VANCOUVER ST", "Jurisdiction": "COV", "POINT_X": 473461.50129999965, "POINT_Y": 5362737.432 }, "geometry": { "type": "MultiPoint", "coordinates": [ [ -123.358682426842279, 48.417235623023295 ] ] } },
{ "type": "Feature", "properties": { "OBJECTID": 2990, "StreetName1": "PAKINGTON ST", "StreetName2": "VANCOUVER ST", "Intersection": "PAKINGTON ST & VANCOUVER ST", "Jurisdiction": "COV", "POINT_X": 473479.34910000023, "POINT_Y": 5362768.3801000006 }, "geometry": { "type": "MultiPoint", "coordinates": [ [ -123.358443176321288, 48.417514794735361 ] ] } },
{ "type": "Feature", "properties": { "OBJECTID": 2991, "StreetName1": "FAIRFIELD RD", "StreetName2": "VANCOUVER ST", "Intersection": "FAIRFIELD RD & VANCOUVER ST", "Jurisdiction": "COV", "POINT_X": 473495.27020000014, "POINT_Y": 5362857.7383999992 }, "geometry": { "type": "MultiPoint", "coordinates": [ [ -123.358233654176431, 48.418319363730141 ] ] } },
{ "type": "Feature", "properties": { "OBJECTID": 2992, "StreetName1": "COLLINSON ST", "StreetName2": "VANCOUVER ST", "Intersection": "COLLINSON ST & VANCOUVER ST", "Jurisdiction": "COV", "POINT_X": 473509.688, "POINT_Y": 5362948.7574000005 }, "geometry": { "type": "MultiPoint", "coordinates": [ [ -123.358044547813563, 48.419138809273306 ] ] } },
{ "type": "Feature", "properties": { "OBJECTID": 2993, "StreetName1": "RICHARDSON ST", "StreetName2": "VANCOUVER ST", "Intersection": "RICHARDSON ST & VANCOUVER ST", "Jurisdiction": "COV", "POINT_X": 473524.8448000001, "POINT_Y": 5363038.6575000007 }, "geometry": { "type": "MultiPoint", "coordinates": [ [ -123.357845376891575, 48.419948219446418 ] ] } },
{ "type": "Feature", "properties": { "OBJECTID": 2994, "StreetName1": "MCCLURE ST", "StreetName2": "VANCOUVER ST", "Intersection": "MCCLURE ST & VANCOUVER ST", "Jurisdiction": "COV", "POINT_X": 473537.83420000027, "POINT_Y": 5363115.6973000001 }, "geometry": { "type": "MultiPoint", "coordinates": [ [ -123.357705257578914, 48.42051759766666 ], [ -123.357644105958016, 48.420766087039553 ] ] } },
{ "type": "Feature", "properties": { "OBJECTID": 2995, "StreetName1": "BURDETT AVE", "StreetName2": "VANCOUVER ST", "Intersection": "BURDETT AVE & VANCOUVER ST", "Jurisdiction": "COV", "POINT_X": 473554.04030000046, "POINT_Y": 5363211.8177000005 }, "geometry": { "type": "MultiPoint", "coordinates": [ [ -123.357461709517651, 48.421507255758037 ] ] } },
{ "type": "Feature", "properties": { "OBJECTID": 2996, "StreetName1": "ROCKLAND AVE", "StreetName2": "VANCOUVER ST", "Intersection": "ROCKLAND AVE & VANCOUVER ST", "Jurisdiction": "COV", "POINT_X": 473569.57120000012, "POINT_Y": 5363303.8948999997 }, "geometry": { "type": "MultiPoint", "coordinates": [ [ -123.357257601189929, 48.422336266282031 ] ] } },
{ "type": "Feature", "properties": { "OBJECTID": 2997, "StreetName1": "MEARES ST", "StreetName2": "VANCOUVER ST", "Intersection": "MEARES ST & VANCOUVER ST", "Jurisdiction": "COV", "POINT_X": 473586.00119999982, "POINT_Y": 5363401.3016999997 }, "geometry": { "type": "MultiPoint", "coordinates": [ [ -123.357041669618013, 48.4232132609799 ] ] } },
{ "type": "Feature", "properties": { "OBJECTID": 2998, "StreetName1": "FORT ST", "StreetName2": "VANCOUVER ST", "Intersection": "FORT ST & VANCOUVER ST", "Jurisdiction": "COV", "POINT_X": 473595.3635, "POINT_Y": 5363456.7763 }, "geometry": { "type": "MultiPoint", "coordinates": [ [ -123.356918620202165, 48.423712722295861 ] ] } },
{ "type": "Feature", "properties": { "OBJECTID": 2999, "StreetName1": "KINGS RD", "StreetName2": "VANCOUVER ST", "Intersection": "KINGS RD & VANCOUVER ST", "Jurisdiction": "COV", "POINT_X": 473629.37629999965, "POINT_Y": 5365019.4267999995 }, "geometry": { "type": "MultiPoint", "coordinates": [ [ -123.356557227407933, 48.437772276201038 ] ] } },
{ "type": "Feature", "properties": { "OBJECTID": 3000, "StreetName1": "JOHNSON ST", "StreetName2": "VANCOUVER ST", "Intersection": "JOHNSON ST & VANCOUVER ST", "Jurisdiction": "COV", "POINT_X": 473641.84439999983, "POINT_Y": 5363742.4328000005 }, "geometry": { "type": "MultiPoint", "coordinates": [ [ -123.356308327008065, 48.426284533710337 ] ] } },
{ "type": "Feature", "properties": { "OBJECTID": 3001, "StreetName1": "PANDORA AVE", "StreetName2": "VANCOUVER ST", "Intersection": "PANDORA AVE & VANCOUVER ST", "Jurisdiction": "COV", "POINT_X": 473653.23034999974, "POINT_Y": 5363837.3927000007 }, "geometry": { "type": "MultiPoint", "coordinates": [ [ -123.356166867734544, 48.42735998763073 ], [ -123.356159176794193, 48.427104520597567 ], [ -123.356153914461245, 48.42691861625606 ] ] } },
{ "type": "Feature", "properties": { "OBJECTID": 3002, "StreetName1": "MASON ST", "StreetName2": "VANCOUVER ST", "Intersection": "MASON ST & VANCOUVER ST", "Jurisdiction": "COV", "POINT_X": 473658.41544999997, "POINT_Y": 5363949.2627500007 }, "geometry": { "type": "MultiPoint", "coordinates": [ [ -123.356120831748115, 48.427967673360222 ], [ -123.3560738349925, 48.428324206626435 ] ] } },
{ "type": "Feature", "properties": { "OBJECTID": 3003, "StreetName1": "BALMORAL RD", "StreetName2": "VANCOUVER ST", "Intersection": "BALMORAL RD & VANCOUVER ST", "Jurisdiction": "COV", "POINT_X": 473665.337, "POINT_Y": 5364026.0547000002 }, "geometry": { "type": "MultiPoint", "coordinates": [ [ -123.356008596082688, 48.428837075979459 ] ] } },
{ "type": "Feature", "properties": { "OBJECTID": 3004, "StreetName1": "NORTH PARK ST", "StreetName2": "VANCOUVER ST", "Intersection": "NORTH PARK ST & VANCOUVER ST", "Jurisdiction": "COV", "POINT_X": 473675.08469999954, "POINT_Y": 5364124.8490999993 }, "geometry": { "type": "MultiPoint", "coordinates": [ [ -123.355883034698465, 48.429726271454165 ] ] } },
{ "type": "Feature", "properties": { "OBJECTID": 3005, "StreetName1": "CALEDONIA AVE", "StreetName2": "VANCOUVER ST", "Intersection": "CALEDONIA AVE & VANCOUVER ST", "Jurisdiction": "COV", "POINT_X": 473685.58579999954, "POINT_Y": 5364224.2545999996 }, "geometry": { "type": "MultiPoint", "coordinates": [ [ -123.355747322737656, 48.43062099581163 ] ] } },
{ "type": "Feature", "properties": { "OBJECTID": 3006, "StreetName1": "GREEN ST", "StreetName2": "VANCOUVER ST", "Intersection": "GREEN ST & VANCOUVER ST", "Jurisdiction": "COV", "POINT_X": 473692.60170000046, "POINT_Y": 5364306.8346999995 }, "geometry": { "type": "MultiPoint", "coordinates": [ [ -123.355657664422822, 48.431364207330134 ] ] } },
{ "type": "Feature", "properties": { "OBJECTID": 3007, "StreetName1": "PEMBROKE ST", "StreetName2": "VANCOUVER ST", "Intersection": "PEMBROKE ST & VANCOUVER ST", "Jurisdiction": "COV", "POINT_X": 473699.4167, "POINT_Y": 5364387.0522000007 }, "geometry": { "type": "MultiPoint", "coordinates": [ [ -123.35557057115345, 48.432086155556696 ] ] } },
{ "type": "Feature", "properties": { "OBJECTID": 3008, "StreetName1": "BAY ST", "StreetName2": "VANCOUVER ST", "Intersection": "BAY ST & VANCOUVER ST", "Jurisdiction": "COV", "POINT_X": 473706.37524999981, "POINT_Y": 5364728.6135999998 }, "geometry": { "type": "MultiPoint", "coordinates": [ [ -123.355844997132834, 48.435178410203271 ], [ -123.355150875685851, 48.4351400809118 ] ] } },
{ "type": "Feature", "properties": { "OBJECTID": 3009, "StreetName1": "PRINCESS AVE", "StreetName2": "VANCOUVER ST", "Intersection": "PRINCESS AVE & VANCOUVER ST", "Jurisdiction": "COV", "POINT_X": 473708.57320000045, "POINT_Y": 5364479.9046999998 }, "geometry": { "type": "MultiPoint", "coordinates": [ [ -123.35545261394472, 48.43292187008705 ] ] } },
{ "type": "Feature", "properties": { "OBJECTID": 3010, "StreetName1": "QUEENS AVE", "StreetName2": "VANCOUVER ST", "Intersection": "QUEENS AVE & VANCOUVER ST", "Jurisdiction": "COV", "POINT_X": 473717.54270000011, "POINT_Y": 5364571.7611999996 }, "geometry": { "type": "MultiPoint", "coordinates": [ [ -123.355337118532162, 48.433748616230972 ] ] } },
{ "type": "Feature", "properties": { "OBJECTID": 3011, "StreetName1": "EMPRESS AVE", "StreetName2": "VANCOUVER ST", "Intersection": "EMPRESS AVE & VANCOUVER ST", "Jurisdiction": "COV", "POINT_X": 473726.958, "POINT_Y": 5364668.4307000004 }, "geometry": { "type": "MultiPoint", "coordinates": [ [ -123.355215894365912, 48.434618680094509 ] ] } },
{ "type": "Feature", "properties": { "OBJECTID": 3012, "StreetName1": "HAULTAIN ST", "StreetName2": "VICTOR ST", "Intersection": "HAULTAIN ST & VICTOR ST", "Jurisdiction": "COV", "POINT_X": 475048.04150000028, "POINT_Y": 5364830.4907000009 }, "geometry": { "type": "MultiPoint", "coordinates": [ [ -123.33736537038267, 48.436130371822266 ] ] } },
{ "type": "Feature", "properties": { "OBJECTID": 3013, "StreetName1": "KINGS RD", "StreetName2": "VICTOR ST", "Intersection": "KINGS RD & VICTOR ST", "Jurisdiction": "COV", "POINT_X": 475053.04459999967, "POINT_Y": 5365048.3546999991 }, "geometry": { "type": "MultiPoint", "coordinates": [ [ -123.337310704447759, 48.438090549637764 ] ] } },
{ "type": "Feature", "properties": { "OBJECTID": 3014, "StreetName1": "RYAN ST", "StreetName2": "VICTOR ST", "Intersection": "RYAN ST & VICTOR ST", "Jurisdiction": "COV", "POINT_X": 475058.22140000015, "POINT_Y": 5365266.2907999996 }, "geometry": { "type": "MultiPoint", "coordinates": [ [ -123.337253690433087, 48.440051382285858 ] ] } },
{ "type": "Feature", "properties": { "OBJECTID": 3015, "StreetName1": "BAY ST", "StreetName2": "VICTOR ST", "Intersection": "BAY ST & VICTOR ST", "Jurisdiction": "COV", "POINT_X": 475059.79804999981, "POINT_Y": 5364606.4471499994 }, "geometry": { "type": "MultiPoint", "coordinates": [ [ -123.337432908455398, 48.43412690747877 ], [ -123.336953265948637, 48.434103620135652 ] ] } },
{ "type": "Feature", "properties": { "OBJECTID": 3016, "StreetName1": "PEMBROKE ST", "StreetName2": "VICTOR ST", "Intersection": "PEMBROKE ST & VICTOR ST", "Jurisdiction": "COV", "POINT_X": 475064.31830000039, "POINT_Y": 5364280.2492999993 }, "geometry": { "type": "MultiPoint", "coordinates": [ [ -123.337112564013779, 48.43118085261311 ] ] } },
{ "type": "Feature", "properties": { "OBJECTID": 3017, "StreetName1": "DENMAN ST", "StreetName2": "VICTOR ST", "Intersection": "DENMAN ST & VICTOR ST", "Jurisdiction": "COV", "POINT_X": 475070.39010000043, "POINT_Y": 5364440.7841999996 }, "geometry": { "type": "MultiPoint", "coordinates": [ [ -123.337040033941079, 48.432625321613379 ] ] } },
{ "type": "Feature", "properties": { "OBJECTID": 3018, "StreetName1": "BASTION SQ", "StreetName2": "VIEW ST", "Intersection": "BASTION SQ & VIEW ST", "Jurisdiction": "COV", "POINT_X": 472800.40390000027, "POINT_Y": 5363682.5504000001 }, "geometry": { "type": "MultiPoint", "coordinates": [ [ -123.367678271580559, 48.425710032301865 ] ] } },
{ "type": "Feature", "properties": { "OBJECTID": 3019, "StreetName1": "BROAD ST", "StreetName2": "VIEW ST", "Intersection": "BROAD ST & VIEW ST", "Jurisdiction": "COV", "POINT_X": 472892.29910000041, "POINT_Y": 5363666.6995000001 }, "geometry": { "type": "MultiPoint", "coordinates": [ [ -123.366435104623847, 48.425571394451573 ] ] } },
{ "type": "Feature", "properties": { "OBJECTID": 3020, "StreetName1": "DOUGLAS ST", "StreetName2": "VIEW ST", "Intersection": "DOUGLAS ST & VIEW ST", "Jurisdiction": "COV", "POINT_X": 472987.01329999976, "POINT_Y": 5363650.3625000007 }, "geometry": { "type": "MultiPoint", "coordinates": [ [ -123.365153808977439, 48.425428490950999 ] ] } },
{ "type": "Feature", "properties": { "OBJECTID": 3021, "StreetName1": "BLANSHARD ST", "StreetName2": "VIEW ST", "Intersection": "BLANSHARD ST & VIEW ST", "Jurisdiction": "COV", "POINT_X": 473197.76669999957, "POINT_Y": 5363616.6975999996 }, "geometry": { "type": "MultiPoint", "coordinates": [ [ -123.362302929979819, 48.425134634503088 ] ] } },
{ "type": "Feature", "properties": { "OBJECTID": 3022, "StreetName1": "QUADRA ST", "StreetName2": "VIEW ST", "Intersection": "QUADRA ST & VIEW ST", "Jurisdiction": "COV", "POINT_X": 473403.59449999966, "POINT_Y": 5363581.8815000001 }, "geometry": { "type": "MultiPoint", "coordinates": [ [ -123.359518588380851, 48.42483014275227 ] ] } },
{ "type": "Feature", "properties": { "OBJECTID": 3023, "StreetName1": "VANCOUVER ST", "StreetName2": "VIEW ST", "Intersection": "VANCOUVER ST & VIEW ST", "Jurisdiction": "COV", "POINT_X": 473610.5767000001, "POINT_Y": 5363546.9178 }, "geometry": { "type": "MultiPoint", "coordinates": [ [ -123.356718666782541, 48.424524304043238 ] ] } },
{ "type": "Feature", "properties": { "OBJECTID": 3024, "StreetName1": "COOK ST", "StreetName2": "VIEW ST", "Intersection": "COOK ST & VIEW ST", "Jurisdiction": "COV", "POINT_X": 473822.05950000044, "POINT_Y": 5363511.1790999994 }, "geometry": { "type": "MultiPoint", "coordinates": [ [ -123.353857897377878, 48.424211612019825 ] ] } },
{ "type": "Feature", "properties": { "OBJECTID": 3025, "StreetName1": "ORMOND ST", "StreetName2": "VIEW ST", "Intersection": "ORMOND ST & VIEW ST", "Jurisdiction": "COV", "POINT_X": 474133.28789999988, "POINT_Y": 5363458.6776000001 }, "geometry": { "type": "MultiPoint", "coordinates": [ [ -123.349647918543852, 48.423752149141563 ] ] } },
{ "type": "Feature", "properties": { "OBJECTID": 3026, "StreetName1": "RUTLEDGE ST", "StreetName2": "VILLANCE ST", "Intersection": "RUTLEDGE ST & VILLANCE ST", "Jurisdiction": "COV", "POINT_X": 472997.72439999972, "POINT_Y": 5366111.9744000006 }, "geometry": { "type": "MultiPoint", "coordinates": [ [ -123.365167699765109, 48.447574394745843 ] ] } },
{ "type": "Feature", "properties": { "OBJECTID": 3027, "StreetName1": "GLASGOW ST", "StreetName2": "VILLANCE ST", "Intersection": "GLASGOW ST & VILLANCE ST", "Jurisdiction": "COV", "POINT_X": 473149.68070000038, "POINT_Y": 5366202.4332999997 }, "geometry": { "type": "MultiPoint", "coordinates": [ [ -123.363118635057972, 48.448394692198796 ] ] } },
{ "type": "Feature", "properties": { "OBJECTID": 3028, "StreetName1": "MOSS ST", "StreetName2": "VIMY PL", "Intersection": "MOSS ST & VIMY PL", "Jurisdiction": "COV", "POINT_X": 474145.252, "POINT_Y": 5362251.7745999992 }, "geometry": { "type": "MultiPoint", "coordinates": [ [ -123.349411791517511, 48.412894903729509 ] ] } },
{ "type": "Feature", "properties": { "OBJECTID": 3029, "StreetName1": "CHAMBERS ST", "StreetName2": "VINING ST", "Intersection": "CHAMBERS ST & VINING ST", "Jurisdiction": "COV", "POINT_X": 474110.04339999985, "POINT_Y": 5364135.9168999996 }, "geometry": { "type": "MultiPoint", "coordinates": [ [ -123.350003934853973, 48.429843874816349 ] ] } },
{ "type": "Feature", "properties": { "OBJECTID": 3030, "StreetName1": "FERNWOOD RD", "StreetName2": "VINING ST", "Intersection": "FERNWOOD RD & VINING ST", "Jurisdiction": "COV", "POINT_X": 474463.83530000038, "POINT_Y": 5364102.8429000005 }, "geometry": { "type": "MultiPoint", "coordinates": [ [ -123.345219337273249, 48.429560776486021 ] ] } },
{ "type": "Feature", "properties": { "OBJECTID": 3031, "StreetName1": "STANLEY AVE", "StreetName2": "VINING ST", "Intersection": "STANLEY AVE & VINING ST", "Jurisdiction": "COV", "POINT_X": 474685.55910000019, "POINT_Y": 5364093.3474000003 }, "geometry": { "type": "MultiPoint", "coordinates": [ [ -123.342221502347172, 48.429484304191028 ] ] } },
{ "type": "Feature", "properties": { "OBJECTID": 3032, "StreetName1": "BELMONT AVE", "StreetName2": "VINING ST", "Intersection": "BELMONT AVE & VINING ST", "Jurisdiction": "COV", "POINT_X": 474923.83980000019, "POINT_Y": 5364084.8972999994 }, "geometry": { "type": "MultiPoint", "coordinates": [ [ -123.338999923045137, 48.429417818119568 ] ] } },
{ "type": "Feature", "properties": { "OBJECTID": 3033, "StreetName1": "BEGBIE ST", "StreetName2": "VINING ST", "Intersection": "BEGBIE ST & VINING ST", "Jurisdiction": "COV", "POINT_X": 475137.356, "POINT_Y": 5364076.092 }, "geometry": { "type": "MultiPoint", "coordinates": [ [ -123.336113095869109, 48.429347069034556 ] ] } },
{ "type": "Feature", "properties": { "OBJECTID": 3034, "StreetName1": "ST ANDREWS ST", "StreetName2": "VIOLET LANE", "Intersection": "ST ANDREWS ST & VIOLET LANE", "Jurisdiction": "COV", "POINT_X": 472595.4729000004, "POINT_Y": 5362157.6492 }, "geometry": { "type": "MultiPoint", "coordinates": [ [ -123.370348650164672, 48.411982617344314 ] ] } },
{ "type": "Feature", "properties": { "OBJECTID": 3035, "StreetName1": "THETIS LANE", "StreetName2": "VIOLET LANE", "Intersection": "THETIS LANE & VIOLET LANE", "Jurisdiction": "COV", "POINT_X": 472680.5258, "POINT_Y": 5362095.3542999998 }, "geometry": { "type": "MultiPoint", "coordinates": [ [ -123.369195248021668, 48.411425883915271 ] ] } },
{ "type": "Feature", "properties": { "OBJECTID": 3036, "StreetName1": "FIFTH ST", "StreetName2": "VISTA HTS", "Intersection": "FIFTH ST & VISTA HTS", "Jurisdiction": "COV", "POINT_X": 473503.0658, "POINT_Y": 5365395.8737000003 }, "geometry": { "type": "MultiPoint", "coordinates": [ [ -123.358288779483757, 48.441153609324651 ] ] } },
{ "type": "Feature", "properties": { "OBJECTID": 3037, "StreetName1": "GRAHAM ST", "StreetName2": "VISTA HTS", "Intersection": "GRAHAM ST & VISTA HTS", "Jurisdiction": "COV", "POINT_X": 473602.48089999985, "POINT_Y": 5365412.2016000003 }, "geometry": { "type": "MultiPoint", "coordinates": [ [ -123.35694561205851, 48.44130467743657 ] ] } },
{ "type": "Feature", "properties": { "OBJECTID": 3038, "StreetName1": "PRIOR ST", "StreetName2": "VISTA HTS", "Intersection": "PRIOR ST & VISTA HTS", "Jurisdiction": "COV", "POINT_X": 473701.2347, "POINT_Y": 5365430.7203000002 }, "geometry": { "type": "MultiPoint", "coordinates": [ [ -123.355611515682654, 48.441475411395032 ] ] } },
{ "type": "Feature", "properties": { "OBJECTID": 3039, "StreetName1": "BLACKWOOD ST", "StreetName2": "VISTA HTS", "Intersection": "BLACKWOOD ST & VISTA HTS", "Jurisdiction": "COV", "POINT_X": 473800.0393000003, "POINT_Y": 5365448.9957 }, "geometry": { "type": "MultiPoint", "coordinates": [ [ -123.354276708185992, 48.441643943213862 ] ] } },
{ "type": "Feature", "properties": { "OBJECTID": 3040, "StreetName1": "THE RISE", "StreetName2": "VISTA HTS", "Intersection": "THE RISE & VISTA HTS", "Jurisdiction": "COV", "POINT_X": 474040.187, "POINT_Y": 5365493.4471000005 }, "geometry": { "type": "MultiPoint", "coordinates": [ [ -123.351032381276212, 48.442053792692654 ] ] } },
{ "type": "Feature", "properties": { "OBJECTID": 3041, "StreetName1": "COOK ST", "StreetName2": "VISTA HTS", "Intersection": "COOK ST & VISTA HTS", "Jurisdiction": "COV", "POINT_X": 474139.22329999972, "POINT_Y": 5365512.0836999994 }, "geometry": { "type": "MultiPoint", "coordinates": [ [ -123.349694432609809, 48.442225530446173 ] ] } },
{ "type": "Feature", "properties": { "OBJECTID": 3042, "StreetName1": "GROSVENOR RD", "StreetName2": "VISTA HTS", "Intersection": "GROSVENOR RD & VISTA HTS", "Jurisdiction": "COV", "POINT_X": 474329.46250000037, "POINT_Y": 5365520.1382999998 }, "geometry": { "type": "MultiPoint", "coordinates": [ [ -123.347122635749145, 48.44230577982988 ] ] } },
{ "type": "Feature", "properties": { "OBJECTID": 3043, "StreetName1": "JOHNSON ST", "StreetName2": "WADDINGTON ALLEY", "Intersection": "JOHNSON ST & WADDINGTON ALLEY", "Jurisdiction": "COV", "POINT_X": 472671.40259999968, "POINT_Y": 5363907.2062999997 }, "geometry": { "type": "MultiPoint", "coordinates": [ [ -123.369436621969314, 48.427725526157687 ] ] } },
{ "type": "Feature", "properties": { "OBJECTID": 3044, "StreetName1": "MCCASKILL ST", "StreetName2": "WALKER ST", "Intersection": "MCCASKILL ST & WALKER ST", "Jurisdiction": "COV", "POINT_X": 471000.52369999979, "POINT_Y": 5364821.7709 }, "geometry": { "type": "MultiPoint", "coordinates": [ [ -123.392085926253401, 48.435878494592977 ] ] } },
{ "type": "Feature", "properties": { "OBJECTID": 3045, "StreetName1": "CHAMBERS ST", "StreetName2": "WALNUT ST", "Intersection": "CHAMBERS ST & WALNUT ST", "Jurisdiction": "COV", "POINT_X": 474154.05659999978, "POINT_Y": 5364589.8279 }, "geometry": { "type": "MultiPoint", "coordinates": [ [ -123.349436960096554, 48.43392922104595 ] ] } },
{ "type": "Feature", "properties": { "OBJECTID": 3046, "StreetName1": "CEDAR HILL RD", "StreetName2": "WALNUT ST", "Intersection": "CEDAR HILL RD & WALNUT ST", "Jurisdiction": "COV", "POINT_X": 474267.83160000015, "POINT_Y": 5364579.0732000005 }, "geometry": { "type": "MultiPoint", "coordinates": [ [ -123.347898158654914, 48.433837128449582 ] ] } },
{ "type": "Feature", "properties": { "OBJECTID": 3047, "StreetName1": "SPRING RD", "StreetName2": "WALNUT ST", "Intersection": "SPRING RD & WALNUT ST", "Jurisdiction": "COV", "POINT_X": 474306.70920000039, "POINT_Y": 5364569.459000001 }, "geometry": { "type": "MultiPoint", "coordinates": [ [ -123.347371977999131, 48.433752223583831 ] ] } },
{ "type": "Feature", "properties": { "OBJECTID": 3048, "StreetName1": "FERNWOOD RD", "StreetName2": "WALNUT ST", "Intersection": "FERNWOOD RD & WALNUT ST", "Jurisdiction": "COV", "POINT_X": 474479.71669999976, "POINT_Y": 5364555.5437000003 }, "geometry": { "type": "MultiPoint", "coordinates": [ [ -123.345032224089223, 48.433634073209618 ] ] } },
{ "type": "Feature", "properties": { "OBJECTID": 3049, "StreetName1": "OREGON AVE", "StreetName2": "WALNUT ST", "Intersection": "OREGON AVE & WALNUT ST", "Jurisdiction": "COV", "POINT_X": 474630.25239999965, "POINT_Y": 5364547.1459 }, "geometry": { "type": "MultiPoint", "coordinates": [ [ -123.342996612137767, 48.433564607478914 ] ] } },
{ "type": "Feature", "properties": { "OBJECTID": 3050, "StreetName1": "BELMONT AVE", "StreetName2": "WALNUT ST", "Intersection": "BELMONT AVE & WALNUT ST", "Jurisdiction": "COV", "POINT_X": 474876.81859999988, "POINT_Y": 5364537.4507999998 }, "geometry": { "type": "MultiPoint", "coordinates": [ [ -123.339662687272323, 48.433487273973071 ] ] } },
{ "type": "Feature", "properties": { "OBJECTID": 3051, "StreetName1": "MARKET ST", "StreetName2": "WARK ST", "Intersection": "MARKET ST & WARK ST", "Jurisdiction": "COV", "POINT_X": 473310.5795, "POINT_Y": 5365281.2151999995 }, "geometry": { "type": "MultiPoint", "coordinates": [ [ -123.360884088879473, 48.440113972908108 ] ] } },
{ "type": "Feature", "properties": { "OBJECTID": 3052, "StreetName1": "HILLSIDE AVE", "StreetName2": "WARK ST", "Intersection": "HILLSIDE AVE & WARK ST", "Jurisdiction": "COV", "POINT_X": 473328.9729000004, "POINT_Y": 5365183.227 }, "geometry": { "type": "MultiPoint", "coordinates": [ [ -123.360629156201924, 48.439233219527246 ] ] } },
{ "type": "Feature", "properties": { "OBJECTID": 3053, "StreetName1": "KINGS RD", "StreetName2": "WARK ST", "Intersection": "KINGS RD & WARK ST", "Jurisdiction": "COV", "POINT_X": 473371.014, "POINT_Y": 5364970.9847999997 }, "geometry": { "type": "MultiPoint", "coordinates": [ [ -123.360047245010406, 48.437325600505595 ] ] } },
{ "type": "Feature", "properties": { "OBJECTID": 3054, "StreetName1": "QUEENS AVE", "StreetName2": "WARK ST", "Intersection": "QUEENS AVE & WARK ST", "Jurisdiction": "COV", "POINT_X": 473394.46829999983, "POINT_Y": 5364601.6821 }, "geometry": { "type": "MultiPoint", "coordinates": [ [ -123.359706688346904, 48.43400422504758 ] ] } },
{ "type": "Feature", "properties": { "OBJECTID": 3055, "StreetName1": "BAY ST", "StreetName2": "WARK ST", "Intersection": "BAY ST & WARK ST", "Jurisdiction": "COV", "POINT_X": 473410.0444, "POINT_Y": 5364754.5478000008 }, "geometry": { "type": "MultiPoint", "coordinates": [ [ -123.359505814760823, 48.435380112862553 ] ] } },
{ "type": "Feature", "properties": { "OBJECTID": 3056, "StreetName1": "ST CHARLES ST", "StreetName2": "WARREN GDNS", "Intersection": "ST CHARLES ST & WARREN GDNS", "Jurisdiction": "COV", "POINT_X": 475018.062, "POINT_Y": 5362722.6442000009 }, "geometry": { "type": "MultiPoint", "coordinates": [ [ -123.337645050500271, 48.417166236315872 ] ] } },
{ "type": "Feature", "properties": { "OBJECTID": 3057, "StreetName1": "RICHMOND AVE", "StreetName2": "WARREN GDNS", "Intersection": "RICHMOND AVE & WARREN GDNS", "Jurisdiction": "COV", "POINT_X": 475441.84580000024, "POINT_Y": 5362868.9652999993 }, "geometry": { "type": "MultiPoint", "coordinates": [ [ -123.331926299103017, 48.41849925943184 ] ] } },
{ "type": "Feature", "properties": { "OBJECTID": 3058, "StreetName1": "GORGE RD E", "StreetName2": "WASHINGTON AVE", "Intersection": "GORGE RD E & WASHINGTON AVE", "Jurisdiction": "COV", "POINT_X": 471757.69249999989, "POINT_Y": 5365619.0243999995 }, "geometry": { "type": "MultiPoint", "coordinates": [ [ -123.381903057892359, 48.443085245639452 ] ] } },
{ "type": "Feature", "properties": { "OBJECTID": 3059, "StreetName1": "CECELIA RD", "StreetName2": "WASHINGTON AVE", "Intersection": "CECELIA RD & WASHINGTON AVE", "Jurisdiction": "COV", "POINT_X": 471867.13289999962, "POINT_Y": 5365897.6618000008 }, "geometry": { "type": "MultiPoint", "coordinates": [ [ -123.380441977019672, 48.445596849861815 ] ] } },
{ "type": "Feature", "properties": { "OBJECTID": 3060, "StreetName1": "BURNSIDE RD E", "StreetName2": "WASHINGTON AVE", "Intersection": "BURNSIDE RD E & WASHINGTON AVE", "Jurisdiction": "COV", "POINT_X": 471926.5597000001, "POINT_Y": 5366048.9520999994 }, "geometry": { "type": "MultiPoint", "coordinates": [ [ -123.379648540383741, 48.44696055467201 ] ] } },
{ "type": "Feature", "properties": { "OBJECTID": 3061, "StreetName1": "JACKLADDER LANE", "StreetName2": "WATERFRONT CRES", "Intersection": "JACKLADDER LANE & WATERFRONT CRES", "Jurisdiction": "COV", "POINT_X": 471997.4509, "POINT_Y": 5365384.1956999991 }, "geometry": { "type": "MultiPoint", "coordinates": [ [ -123.379467828551043, 48.440271109319028 ], [ -123.377823059448204, 48.441695624508583 ] ] } },
{ "type": "Feature", "properties": { "OBJECTID": 3062, "StreetName1": "JUTLAND RD", "StreetName2": "WATERFRONT CRES", "Intersection": "JUTLAND RD & WATERFRONT CRES", "Jurisdiction": "COV", "POINT_X": 472047.37349999975, "POINT_Y": 5365356.1939499993 }, "geometry": { "type": "MultiPoint", "coordinates": [ [ -123.378723941335508, 48.440007530955604 ], [ -123.377213205986394, 48.4414598174845 ] ] } },
{ "type": "Feature", "properties": { "OBJECTID": 3063, "StreetName1": "DALLAS RD", "StreetName2": "WELLINGTON AVE", "Intersection": "DALLAS RD & WELLINGTON AVE", "Jurisdiction": "COV", "POINT_X": 473852.9645999996, "POINT_Y": 5361592.7739000004 }, "geometry": { "type": "MultiPoint", "coordinates": [ [ -123.353320562935082, 48.406954226593115 ] ] } },
{ "type": "Feature", "properties": { "OBJECTID": 3064, "StreetName1": "FAITHFUL ST", "StreetName2": "WELLINGTON AVE", "Intersection": "FAITHFUL ST & WELLINGTON AVE", "Jurisdiction": "COV", "POINT_X": 473915.80530000012, "POINT_Y": 5361906.5304000005 }, "geometry": { "type": "MultiPoint", "coordinates": [ [ -123.352490966629276, 48.409779501890185 ] ] } },
{ "type": "Feature", "properties": { "OBJECTID": 3065, "StreetName1": "MAY ST", "StreetName2": "WELLINGTON AVE", "Intersection": "MAY ST & WELLINGTON AVE", "Jurisdiction": "COV", "POINT_X": 473959.31240000017, "POINT_Y": 5362112.6071000006 }, "geometry": { "type": "MultiPoint", "coordinates": [ [ -123.351915858822636, 48.411635243990425 ] ] } },
{ "type": "Feature", "properties": { "OBJECTID": 3066, "StreetName1": "CAPITAL HTS", "StreetName2": "WESLEY PL", "Intersection": "CAPITAL HTS & WESLEY PL", "Jurisdiction": "COV", "POINT_X": 474146.39429999981, "POINT_Y": 5364851.4148999993 }, "geometry": { "type": "MultiPoint", "coordinates": [ [ -123.349556690808797, 48.436282230956337 ] ] } },
{ "type": "Feature", "properties": { "OBJECTID": 3067, "StreetName1": "HAULTAIN ST", "StreetName2": "WESLEY PL", "Intersection": "HAULTAIN ST & WESLEY PL", "Jurisdiction": "COV", "POINT_X": 474254.48060000036, "POINT_Y": 5364848.253 }, "geometry": { "type": "MultiPoint", "coordinates": [ [ -123.348095194495556, 48.436258214930746 ] ] } },
{ "type": "Feature", "properties": { "OBJECTID": 3068, "StreetName1": "GOSWORTH RD", "StreetName2": "WESTALL AVE", "Intersection": "GOSWORTH RD & WESTALL AVE", "Jurisdiction": "COV", "POINT_X": 474705.27170000039, "POINT_Y": 5365652.0168999992 }, "geometry": { "type": "MultiPoint", "coordinates": [ [ -123.342049143937373, 48.443507418394596 ] ] } },
{ "type": "Feature", "properties": { "OBJECTID": 3069, "StreetName1": "DONCASTER DR", "StreetName2": "WESTALL AVE", "Intersection": "DONCASTER DR & WESTALL AVE", "Jurisdiction": "COV", "POINT_X": 474942.38590000011, "POINT_Y": 5365767.6932999995 }, "geometry": { "type": "MultiPoint", "coordinates": [ [ -123.338849878889718, 48.4445575664773 ] ] } },
{ "type": "Feature", "properties": { "OBJECTID": 3070, "StreetName1": "KINGS RD", "StreetName2": "WESTBOURNE PL", "Intersection": "KINGS RD & WESTBOURNE PL", "Jurisdiction": "COV", "POINT_X": 473023.3668, "POINT_Y": 5364897.5361000001 }, "geometry": { "type": "MultiPoint", "coordinates": [ [ -123.364742713865581, 48.436650031188044 ] ] } },
{ "type": "Feature", "properties": { "OBJECTID": 3071, "StreetName1": "BAY ST", "StreetName2": "WESTBOURNE PL", "Intersection": "BAY ST & WESTBOURNE PL", "Jurisdiction": "COV", "POINT_X": 473065.32849999983, "POINT_Y": 5364784.4962000009 }, "geometry": { "type": "MultiPoint", "coordinates": [ [ -123.36416813021394, 48.435634884797089 ] ] } },
{ "type": "Feature", "properties": { "OBJECTID": 3072, "StreetName1": "JOHNSON ST", "StreetName2": "WHARF ST", "Intersection": "JOHNSON ST & WHARF ST", "Jurisdiction": "COV", "POINT_X": 472545.01460000034, "POINT_Y": 5363954.8807999995 }, "geometry": { "type": "MultiPoint", "coordinates": [ [ -123.371148190756784, 48.428148923984779 ] ] } },
{ "type": "Feature", "properties": { "OBJECTID": 3073, "StreetName1": "JOHNSON ST", "StreetName2": "WHARF ST", "Intersection": "JOHNSON ST & WHARF ST", "Jurisdiction": "COV", "POINT_X": 472626.60680000018, "POINT_Y": 5363920.4478999991 }, "geometry": { "type": "MultiPoint", "coordinates": [ [ -123.370043012659366, 48.427842706339412 ] ] } },
{ "type": "Feature", "properties": { "OBJECTID": 3074, "StreetName1": "BASTION SQ", "StreetName2": "WHARF ST", "Intersection": "BASTION SQ & WHARF ST", "Jurisdiction": "COV", "POINT_X": 472630.5417, "POINT_Y": 5363710.4904999994 }, "geometry": { "type": "MultiPoint", "coordinates": [ [ -123.369976112337923, 48.425954031613969 ] ] } },
{ "type": "Feature", "properties": { "OBJECTID": 3075, "StreetName1": "FORT ST", "StreetName2": "WHARF ST", "Intersection": "FORT ST & WHARF ST", "Jurisdiction": "COV", "POINT_X": 472642.59819999989, "POINT_Y": 5363613.1969000008 }, "geometry": { "type": "MultiPoint", "coordinates": [ [ -123.369806794598389, 48.425079270039525 ] ] } },
{ "type": "Feature", "properties": { "OBJECTID": 3076, "StreetName1": "BROUGHTON ST", "StreetName2": "WHARF ST", "Intersection": "BROUGHTON ST & WHARF ST", "Jurisdiction": "COV", "POINT_X": 472648.8069000002, "POINT_Y": 5363535.6325000003 }, "geometry": { "type": "MultiPoint", "coordinates": [ [ -123.369717812034239, 48.424381744592743 ] ] } },
{ "type": "Feature", "properties": { "OBJECTID": 3077, "StreetName1": "PANDORA AVE", "StreetName2": "WHARF ST", "Intersection": "PANDORA AVE & WHARF ST", "Jurisdiction": "COV", "POINT_X": 472658.20480000041, "POINT_Y": 5363992.3188000005 }, "geometry": { "type": "MultiPoint", "coordinates": [ [ -123.369620575463387, 48.428490653163259 ] ] } },
{ "type": "Feature", "properties": { "OBJECTID": 3078, "StreetName1": "COURTNEY ST", "StreetName2": "WHARF ST", "Intersection": "COURTNEY ST & WHARF ST", "Jurisdiction": "COV", "POINT_X": 472665.3503, "POINT_Y": 5363456.815 }, "geometry": { "type": "MultiPoint", "coordinates": [ [ -123.369489062331184, 48.423673394292656 ] ] } },
{ "type": "Feature", "properties": { "OBJECTID": 3079, "StreetName1": "GOVERNMENT ST", "StreetName2": "WHARF ST", "Intersection": "GOVERNMENT ST & WHARF ST", "Jurisdiction": "COV", "POINT_X": 472745.0839, "POINT_Y": 5363346.6503999997 }, "geometry": { "type": "MultiPoint", "coordinates": [ [ -123.368404189144485, 48.422685771941211 ] ] } },
{ "type": "Feature", "properties": { "OBJECTID": 3080, "StreetName1": "GOVERNMENT ST", "StreetName2": "WHARF ST", "Intersection": "GOVERNMENT ST & WHARF ST", "Jurisdiction": "COV", "POINT_X": 472749.82079999987, "POINT_Y": 5363375.9502000008 }, "geometry": { "type": "MultiPoint", "coordinates": [ [ -123.368342069090801, 48.422949567763332 ] ] } },
{ "type": "Feature", "properties": { "OBJECTID": 3081, "StreetName1": "FAIRFIELD RD", "StreetName2": "WILDWOOD AVE", "Intersection": "FAIRFIELD RD & WILDWOOD AVE", "Jurisdiction": "COV", "POINT_X": 475281.66359999962, "POINT_Y": 5362287.9466999993 }, "geometry": { "type": "MultiPoint", "coordinates": [ [ -123.334056928453364, 48.413265929922296 ] ] } },
{ "type": "Feature", "properties": { "OBJECTID": 3082, "StreetName1": "HOLLYWOOD CRES", "StreetName2": "WILDWOOD AVE", "Intersection": "HOLLYWOOD CRES & WILDWOOD AVE", "Jurisdiction": "COV", "POINT_X": 475290.26180000044, "POINT_Y": 5361799.0562999994 }, "geometry": { "type": "MultiPoint", "coordinates": [ [ -123.333911937512383, 48.408868019330612 ] ] } },
{ "type": "Feature", "properties": { "OBJECTID": 3083, "StreetName1": "ROSS ST", "StreetName2": "WILDWOOD AVE", "Intersection": "ROSS ST & WILDWOOD AVE", "Jurisdiction": "COV", "POINT_X": 475290.801, "POINT_Y": 5362019.2127 }, "geometry": { "type": "MultiPoint", "coordinates": [ [ -123.333917618488812, 48.41084865334885 ] ] } },
{ "type": "Feature", "properties": { "OBJECTID": 3084, "StreetName1": "PINEWOOD AVE", "StreetName2": "WILDWOOD AVE", "Intersection": "PINEWOOD AVE & WILDWOOD AVE", "Jurisdiction": "COV", "POINT_X": 475292.13360000029, "POINT_Y": 5362107.3516000006 }, "geometry": { "type": "MultiPoint", "coordinates": [ [ -123.333904802383245, 48.411641637347508 ] ] } },
{ "type": "Feature", "properties": { "OBJECTID": 3085, "StreetName1": "LILLIAN RD", "StreetName2": "WILDWOOD AVE", "Intersection": "LILLIAN RD & WILDWOOD AVE", "Jurisdiction": "COV", "POINT_X": 475294.13439999986, "POINT_Y": 5362280.9562 }, "geometry": { "type": "MultiPoint", "coordinates": [ [ -123.333887990199628, 48.413203529825871 ] ] } },
{ "type": "Feature", "properties": { "OBJECTID": 3086, "StreetName1": "SPRINGFIELD ST", "StreetName2": "WILLIAM ST", "Intersection": "SPRINGFIELD ST & WILLIAM ST", "Jurisdiction": "COV", "POINT_X": 471313.6349, "POINT_Y": 5364230.492000001 }, "geometry": { "type": "MultiPoint", "coordinates": [ [ -123.387812304875411, 48.430573517173784 ] ] } },
{ "type": "Feature", "properties": { "OBJECTID": 3087, "StreetName1": "BRIGHTON AVE", "StreetName2": "WILMER ST", "Intersection": "BRIGHTON AVE & WILMER ST", "Jurisdiction": "COV", "POINT_X": 475764.23269999959, "POINT_Y": 5363500.7164999992 }, "geometry": { "type": "MultiPoint", "coordinates": [ [ -123.327605732953842, 48.424195217701268 ] ] } },
{ "type": "Feature", "properties": { "OBJECTID": 3088, "StreetName1": "MADDISON ST", "StreetName2": "WILMER ST", "Intersection": "MADDISON ST & WILMER ST", "Jurisdiction": "COV", "POINT_X": 475774.9813000001, "POINT_Y": 5363213.2891000006 }, "geometry": { "type": "MultiPoint", "coordinates": [ [ -123.327443839251487, 48.421609826393414 ] ] } },
{ "type": "Feature", "properties": { "OBJECTID": 3089, "StreetName1": "DOMINION RD", "StreetName2": "WILSON ST", "Intersection": "DOMINION RD & WILSON ST", "Jurisdiction": "COV", "POINT_X": 470839.97389999963, "POINT_Y": 5364493.6431000009 }, "geometry": { "type": "MultiPoint", "coordinates": [ [ -123.394233656409057, 48.43291914543245 ] ] } },
{ "type": "Feature", "properties": { "OBJECTID": 3090, "StreetName1": "HEREWARD RD", "StreetName2": "WILSON ST", "Intersection": "HEREWARD RD & WILSON ST", "Jurisdiction": "COV", "POINT_X": 470876.485, "POINT_Y": 5364488.397 }, "geometry": { "type": "MultiPoint", "coordinates": [ [ -123.393739705178234, 48.432873639860667 ] ] } },
{ "type": "Feature", "properties": { "OBJECTID": 3091, "StreetName1": "ROTHWELL ST", "StreetName2": "WILSON ST", "Intersection": "ROTHWELL ST & WILSON ST", "Jurisdiction": "COV", "POINT_X": 470890.0724, "POINT_Y": 5364486.5264999997 }, "geometry": { "type": "MultiPoint", "coordinates": [ [ -123.393555889918346, 48.432857440632361 ] ] } },
{ "type": "Feature", "properties": { "OBJECTID": 3092, "StreetName1": "WALKER ST", "StreetName2": "WILSON ST", "Intersection": "WALKER ST & WILSON ST", "Jurisdiction": "COV", "POINT_X": 470948.08920000028, "POINT_Y": 5364474.8666999992 }, "geometry": { "type": "MultiPoint", "coordinates": [ [ -123.392770764295676, 48.432755225276146 ] ] } },
{ "type": "Feature", "properties": { "OBJECTID": 3093, "StreetName1": "DALTON ST", "StreetName2": "WILSON ST", "Intersection": "DALTON ST & WILSON ST", "Jurisdiction": "COV", "POINT_X": 471078.11519999988, "POINT_Y": 5364456.0577000007 }, "geometry": { "type": "MultiPoint", "coordinates": [ [ -123.391011674474314, 48.432592000051301 ] ] } },
{ "type": "Feature", "properties": { "OBJECTID": 3094, "StreetName1": "WILLIAM ST", "StreetName2": "WILSON ST", "Intersection": "WILLIAM ST & WILSON ST", "Jurisdiction": "COV", "POINT_X": 471233.8481000001, "POINT_Y": 5364449.6382 }, "geometry": { "type": "MultiPoint", "coordinates": [ [ -123.388905922819774, 48.432541382554362 ] ] } },
{ "type": "Feature", "properties": { "OBJECTID": 3095, "StreetName1": "FRONT ST", "StreetName2": "WILSON ST", "Intersection": "FRONT ST & WILSON ST", "Jurisdiction": "COV", "POINT_X": 471300.2686000001, "POINT_Y": 5364452.4415000007 }, "geometry": { "type": "MultiPoint", "coordinates": [ [ -123.38800819483599, 48.432569632939206 ] ] } },
{ "type": "Feature", "properties": { "OBJECTID": 3096, "StreetName1": "RUSSELL ST", "StreetName2": "WILSON ST", "Intersection": "RUSSELL ST & WILSON ST", "Jurisdiction": "COV", "POINT_X": 471360.51, "POINT_Y": 5364481.3483000007 }, "geometry": { "type": "MultiPoint", "coordinates": [ [ -123.387195783658711, 48.432832430248418 ] ] } },
{ "type": "Feature", "properties": { "OBJECTID": 3097, "StreetName1": "MARY ST", "StreetName2": "WILSON ST", "Intersection": "MARY ST & WILSON ST", "Jurisdiction": "COV", "POINT_X": 471447.57419999968, "POINT_Y": 5364486.7416999992 }, "geometry": { "type": "MultiPoint", "coordinates": [ [ -123.386019147849908, 48.432884905121739 ] ] } },
{ "type": "Feature", "properties": { "OBJECTID": 3098, "StreetName1": "CATHERINE ST", "StreetName2": "WILSON ST", "Intersection": "CATHERINE ST & WILSON ST", "Jurisdiction": "COV", "POINT_X": 471539.83229999989, "POINT_Y": 5364485.6637999993 }, "geometry": { "type": "MultiPoint", "coordinates": [ [ -123.384771854541455, 48.432879384983892 ] ] } },
{ "type": "Feature", "properties": { "OBJECTID": 3099, "StreetName1": "ALSTON ST", "StreetName2": "WILSON ST", "Intersection": "ALSTON ST & WILSON ST", "Jurisdiction": "COV", "POINT_X": 471648.12129999977, "POINT_Y": 5364484.3984999992 }, "geometry": { "type": "MultiPoint", "coordinates": [ [ -123.383307829991352, 48.432872887488394 ] ] } },
{ "type": "Feature", "properties": { "OBJECTID": 3100, "StreetName1": "BAY ST", "StreetName2": "WILSON ST", "Intersection": "BAY ST & WILSON ST", "Jurisdiction": "COV", "POINT_X": 471724.2723000003, "POINT_Y": 5364483.7622999996 }, "geometry": { "type": "MultiPoint", "coordinates": [ [ -123.382278315790543, 48.432870588486836 ] ] } },
{ "type": "Feature", "properties": { "OBJECTID": 3101, "StreetName1": "TYEE RD", "StreetName2": "WILSON ST", "Intersection": "TYEE RD & WILSON ST", "Jurisdiction": "COV", "POINT_X": 471994.38360000029, "POINT_Y": 5364278.3038999997 }, "geometry": { "type": "MultiPoint", "coordinates": [ [ -123.378612997850112, 48.431034293086306 ] ] } },
{ "type": "Feature", "properties": { "OBJECTID": 3102, "StreetName1": "PENTRELEW PL", "StreetName2": "WILSPENCER PL", "Intersection": "PENTRELEW PL & WILSPENCER PL", "Jurisdiction": "COV", "POINT_X": 474211.99760000035, "POINT_Y": 5363310.3432 }, "geometry": { "type": "MultiPoint", "coordinates": [ [ -123.348574918345491, 48.422420907789309 ] ] } },
{ "type": "Feature", "properties": { "OBJECTID": 3103, "StreetName1": "MOSS ST", "StreetName2": "WILSPENCER PL", "Intersection": "MOSS ST & WILSPENCER PL", "Jurisdiction": "COV", "POINT_X": 474321.4847, "POINT_Y": 5363303.9033000004 }, "geometry": { "type": "MultiPoint", "coordinates": [ [ -123.347094685766848, 48.42236744533929 ] ] } },
{ "type": "Feature", "properties": { "OBJECTID": 3104, "StreetName1": "BOND ST", "StreetName2": "WINDERMERE PL", "Intersection": "BOND ST & WINDERMERE PL", "Jurisdiction": "COV", "POINT_X": 474254.93010000046, "POINT_Y": 5362150.0925999992 }, "geometry": { "type": "MultiPoint", "coordinates": [ [ -123.347923407994372, 48.411984625640613 ] ] } },
{ "type": "Feature", "properties": { "OBJECTID": 3105, "StreetName1": "MASTERS RD", "StreetName2": "WINDERMERE PL", "Intersection": "MASTERS RD & WINDERMERE PL", "Jurisdiction": "COV", "POINT_X": 474380.62090000045, "POINT_Y": 5362302.5919000003 }, "geometry": { "type": "MultiPoint", "coordinates": [ [ -123.346234220923492, 48.41336168958027 ] ] } },
{ "type": "Feature", "properties": { "OBJECTID": 3106, "StreetName1": "COOK ST", "StreetName2": "WOODSTOCK AVE", "Intersection": "COOK ST & WOODSTOCK AVE", "Jurisdiction": "COV", "POINT_X": 473531.1596, "POINT_Y": 5361864.9081999995 }, "geometry": { "type": "MultiPoint", "coordinates": [ [ -123.357685954922673, 48.409389013544782 ] ] } },
{ "type": "Feature", "properties": { "OBJECTID": 3107, "StreetName1": "MARLBOROUGH ST", "StreetName2": "WOODSTOCK AVE", "Intersection": "MARLBOROUGH ST & WOODSTOCK AVE", "Jurisdiction": "COV", "POINT_X": 473635.36720000021, "POINT_Y": 5361848.1231999993 }, "geometry": { "type": "MultiPoint", "coordinates": [ [ -123.356276781509379, 48.409242378060235 ] ] } },
{ "type": "Feature", "properties": { "OBJECTID": 3108, "StreetName1": "CAMBRIDGE ST", "StreetName2": "WOODSTOCK AVE", "Intersection": "CAMBRIDGE ST & WOODSTOCK AVE", "Jurisdiction": "COV", "POINT_X": 473717.941, "POINT_Y": 5361834.8226999994 }, "geometry": { "type": "MultiPoint", "coordinates": [ [ -123.355160162265079, 48.409126171223519 ] ] } },
{ "type": "Feature", "properties": { "OBJECTID": 3109, "StreetName1": "WHARF ST", "StreetName2": "YATES ST", "Intersection": "WHARF ST & YATES ST", "Jurisdiction": "COV", "POINT_X": 472603.13839999959, "POINT_Y": 5363820.2393999994 }, "geometry": { "type": "MultiPoint", "coordinates": [ [ -123.370353696359345, 48.426940177301745 ] ] } },
{ "type": "Feature", "properties": { "OBJECTID": 3110, "StreetName1": "WADDINGTON ALLEY", "StreetName2": "YATES ST", "Intersection": "WADDINGTON ALLEY & YATES ST", "Jurisdiction": "COV", "POINT_X": 472656.2265999997, "POINT_Y": 5363810.7037000004 }, "geometry": { "type": "MultiPoint", "coordinates": [ [ -123.369635467203452, 48.426856698315007 ] ] } },
{ "type": "Feature", "properties": { "OBJECTID": 3111, "StreetName1": "COMMERCIAL ALLEY", "StreetName2": "YATES ST", "Intersection": "COMMERCIAL ALLEY & YATES ST", "Jurisdiction": "COV", "POINT_X": 472677.69539999962, "POINT_Y": 5363806.8474000003 }, "geometry": { "type": "MultiPoint", "coordinates": [ [ -123.369345016909961, 48.426822937568751 ] ] } },
{ "type": "Feature", "properties": { "OBJECTID": 3112, "StreetName1": "LANGLEY ST", "StreetName2": "YATES ST", "Intersection": "LANGLEY ST & YATES ST", "Jurisdiction": "COV", "POINT_X": 472758.116, "POINT_Y": 5363792.4022000004 }, "geometry": { "type": "MultiPoint", "coordinates": [ [ -123.368257014138294, 48.426696467716368 ] ] } },
{ "type": "Feature", "properties": { "OBJECTID": 3113, "StreetName1": "GOVERNMENT ST", "StreetName2": "YATES ST", "Intersection": "GOVERNMENT ST & YATES ST", "Jurisdiction": "COV", "POINT_X": 472816.4397, "POINT_Y": 5363781.926000001 }, "geometry": { "type": "MultiPoint", "coordinates": [ [ -123.367467961597185, 48.426604740583166 ] ] } },
{ "type": "Feature", "properties": { "OBJECTID": 3114, "StreetName1": "BROAD ST", "StreetName2": "YATES ST", "Intersection": "BROAD ST & YATES ST", "Jurisdiction": "COV", "POINT_X": 472908.03720000014, "POINT_Y": 5363766.6307999995 }, "geometry": { "type": "MultiPoint", "coordinates": [ [ -123.366228833336265, 48.426471086991327 ] ] } },
{ "type": "Feature", "properties": { "OBJECTID": 3115, "StreetName1": "DOUGLAS ST", "StreetName2": "YATES ST", "Intersection": "DOUGLAS ST & YATES ST", "Jurisdiction": "COV", "POINT_X": 473004.29619999975, "POINT_Y": 5363750.5574999992 }, "geometry": { "type": "MultiPoint", "coordinates": [ [ -123.364926651384053, 48.42633061982626 ] ] } },
{ "type": "Feature", "properties": { "OBJECTID": 3116, "StreetName1": "MILLIE'S LANE", "StreetName2": "YATES ST", "Intersection": "MILLIE'S LANE & YATES ST", "Jurisdiction": "COV", "POINT_X": 473141.96590000018, "POINT_Y": 5363725.9088000003 }, "geometry": { "type": "MultiPoint", "coordinates": [ [ -123.36306417561984, 48.426114758131249 ] ] } },
{ "type": "Feature", "properties": { "OBJECTID": 3117, "StreetName1": "BLANSHARD ST", "StreetName2": "YATES ST", "Intersection": "BLANSHARD ST & YATES ST", "Jurisdiction": "COV", "POINT_X": 473214.44330000039, "POINT_Y": 5363712.9322999995 }, "geometry": { "type": "MultiPoint", "coordinates": [ [ -123.362083665476902, 48.426001103934993 ] ] } },
{ "type": "Feature", "properties": { "OBJECTID": 3118, "StreetName1": "QUADRA ST", "StreetName2": "YATES ST", "Intersection": "QUADRA ST & YATES ST", "Jurisdiction": "COV", "POINT_X": 473420.12920000032, "POINT_Y": 5363678.3138999995 }, "geometry": { "type": "MultiPoint", "coordinates": [ [ -123.359301208391585, 48.425698379625779 ] ] } },
{ "type": "Feature", "properties": { "OBJECTID": 3119, "StreetName1": "VANCOUVER ST", "StreetName2": "YATES ST", "Intersection": "VANCOUVER ST & YATES ST", "Jurisdiction": "COV", "POINT_X": 473626.8745, "POINT_Y": 5363643.4785999991 }, "geometry": { "type": "MultiPoint", "coordinates": [ [ -123.356504450574292, 48.425393680997246 ] ] } },
{ "type": "Feature", "properties": { "OBJECTID": 3120, "StreetName1": "COOK ST", "StreetName2": "YATES ST", "Intersection": "COOK ST & YATES ST", "Jurisdiction": "COV", "POINT_X": 473839.55510000046, "POINT_Y": 5363607.0804999992 }, "geometry": { "type": "MultiPoint", "coordinates": [ [ -123.35362740206827, 48.425075101374382 ] ] } },
{ "type": "Feature", "properties": { "OBJECTID": 3121, "StreetName1": "ORMOND ST", "StreetName2": "YATES ST", "Intersection": "ORMOND ST & YATES ST", "Jurisdiction": "COV", "POINT_X": 474147.3454, "POINT_Y": 5363558.1114000008 }, "geometry": { "type": "MultiPoint", "coordinates": [ [ -123.349464043446858, 48.424647267893356 ] ] } },
{ "type": "Feature", "properties": { "OBJECTID": 3122, "StreetName1": "CAMOSUN ST", "StreetName2": "YATES ST", "Intersection": "CAMOSUN ST & YATES ST", "Jurisdiction": "COV", "POINT_X": 474294.5373, "POINT_Y": 5363550.7235000003 }, "geometry": { "type": "MultiPoint", "coordinates": [ [ -123.347474043801753, 48.424586828559974 ] ] } },
{ "type": "Feature", "properties": { "OBJECTID": 3123, "StreetName1": "FERNWOOD RD", "StreetName2": "YATES ST", "Intersection": "FERNWOOD RD & YATES ST", "Jurisdiction": "COV", "POINT_X": 474440.14759999979, "POINT_Y": 5363543.2061000001 }, "geometry": { "type": "MultiPoint", "coordinates": [ [ -123.345505418740174, 48.424525125587415 ] ] } },
{ "type": "Feature", "properties": { "OBJECTID": 3124, "StreetName1": "FORT ST", "StreetName2": "YATES ST", "Intersection": "FORT ST & YATES ST", "Jurisdiction": "COV", "POINT_X": 474563.30829999968, "POINT_Y": 5363507.9072999991 }, "geometry": { "type": "MultiPoint", "coordinates": [ [ -123.343838555686048, 48.424212551204782 ] ] } },
{ "type": "Feature", "properties": { "OBJECTID": 3125, "StreetName1": "VILLANCE ST", "StreetName2": "YEW ST", "Intersection": "VILLANCE ST & YEW ST", "Jurisdiction": "COV", "POINT_X": 473074.45019999985, "POINT_Y": 5366182.5909000002 }, "geometry": { "type": "MultiPoint", "coordinates": [ [ -123.364134698108998, 48.448212969564047 ] ] } },
{ "type": "Feature", "properties": { "OBJECTID": 3126, "StreetName1": "REED ST", "StreetName2": "YEW ST", "Intersection": "REED ST & YEW ST", "Jurisdiction": "COV", "POINT_X": 473091.21190000046, "POINT_Y": 5366091.7519000005 }, "geometry": { "type": "MultiPoint", "coordinates": [ [ -123.363902192408233, 48.447396471466512 ] ] } },
{ "type": "Feature", "properties": { "OBJECTID": 3127, "StreetName1": "FINLAYSON ST", "StreetName2": "YEW ST", "Intersection": "FINLAYSON ST & YEW ST", "Jurisdiction": "COV", "POINT_X": 473119.39589999989, "POINT_Y": 5365933.24 }, "geometry": { "type": "MultiPoint", "coordinates": [ [ -123.36351089164377, 48.445971654730471 ] ] } },
{ "type": "Feature", "properties": { "OBJECTID": 3128, "StreetName1": "TORONTO ST", "StreetName2": "YOUNG ST", "Intersection": "TORONTO ST & YOUNG ST", "Jurisdiction": "COV", "POINT_X": 472749.4194, "POINT_Y": 5362573.384 }, "geometry": { "type": "MultiPoint", "coordinates": [ [ -123.368295335766021, 48.415729390281349 ] ] } },
{ "type": "Feature", "properties": { "OBJECTID": 3129, "StreetName1": "MICHIGAN ST", "StreetName2": "YOUNG ST", "Intersection": "MICHIGAN ST & YOUNG ST", "Jurisdiction": "COV", "POINT_X": 472753.9637000002, "POINT_Y": 5362738.8844000008 }, "geometry": { "type": "MultiPoint", "coordinates": [ [ -123.368244675153832, 48.417218485806906 ] ] } },
{ "type": "Feature", "properties": { "OBJECTID": 3130, "StreetName1": "CHAMBERS ST", "StreetName2": "YUKON ST", "Intersection": "CHAMBERS ST & YUKON ST", "Jurisdiction": "COV", "POINT_X": 474099.0093, "POINT_Y": 5364006.9134 }, "geometry": { "type": "MultiPoint", "coordinates": [ [ -123.350145121421463, 48.428682861127761 ] ] } },
{ "type": "Feature", "properties": { "OBJECTID": 3131, "StreetName1": "DOUGLAS ST", "StreetName2": "SIMCOE ST", "Intersection": "DOUGLAS ST & SIMCOE ST", "Jurisdiction": "COV", "POINT_X": 472781.083, "POINT_Y": 5362209.0556000005 }, "geometry": { "type": "MultiPoint", "coordinates": [ [ -123.367843781257633, 48.412453132976466 ] ] } },
{ "type": "Feature", "properties": { "OBJECTID": 3132, "StreetName1": "DOUGLAS ST", "StreetName2": "SIMCOE ST", "Intersection": "SIMCOE ST & DOUGLAS ST", "Jurisdiction": "COV", "POINT_X": 472781.083, "POINT_Y": 5362209.0556000005 }, "geometry": { "type": "MultiPoint", "coordinates": [ [ -123.367843781257633, 48.412453132976466 ] ] } },
{ "type": "Feature", "properties": { "OBJECTID": 3133, "StreetName1": "CORMORANT ST", "StreetName2": "DOUGLAS ST", "Intersection": "CORMORANT ST & DOUGLAS ST", "Jurisdiction": "COV", "POINT_X": 473041.07, "POINT_Y": 5364000.2508000005 }, "geometry": { "type": "MultiPoint", "coordinates": [ [ -123.364445636998823, 48.4285785192438 ] ] } },
{ "type": "Feature", "properties": { "OBJECTID": 3134, "StreetName1": "CORMORANT ST", "StreetName2": "DOUGLAS SQ", "Intersection": "DOUGLAS ST & CORMORANT ST", "Jurisdiction": "COV", "POINT_X": 473041.07, "POINT_Y": 5364000.2508000005 }, "geometry": { "type": "MultiPoint", "coordinates": [ [ -123.364445636998823, 48.4285785192438 ] ] } },
{ "type": "Feature", "properties": { "OBJECTID": 3135, "StreetName1": "FERN ST", "StreetName2": "FORT ST", "Intersection": "FORT ST & FERN ST", "Jurisdiction": "COV", "POINT_X": 475332.9721, "POINT_Y": 5363949.9513000008 }, "geometry": { "type": "MultiPoint", "coordinates": [ [ -123.333461342449112, 48.428219954965755 ] ] } },
{ "type": "Feature", "properties": { "OBJECTID": 3136, "StreetName1": "FERN ST", "StreetName2": "FORT ST", "Intersection": "FERN ST & FORT ST", "Jurisdiction": "COV", "POINT_X": 475332.9721, "POINT_Y": 5363949.9513000008 }, "geometry": { "type": "MultiPoint", "coordinates": [ [ -123.333461342449112, 48.428219954965755 ] ] } },
{ "type": "Feature", "properties": { "OBJECTID": 3137, "StreetName1": "LOTBINIERE AVE", "StreetName2": "RICHARDSON ST", "Intersection": "LOTBINIERE AVE & RICHARDSON ST", "Jurisdiction": "COV", "POINT_X": 474477.64659999963, "POINT_Y": 5362684.2167000007 }, "geometry": { "type": "MultiPoint", "coordinates": [ [ -123.345028914794511, 48.416855008549952 ] ] } },
{ "type": "Feature", "properties": { "OBJECTID": 3138, "StreetName1": "LOTBINIERE AVE", "StreetName2": "RICHARDSON ST", "Intersection": "RICHARDSON ST & LOTBINIERE AVE", "Jurisdiction": "COV", "POINT_X": 474477.64659999963, "POINT_Y": 5362684.2167000007 }, "geometry": { "type": "MultiPoint", "coordinates": [ [ -123.345028914794511, 48.416855008549952 ] ] } },
{ "type": "Feature", "properties": { "OBJECTID": 3139, "StreetName1": "DURBAN ST", "StreetName2": "RICHARDSON ST", "Intersection": "DURBAN ST & RICHARDSON ST", "Jurisdiction": "COV", "POINT_X": 474477.64659999963, "POINT_Y": 5362684.2167000007 }, "geometry": { "type": "MultiPoint", "coordinates": [ [ -123.345028914794511, 48.416855008549952 ] ] } },
{ "type": "Feature", "properties": { "OBJECTID": 3140, "StreetName1": "DURBAN ST", "StreetName2": "RICHARDSON ST", "Intersection": "RICHARDSON ST & DURBAN ST", "Jurisdiction": "COV", "POINT_X": 474477.64659999963, "POINT_Y": 5362684.2167000007 }, "geometry": { "type": "MultiPoint", "coordinates": [ [ -123.345028914794511, 48.416855008549952 ] ] } },
{ "type": "Feature", "properties": { "OBJECTID": 3141, "StreetName1": "DURBAN ST", "StreetName2": "LOTBINIERE AVE", "Intersection": "DURBAN ST & LOTBINIERE AVE", "Jurisdiction": "COV", "POINT_X": 474477.64659999963, "POINT_Y": 5362684.2167000007 }, "geometry": { "type": "MultiPoint", "coordinates": [ [ -123.345028914794511, 48.416855008549952 ] ] } },
{ "type": "Feature", "properties": { "OBJECTID": 3142, "StreetName1": "DURBAN ST", "StreetName2": "LOTBINIERE AVE", "Intersection": "LOTBINIERE AVE & DURBAN ST", "Jurisdiction": "COV", "POINT_X": 474477.64659999963, "POINT_Y": 5362684.2167000007 }, "geometry": { "type": "MultiPoint", "coordinates": [ [ -123.345028914794511, 48.416855008549952 ] ] } },
{ "type": "Feature", "properties": { "OBJECTID": 3143, "StreetName1": "GLASGOW ST", "StreetName2": "TOPAZ AVE", "Intersection": "GLASGOW ST & TOPAZ AVE", "Jurisdiction": "COV", "POINT_X": 473270.70320000034, "POINT_Y": 5365525.2639000006 }, "geometry": { "type": "MultiPoint", "coordinates": [ [ -123.361438823054755, 48.44230781978353 ] ] } },
{ "type": "Feature", "properties": { "OBJECTID": 3144, "StreetName1": "GLASGOW ST", "StreetName2": "TOPAZ AVE", "Intersection": "TOPAZ AVE & GLASGOW ST", "Jurisdiction": "COV", "POINT_X": 473270.70320000034, "POINT_Y": 5365525.2639000006 }, "geometry": { "type": "MultiPoint", "coordinates": [ [ -123.361438823054755, 48.44230781978353 ] ] } },
{ "type": "Feature", "properties": { "OBJECTID": 3145, "StreetName1": "SKINNER ST", "StreetName2": "TYEE RD", "Intersection": "SKINNER ST & TYEE RD", "Jurisdiction": "COV", "POINT_X": 471768.24660000019, "POINT_Y": 5364655.1800999995 }, "geometry": { "type": "MultiPoint", "coordinates": [ [ -123.381695385919215, 48.434414688745143 ] ] } },
{ "type": "Feature", "properties": { "OBJECTID": 3146, "StreetName1": "SKINNER ST", "StreetName2": "TYEE RD", "Intersection": "TYEE RD & SKINNER ST", "Jurisdiction": "COV", "POINT_X": 471768.24660000019, "POINT_Y": 5364655.1800999995 }, "geometry": { "type": "MultiPoint", "coordinates": [ [ -123.381695385919215, 48.434414688745143 ] ] } },
{ "type": "Feature", "properties": { "OBJECTID": 3147, "StreetName1": "GORGE RD E", "StreetName2": "HILLSIDE AVE", "Intersection": "GORGE RD E & HILLSIDE AVE", "Jurisdiction": "COV", "POINT_X": 472863.837, "POINT_Y": 5365081.5833000001 }, "geometry": { "type": "MultiPoint", "coordinates": [ [ -123.366911454333973, 48.438298921534077 ] ] } },
{ "type": "Feature", "properties": { "OBJECTID": 3148, "StreetName1": "GORGE RD E", "StreetName2": "HILLSIDE AVE", "Intersection": "HILLSIDE AVE & GORGE RD E", "Jurisdiction": "COV", "POINT_X": 472863.837, "POINT_Y": 5365081.5833000001 }, "geometry": { "type": "MultiPoint", "coordinates": [ [ -123.366911454333973, 48.438298921534077 ] ] } },
{ "type": "Feature", "properties": { "OBJECTID": 3149, "StreetName1": "FORT ST", "StreetName2": "VERRINDER AVE", "Intersection": "VERRINDER AVE & FORT ST", "Jurisdiction": "COV", "POINT_X": 475063.43209999986, "POINT_Y": 5363757.8124000002 }, "geometry": { "type": "MultiPoint", "coordinates": [ [ -123.337093457803107, 48.42648078843375 ] ] } },
{ "type": "Feature", "properties": { "OBJECTID": 3150, "StreetName1": "FORT ST", "StreetName2": "VERRINDER AVE", "Intersection": "FORT ST & VERRINDER AVE", "Jurisdiction": "COV", "POINT_X": 475063.43209999986, "POINT_Y": 5363757.8124000002 }, "geometry": { "type": "MultiPoint", "coordinates": [ [ -123.337093457803107, 48.42648078843375 ] ] } },
{ "type": "Feature", "properties": { "OBJECTID": 3151, "StreetName1": "DOUGLAS ST", "StreetName2": "MICHIGAN ST", "Intersection": "MICHIGAN ST & DOUGLAS ST", "Jurisdiction": "COV", "POINT_X": 472934.63559999969, "POINT_Y": 5362755.7460999992 }, "geometry": { "type": "MultiPoint", "coordinates": [ [ -123.365804038916252, 48.41737796763249 ] ] } },
{ "type": "Feature", "properties": { "OBJECTID": 3152, "StreetName1": "DOUGLAS ST", "StreetName2": "MICHIGAN ST", "Intersection": "DOUGLAS ST & MICHIGAN ST", "Jurisdiction": "COV", "POINT_X": 472934.63559999969, "POINT_Y": 5362755.7460999992 }, "geometry": { "type": "MultiPoint", "coordinates": [ [ -123.365804038916252, 48.41737796763249 ] ] } },
{ "type": "Feature", "properties": { "OBJECTID": 3153, "StreetName1": "BRIDGE WAY", "StreetName2": "MICHIGAN ST", "Intersection": "MICHIGAN ST & BRIDGE WAY", "Jurisdiction": "COV", "POINT_X": 472934.63559999969, "POINT_Y": 5362755.7460999992 }, "geometry": { "type": "MultiPoint", "coordinates": [ [ -123.365804038916252, 48.41737796763249 ] ] } },
{ "type": "Feature", "properties": { "OBJECTID": 3154, "StreetName1": "BRIDGE WAY", "StreetName2": "MICHIGAN ST", "Intersection": "BRIDGE WAY & MICHIGAN ST", "Jurisdiction": "COV", "POINT_X": 472934.63559999969, "POINT_Y": 5362755.7460999992 }, "geometry": { "type": "MultiPoint", "coordinates": [ [ -123.365804038916252, 48.41737796763249 ] ] } },
{ "type": "Feature", "properties": { "OBJECTID": 3155, "StreetName1": "BRIDGE WAY", "StreetName2": "DOUGLAS ST", "Intersection": "BRIDGE WAY & DOUGLAS ST", "Jurisdiction": "COV", "POINT_X": 472934.63559999969, "POINT_Y": 5362755.7460999992 }, "geometry": { "type": "MultiPoint", "coordinates": [ [ -123.365804038916252, 48.41737796763249 ] ] } },
{ "type": "Feature", "properties": { "OBJECTID": 3156, "StreetName1": "BRIDGE WAY", "StreetName2": "DOUGLAS ST", "Intersection": "DOUGLAS ST & BRIDGE WAY", "Jurisdiction": "COV", "POINT_X": 472934.63559999969, "POINT_Y": 5362755.7460999992 }, "geometry": { "type": "MultiPoint", "coordinates": [ [ -123.365804038916252, 48.41737796763249 ] ] } },
{ "type": "Feature", "properties": { "OBJECTID": 3159, "StreetName1": "FINLAYSON ST", "StreetName2": "NORTH DAIRY RD", "Intersection": "NORTH DAIRY RD & FINLAYSON ST", "Jurisdiction": "COV", "POINT_X": 474368.00409999955, "POINT_Y": 5366198.406 }, "geometry": { "type": "MultiPoint", "coordinates": [ [ -123.34664302200477, 48.448409265547113 ] ] } },
{ "type": "Feature", "properties": { "OBJECTID": 3160, "StreetName1": "FINLAYSON ST", "StreetName2": "NORTH DAIRY RD", "Intersection": "FINLAYSON ST & NORTH DAIRY RD", "Jurisdiction": "COV", "POINT_X": 474368.00409999955, "POINT_Y": 5366198.406 }, "geometry": { "type": "MultiPoint", "coordinates": [ [ -123.34664302200477, 48.448409265547113 ] ] } },
{ "type": "Feature", "properties": { "OBJECTID": 3181, "StreetName1": "NORTH DAIRY RD", "StreetName2": "WORDSWORTH ST", "Intersection": "NORTH DAIRY RD & WORDSWORTH ST", "Jurisdiction": "COV", "POINT_X": 475185.37, "POINT_Y": 5366170.4802000001 }, "geometry": { "type": "MultiPoint", "coordinates": [ [ -123.335588124294645, 48.448190798137269 ] ] } },
{ "type": "Feature", "properties": { "OBJECTID": 3182, "StreetName1": "NORTH DAIRY RD", "StreetName2": "WORDSWORTH ST", "Intersection": "WORDWORTH ST & NORTH DAIRY RD", "Jurisdiction": "COV", "POINT_X": 475185.37, "POINT_Y": 5366170.4802000001 }, "geometry": { "type": "MultiPoint", "coordinates": [ [ -123.335588124294645, 48.448190798137269 ] ] } },
{ "type": "Feature", "properties": { "OBJECTID": 3183, "StreetName1": "KEATS ST", "StreetName2": "NORTH DAIRY RD", "Intersection": "NORTH DAIRY RD & KEATS ST", "Jurisdiction": "COV", "POINT_X": 475096.4699, "POINT_Y": 5366173.2583000008 }, "geometry": { "type": "MultiPoint", "coordinates": [ [ -123.336790480998403, 48.448212278958465 ] ] } },
{ "type": "Feature", "properties": { "OBJECTID": 3184, "StreetName1": "NORTH DAIRY RD", "StreetName2": "KEATS ST", "Intersection": "KEATS ST & NORTH DAIRY RD", "Jurisdiction": "COV", "POINT_X": 475096.4699, "POINT_Y": 5366173.2583000008 }, "geometry": { "type": "MultiPoint", "coordinates": [ [ -123.336790480998403, 48.448212278958465 ] ] } },
{ "type": "Feature", "properties": { "OBJECTID": 3185, "StreetName1": "NORTH DAIRY RD", "StreetName2": "SHELLEY ST", "Intersection": "NORTH DAIRY RD & SHELLEY ST", "Jurisdiction": "COV", "POINT_X": 475010.74469999969, "POINT_Y": 5366174.8457999993 }, "geometry": { "type": "MultiPoint", "coordinates": [ [ -123.337949833544045, 48.448223162274431 ] ] } },
{ "type": "Feature", "properties": { "OBJECTID": 3186, "StreetName1": "NORTH DAIRY RD", "StreetName2": "SHELLEY ST", "Intersection": "SHELLEY ST & NORTH DAIRY RD", "Jurisdiction": "COV", "POINT_X": 475010.74469999969, "POINT_Y": 5366174.8457999993 }, "geometry": { "type": "MultiPoint", "coordinates": [ [ -123.337949833544045, 48.448223162274431 ] ] } },
{ "type": "Feature", "properties": { "OBJECTID": 3187, "StreetName1": "NORTH DAIRY RD", "StreetName2": "WETHERBY RD", "Intersection": "NORTH DAIRY RD & WETHERBY RD", "Jurisdiction": "COV", "POINT_X": 474835.3256000001, "POINT_Y": 5366181.5927000009 }, "geometry": { "type": "MultiPoint", "coordinates": [ [ -123.340322423206217, 48.44827686914131 ] ] } },
{ "type": "Feature", "properties": { "OBJECTID": 3188, "StreetName1": "NORTH DAIRY RD", "StreetName2": "WETHERBY RD", "Intersection": "WETHERBY RD & NORTH DAIRY RD", "Jurisdiction": "COV", "POINT_X": 474835.3256000001, "POINT_Y": 5366181.5927000009 }, "geometry": { "type": "MultiPoint", "coordinates": [ [ -123.340322423206217, 48.44827686914131 ] ] } },
{ "type": "Feature", "properties": { "OBJECTID": 3189, "StreetName1": "KENYA PL", "StreetName2": "NORTH DAIRY RD", "Intersection": "NORTH DAIRY RD & KENYA PL", "Jurisdiction": "COV", "POINT_X": 474665.06589999981, "POINT_Y": 5366188.7365000006 }, "geometry": { "type": "MultiPoint", "coordinates": [ [ -123.342625271185938, 48.448334305460556 ] ] } },
{ "type": "Feature", "properties": { "OBJECTID": 3190, "StreetName1": "KENYA PL", "StreetName2": "NORTH DAIRY RD", "Intersection": "Kenya Pl & NORTH DAIRY RD", "Jurisdiction": "COV", "POINT_X": 474665.06589999981, "POINT_Y": 5366188.7365000006 }, "geometry": { "type": "MultiPoint", "coordinates": [ [ -123.342625271185938, 48.448334305460556 ] ] } },
{ "type": "Feature", "properties": { "OBJECTID": 3211, "StreetName1": "ARTHUR CURRIE LANE", "StreetName2": "TYEE RD", "Intersection": "TYEE RD & ARTHUR CURRIE LANE", "Jurisdiction": "COV", "POINT_X": 471647.86220000032, "POINT_Y": 5364977.2552000005 }, "geometry": { "type": "MultiPoint", "coordinates": [ [ -123.383344686901182, 48.437306763489183 ] ] } },
{ "type": "Feature", "properties": { "OBJECTID": 3212, "StreetName1": "ARTHUR CURRIE LANE", "StreetName2": "TYEE RD", "Intersection": "ARTHUR CURRIE LANE & TYEE RD", "Jurisdiction": "COV", "POINT_X": 471647.86220000032, "POINT_Y": 5364977.2552000005 }, "geometry": { "type": "MultiPoint", "coordinates": [ [ -123.383344686901182, 48.437306763489183 ] ] } },
{ "type": "Feature", "properties": { "OBJECTID": 3213, "StreetName1": "MCCLURE ST", "StreetName2": "QUADRA ST", "Intersection": "QUADRA ST & MCCLURE ST", "Jurisdiction": "COV", "POINT_X": 473347.28440000024, "POINT_Y": 5363133.4364 }, "geometry": { "type": "MultiPoint", "coordinates": [ [ -123.360251230793651, 48.420796966210787 ] ] } },
{ "type": "Feature", "properties": { "OBJECTID": 3214, "StreetName1": "QUADRA ST", "StreetName2": "MCCLURE ST", "Intersection": "MCCLURE ST & QUADRA ST", "Jurisdiction": "COV", "POINT_X": 473347.28440000024, "POINT_Y": 5363133.8333000001 }, "geometry": { "type": "MultiPoint", "coordinates": [ [ -123.360251230793651, 48.420796966210787 ] ] } },
{ "type": "Feature", "properties": { "OBJECTID": 3223, "StreetName1": "ALDER ST", "StreetName2": "REED ST", "Intersection": "ALDER ST & REED ST", "Jurisdiction": "COV", "POINT_X": 472930.40610000025, "POINT_Y": 5365990.6908 }, "geometry": { "type": "MultiPoint", "coordinates": [ [ -123.366070186029205, 48.446480398874257 ] ] } },
{ "type": "Feature", "properties": { "OBJECTID": 3224, "StreetName1": "ALDER ST", "StreetName2": "REED ST", "Intersection": "REED ST & ALDER ST", "Jurisdiction": "COV", "POINT_X": 472930.40610000025, "POINT_Y": 5365990.6908 }, "geometry": { "type": "MultiPoint", "coordinates": [ [ -123.366070186029205, 48.446480398874257 ] ] } },
{ "type": "Feature", "properties": { "OBJECTID": 3225, "StreetName1": "RUSSELL ST", "StreetName2": "SKINNER ST", "Intersection": "SKINNER ST & RUSSELL ST", "Jurisdiction": "COV", "POINT_X": 471361.64659999963, "POINT_Y": 5364794.2352000009 }, "geometry": { "type": "MultiPoint", "coordinates": [ [ -123.387201805638199, 48.435647306101046 ] ] } },
{ "type": "Feature", "properties": { "OBJECTID": 3226, "StreetName1": "RUSSELL ST", "StreetName2": "SKINNER ST", "Intersection": "RUSSELL ST & SKINNER ST", "Jurisdiction": "COV", "POINT_X": 471361.64659999963, "POINT_Y": 5364794.2352000009 }, "geometry": { "type": "MultiPoint", "coordinates": [ [ -123.387201805638199, 48.435647306101046 ] ] } },
{ "type": "Feature", "properties": { "OBJECTID": 3227, "StreetName1": "COOK ST", "StreetName2": "MASON ST", "Intersection": "COOK ST & MASON ST", "Jurisdiction": "COV", "POINT_X": 473871.43379999977, "POINT_Y": 5363902.8595000003 }, "geometry": { "type": "MultiPoint", "coordinates": [ [ -123.353217574143159, 48.427752308124646 ] ] } },
{ "type": "Feature", "properties": { "OBJECTID": 3228, "StreetName1": "COOK ST", "StreetName2": "MASON ST", "Intersection": "MASON ST & COOK ST", "Jurisdiction": "COV", "POINT_X": 473871.43379999977, "POINT_Y": 5363902.8595000003 }, "geometry": { "type": "MultiPoint", "coordinates": [ [ -123.353217574143159, 48.427752308124646 ] ] } },
{ "type": "Feature", "properties": { "OBJECTID": 3229, "StreetName1": "BROWNING ST", "StreetName2": "NORTH DAIRY RD", "Intersection": "NORTH DAIRY RD & BROWNING ST", "Jurisdiction": "COV", "POINT_X": 475271.18960000016, "POINT_Y": 5366168.5348000005 }, "geometry": { "type": "MultiPoint", "coordinates": [ [ -123.334427475160325, 48.448176674949835 ] ] } },
{ "type": "Feature", "properties": { "OBJECTID": 3230, "StreetName1": "BROWNING ST", "StreetName2": "NORTH DAIRY RD", "Intersection": "BROWNING ST & NORTH DAIRY RD", "Jurisdiction": "COV", "POINT_X": 475271.18960000016, "POINT_Y": 5366168.5348000005 }, "geometry": { "type": "MultiPoint", "coordinates": [ [ -123.334427475160325, 48.448176674949835 ] ] } },
{ "type": "Feature", "properties": { "OBJECTID": 3231, "StreetName1": "NORTH DAIRY RD", "StreetName2": "SHAKESPEARE ST", "Intersection": "NORTH DAIRY RD & SHAKESPEARE ST", "Jurisdiction": "COV", "POINT_X": 474975.9411000004, "POINT_Y": 5366174.5516 }, "geometry": { "type": "MultiPoint", "coordinates": [ [ -123.33842046344931, 48.448219132524073 ] ] } },
{ "type": "Feature", "properties": { "OBJECTID": 3232, "StreetName1": "NORTH DAIRY RD", "StreetName2": "SHAKESPEARE ST", "Intersection": "SHAKESPEARE ST & NORTH DAIRY RD", "Jurisdiction": "COV", "POINT_X": 474975.9411000004, "POINT_Y": 5366174.5516 }, "geometry": { "type": "MultiPoint", "coordinates": [ [ -123.33842046344931, 48.448219132524073 ] ] } },
{ "type": "Feature", "properties": { "OBJECTID": 3233, "StreetName1": "SHERK ST", "StreetName2": "WILSON ST", "Intersection": "WILSON ST & SHERK ST", "Jurisdiction": "COV", "POINT_X": 471138.32739999983, "POINT_Y": 5364454.6788 }, "geometry": { "type": "MultiPoint", "coordinates": [ [ -123.39019758715331, 48.432582357991933 ] ] } },
{ "type": "Feature", "properties": { "OBJECTID": 3234, "StreetName1": "SHERK ST", "StreetName2": "WILSON ST", "Intersection": "SHERK ST & WILSON ST", "Jurisdiction": "COV", "POINT_X": 471138.32739999983, "POINT_Y": 5364454.6788 }, "geometry": { "type": "MultiPoint", "coordinates": [ [ -123.39019758715331, 48.432582357991933 ] ] } },
{ "type": "Feature", "properties": { "OBJECTID": 3235, "StreetName1": "COLLINSON ST", "StreetName2": "QUADRA ST", "Intersection": "COLLINSON ST & QUADRA ST", "Jurisdiction": "COV", "POINT_X": 473340.44969999976, "POINT_Y": 5363039.2464000005 }, "geometry": { "type": "MultiPoint", "coordinates": [ [ -123.360337591964353, 48.419945740260829 ] ] } },
{ "type": "Feature", "properties": { "OBJECTID": 3236, "StreetName1": "COLLINSON ST", "StreetName2": "QUADRA ST", "Intersection": "QUADRA ST & COLLINSON ST", "Jurisdiction": "COV", "POINT_X": 473340.44969999976, "POINT_Y": 5363039.2464000005 }, "geometry": { "type": "MultiPoint", "coordinates": [ [ -123.360337591964353, 48.419945740260829 ] ] } },
{ "type": "Feature", "properties": { "OBJECTID": 3247, "StreetName1": "ROCKLAND AVE", "StreetName2": "PENTRELEW PL", "Intersection": "ROCKLAND AVE & PENTRELEW PL", "Jurisdiction": "COV", "POINT_X": 474136.2304, "POINT_Y": 5363159.8981999997 }, "geometry": { "type": "MultiPoint", "coordinates": [ [ -123.349589713792227, 48.421064344209888 ] ] } },
{ "type": "Feature", "properties": { "OBJECTID": 3248, "StreetName1": "PENTRELEW PL", "StreetName2": "ROCKLAND AVE", "Intersection": "PENTRELEW PL & ROCKLAND AVE", "Jurisdiction": "COV", "POINT_X": 474136.2304, "POINT_Y": 5363159.8981999997 }, "geometry": { "type": "MultiPoint", "coordinates": [ [ -123.349589713792227, 48.421064344209888 ] ] } },
{ "type": "Feature", "properties": { "OBJECTID": 3249, "StreetName1": "CHATHAM ST", "StreetName2": "DOUGLAS ST", "Intersection": "CHATHAM ST & DOUGLAS ST", "Jurisdiction": "COV", "POINT_X": 473035.5019, "POINT_Y": 5364280.6393 }, "geometry": { "type": "MultiPoint", "coordinates": [ [ -123.364538946423707, 48.431100748160723 ] ] } },
{ "type": "Feature", "properties": { "OBJECTID": 3250, "StreetName1": "CHATHAM ST", "StreetName2": "DOUGLAS ST", "Intersection": "DOUGLAS ST & CHATHAM ST", "Jurisdiction": "COV", "POINT_X": 473035.5019, "POINT_Y": 5364280.6393 }, "geometry": { "type": "MultiPoint", "coordinates": [ [ -123.364538946423707, 48.431100748160723 ] ] } },
{ "type": "Feature", "properties": { "OBJECTID": 3251, "StreetName1": "DALLAS RD", "StreetName2": "MEMORIAL CRES", "Intersection": "DALLAS RD & MEMORIAL CRES", "Jurisdiction": "COV", "POINT_X": null, "POINT_Y": null }, "geometry": { "type": "MultiPoint", "coordinates": [ [ -123.344484910572703, 48.408912138351951 ] ] } },
{ "type": "Feature", "properties": { "OBJECTID": 3252, "StreetName1": "MEMORIAL CRES", "StreetName2": "DALLAS RD", "Intersection": "MEMORIAL CRES & DALLAS RD", "Jurisdiction": "COV", "POINT_X": null, "POINT_Y": null }, "geometry": { "type": "MultiPoint", "coordinates": [ [ -123.344484910572703, 48.408912138351951 ] ] } },
{ "type": "Feature", "properties": { "OBJECTID": 3253, "StreetName1": "DALLAS RD", "StreetName2": "DOUGLAS ST", "Intersection": "DALLAS RD & DOUGLAS ST (SE)", "Jurisdiction": "COV", "POINT_X": null, "POINT_Y": null }, "geometry": { "type": "MultiPoint", "coordinates": [ [ -123.367728183958988, 48.409196441521956 ] ] } },
{ "type": "Feature", "properties": { "OBJECTID": 3254, "StreetName1": "DOUGLAS ST", "StreetName2": "DALLAS RD", "Intersection": "DOUGLAS ST & DALLAS RD (SE)", "Jurisdiction": "COV", "POINT_X": null, "POINT_Y": null }, "geometry": { "type": "MultiPoint", "coordinates": [ [ -123.367728183958988, 48.409196441521956 ] ] } }
]
}
